customer_id,customer_name,email,country,signup_date,customer_segment,lifetime_value
1,Jeffrey Daniels,cheryl80@example.net,Svalbard & Jan Mayen Islands,2022-01-08,Basic,68390.43
2,Tara Garcia,josephpreston@example.net,Micronesia,2015-07-12,Standard,41799.84
3,Douglas Clark,james48@example.com,El Salvador,2022-07-12,Basic,70633.58
4,Sarah Davis,ccalderon@example.org,Grenada,2022-10-23,Standard,39453.61
5,Mandy Green,barnold@example.net,Algeria,2019-03-22,Standard,11404.02
6,Tony Vazquez,amydavenport@example.net,Micronesia,2017-09-14,Standard,40460.14
7,Cameron Parker,nolanjason@example.org,Papua New Guinea,2022-12-08,Basic,22730.05
8,Richard Henson,vdickson@example.org,Uzbekistan,2015-08-25,Premium,34861.13
9,Sharon Cherry,nicolejohnson@example.net,Uzbekistan,2021-04-01,Standard,72592.02
10,Timothy Pham,josephcobb@example.org,Hong Kong,2017-11-10,Standard,29284.32
11,Shannon Walker,ybailey@example.org,Czech Republic,2025-05-05,Standard,48591.26
12,Corey Murphy,rasmussenjoshua@example.net,Malawi,2021-01-02,Standard,27988.04
13,William Herrera,wilsontara@example.org,Mozambique,2018-01-04,Basic,14488.5
14,Deborah Rodriguez,yreed@example.com,Jordan,2015-06-11,Standard,45471.47
15,Kayla Cruz,jonathanfletcher@example.org,Mali,2023-07-17,Basic,14315.21
16,Kimberly Ball,michaeljones@example.net,Uruguay,2017-06-07,Standard,50440.93
17,Erik Charles,william65@example.com,Qatar,2018-09-25,Standard,65243.17
18,Cameron Fisher,lbyrd@example.net,Montenegro,2017-05-17,Standard,68197.31
19,Joshua Smith,jason99@example.net,Gibraltar,2016-04-25,Basic,72165.3
20,Jeremy Lewis,yleon@example.net,Chile,2025-04-03,Basic,56636.22
21,Diane Beck,clarence34@example.org,Sri Lanka,2017-04-17,Standard,45429.01
22,Alexander Sanchez,xcarr@example.org,Korea,2018-08-10,Standard,18139.99
23,Mark Lee,psnyder@example.org,Palau,2020-12-25,Basic,28704.47
24,Stephanie Dalton,osbornejeffery@example.net,Maldives,2019-01-13,Standard,23304.57
25,Justin Lowery,bryantlaurie@example.net,Marshall Islands,2016-02-08,Standard,37421.48
26,Linda Dodson DVM,jrivas@example.com,Ukraine,2023-07-17,Basic,54250.41
27,Scott Cole,maryramirez@example.net,Libyan Arab Jamahiriya,2019-02-27,Basic,68596.2
28,Denise Jones,jimmy55@example.net,Belgium,2024-09-09,Standard,3667.23
29,David Benson,calebrussell@example.net,Lao People's Democratic Republic,2017-12-04,Standard,11157.72
30,Daniel Fisher,gateskathy@example.com,Lesotho,2023-01-28,Standard,43906.38
31,Guy Molina,vmedina@example.net,South Georgia and the South Sandwich Islands,2018-09-13,Standard,11642.75
32,Connie Robinson,ytucker@example.com,Paraguay,2017-10-03,Standard,42841.77
33,Jennifer Martin,ncalhoun@example.net,Anguilla,2022-09-06,Standard,49181.95
34,Leslie Alvarado,dayderek@example.com,Cocos (Keeling) Islands,2020-06-24,Standard,57311.21
35,James Lewis,matthew64@example.com,El Salvador,2020-07-02,Basic,48216.66
36,Julie Curry,cookemichael@example.net,Bangladesh,2018-12-13,Standard,55024.72
37,Marissa Webster,jamessmith@example.org,Dominican Republic,2020-06-23,Standard,54093.44
38,Michael Elliott,stevenscott@example.com,Chad,2022-03-13,Standard,66730.0
39,Tracey Higgins,tamirodriguez@example.org,Vanuatu,2024-05-29,Basic,39414.85
40,Michael Rubio,mdavid@example.org,Nauru,2022-06-30,Basic,70902.81
41,Lori Garcia,melissa91@example.net,Slovenia,2016-07-17,Premium,727.19
42,Joseph Stanley,huntermatthew@example.com,Swaziland,2022-12-06,Basic,17549.65
43,Jeffrey Cox PhD,bzimmerman@example.org,Saint Martin,2020-02-11,Standard,16599.3
44,Marie Gilbert,umarshall@example.net,Ethiopia,2022-06-24,Standard,46433.18
45,David Michael,nicole37@example.net,New Zealand,2022-05-24,Basic,68478.17
46,Gabrielle Snyder,hunter35@example.com,Guam,2021-03-09,Standard,744.27
47,Kyle Beard,blackjames@example.org,Saint Helena,2023-02-06,Standard,1500.28
48,Justin Allen,fbrewer@example.com,Somalia,2015-03-12,Standard,73316.58
49,Edward Sullivan,kevinperkins@example.com,Micronesia,2019-10-30,Standard,52414.97
50,Jessica Reese,michael74@example.com,El Salvador,2016-03-14,Basic,68255.56
51,Nathan Stewart,jamesrodgers@example.com,Saint Kitts and Nevis,2017-09-14,Basic,39447.81
52,Paige Carlson,wallkenneth@example.com,Christmas Island,2024-02-22,Standard,39602.58
53,Michael Martinez,mccannangela@example.net,Western Sahara,2015-11-20,Standard,59671.49
54,Sean Henry,andrewstaylor@example.com,Guam,2021-05-03,Standard,30600.55
55,Anthony Everett,ewilson@example.com,Liechtenstein,2018-05-13,Standard,52368.41
56,Mark Brown,lisaavery@example.org,Egypt,2022-05-01,Standard,63628.07
57,Phillip Obrien,kimberlyjames@example.com,French Southern Territories,2015-05-10,Basic,48829.61
58,Wanda Torres,lynchjody@example.org,Niue,2021-03-13,Premium,28599.99
59,Matthew Moore,andreamoore@example.com,Korea,2022-11-18,Standard,47846.92
60,Julie Johnson,jasmine71@example.net,Djibouti,2019-11-13,Standard,37614.41
61,Rachel Weber,ronaldstephens@example.net,Canada,2025-12-17,Standard,25012.48
62,Samantha Jones,lauralarson@example.net,Uruguay,2020-12-03,Basic,7378.3
63,Caleb Barker,gbender@example.net,Lithuania,2025-02-08,Basic,17425.05
64,Kyle Preston,cassandra01@example.org,Peru,2020-05-01,Basic,66594.68
65,Laura Sampson,barbara27@example.net,Pakistan,2022-09-04,Standard,69330.91
66,Donald Shea,fwalters@example.org,Latvia,2021-04-27,Basic,67473.55
67,Gary Santiago,marksteele@example.com,Panama,2024-07-15,Standard,13656.75
68,Robin Pierce,qmiller@example.com,Brazil,2021-08-01,Standard,72119.82
69,Jennifer Robertson,sandovalamy@example.com,Austria,2024-03-16,Premium,61596.63
70,Isaiah Avila,nwolf@example.com,Mexico,2016-10-27,Standard,6001.08
71,Dwayne Gilmore,omartinez@example.net,South Georgia and the South Sandwich Islands,2024-07-11,Standard,42610.52
72,Christopher Pierce,hdavis@example.com,Yemen,2018-09-20,Standard,67265.3
73,Ronnie Jimenez,william46@example.com,Latvia,2023-11-12,Standard,55545.95
74,Juan Reyes,michellehill@example.com,Guam,2020-08-13,Basic,54381.23
75,Katie Hoover,jessica99@example.net,Liechtenstein,2016-02-05,Basic,26103.0
76,Jill Washington,andrea86@example.com,Venezuela,2018-10-27,Standard,62940.93
77,Colin Terry,xhall@example.com,Aruba,2021-09-05,Standard,46136.43
78,John Mcintyre,qhughes@example.net,Canada,2015-05-02,Standard,58073.23
79,Andrew Shaw MD,sawyerscott@example.net,United States Minor Outlying Islands,2020-01-20,Standard,58820.22
80,Nathan Ortiz,charlesharrington@example.com,Guadeloupe,2025-07-21,Standard,26846.89
81,Jennifer Miller,melissa86@example.com,Niue,2021-07-27,Standard,14133.9
82,Olivia Brennan,williamsonjimmy@example.net,Uruguay,2021-12-08,Standard,6655.64
83,Darren Davis,hodgesjane@example.org,Kenya,2015-10-29,Standard,18672.12
84,Elijah Johnson,laura45@example.com,Jersey,2022-12-25,Premium,11778.02
85,Joseph Knight,georgemiller@example.com,Niger,2019-05-15,Basic,11782.2
86,Kathleen Aguilar,stevenking@example.com,Papua New Guinea,2015-01-22,Standard,8214.68
87,Robert Santana,charleslandry@example.net,French Southern Territories,2023-07-16,Basic,33494.01
88,Jessica Wright,james67@example.org,Dominica,2017-02-06,Standard,10154.9
89,Ian Phillips,andrew64@example.org,Mongolia,2020-09-29,Standard,41884.63
90,Paula Beltran,swall@example.org,New Caledonia,2018-12-20,Standard,2213.08
91,Colleen Lee,erica21@example.net,Oman,2023-10-19,Standard,44870.11
92,Richard Johnson,jessica14@example.com,San Marino,2018-04-10,Standard,29046.53
93,Curtis Buchanan,alyssa42@example.com,United States Minor Outlying Islands,2023-02-16,Standard,58492.89
94,Karen Drake,linda71@example.org,Saudi Arabia,2025-12-20,Basic,67914.27
95,Shannon Ramsey,zcoffey@example.net,Haiti,2022-09-08,Standard,39202.56
96,James Baker,gibsonemily@example.net,Estonia,2018-05-18,Standard,10628.29
97,Samantha Bentley,leonardthomas@example.net,Turks and Caicos Islands,2016-11-15,Standard,11158.63
98,Erin Bishop,reidsteven@example.net,Gabon,2020-06-06,Standard,31727.4
99,Audrey Williams,torrestravis@example.org,Dominica,2025-08-03,Basic,27244.09
100,Brandy Chavez,umatthews@example.org,Turks and Caicos Islands,2021-08-29,Standard,46971.27
101,Brett Burns,rcrosby@example.org,Portugal,2016-07-08,Standard,34475.16
102,Jeremy Sampson,cory58@example.net,Guinea-Bissau,2018-09-22,Standard,71174.55
103,Donald Donaldson,ndavis@example.net,Northern Mariana Islands,2024-09-01,Basic,28646.77
104,Alison Buchanan,vanessabuchanan@example.org,Bangladesh,2024-02-23,Standard,25271.53
105,Kristen Willis,markhernandez@example.net,Afghanistan,2021-08-31,Basic,48915.01
106,William Huerta,lauren10@example.org,American Samoa,2025-08-16,Premium,24219.72
107,Richard Chapman,thompsonbrian@example.net,Italy,2016-12-28,Standard,36055.98
108,Nichole Alvarez,william17@example.net,Cyprus,2018-04-08,Basic,72662.21
109,Amanda Logan,stephen00@example.com,Tanzania,2025-11-07,Basic,47559.46
110,Michael Henry,fjones@example.com,New Caledonia,2019-03-21,Standard,18371.22
111,Cameron Weber,oscar98@example.com,Korea,2019-02-04,Standard,58993.52
112,Jessica Mcguire,farrelldebra@example.net,Saint Helena,2021-08-22,Premium,42397.83
113,Jessica Beasley,dmorgan@example.com,Israel,2023-08-11,Basic,13699.56
114,Emily Edwards,nicholas27@example.org,Bermuda,2020-03-05,Standard,71487.09
115,Anna Davis,lisa80@example.net,Zimbabwe,2023-12-12,Basic,15921.22
116,Erin Martinez,morgan60@example.com,Netherlands Antilles,2024-03-08,Standard,52039.44
117,Brian Romero,dianewalker@example.org,Guernsey,2022-07-19,Basic,59679.66
118,Holly Farmer,lindsaybruce@example.net,Nicaragua,2017-09-18,Standard,47591.87
119,Kristin Lynch,anthony44@example.com,Guernsey,2019-09-30,Standard,11772.21
120,Sergio Knight,vjones@example.net,Antarctica (the territory South of 60 deg S),2021-09-15,Basic,5778.89
121,Joseph Bennett,xpeterson@example.com,Saint Helena,2020-09-06,Standard,30210.18
122,Todd Carlson,moorekaren@example.org,Peru,2019-09-10,Basic,65255.12
123,Jeremy Coleman,nperry@example.net,Brazil,2019-01-12,Standard,59356.39
124,Brian Gregory,trose@example.org,Cyprus,2021-08-29,Basic,60969.2
125,Kyle Smith,sierra24@example.com,Greece,2023-08-16,Standard,6602.4
126,Jonathan Jordan,omarpadilla@example.net,Monaco,2016-11-12,Standard,49935.87
127,Renee Jones,grahamsteve@example.org,Tokelau,2022-03-27,Standard,3561.18
128,Jeffrey Sullivan,zroberts@example.org,Greece,2023-06-10,Standard,30121.43
129,Travis Stevens,christopher13@example.com,Namibia,2016-03-09,Standard,59768.27
130,Blake Harrell,jeffrey21@example.net,North Macedonia,2020-09-22,Premium,19590.69
131,Jordan Bullock,michael23@example.org,Cameroon,2022-09-17,Basic,41960.01
132,Christopher Hernandez,thompsonkendra@example.com,Kyrgyz Republic,2019-05-22,Standard,33571.95
133,Olivia Cole,michelle52@example.com,Bangladesh,2022-09-29,Standard,51046.77
134,Mark Hogan,bellcharles@example.com,Korea,2015-04-11,Standard,26036.31
135,Jacob Mitchell,gilbertwilliam@example.com,Mozambique,2025-04-28,Standard,22333.56
136,Rebecca Huang,kstout@example.net,Comoros,2025-07-20,Basic,8926.18
137,John Hernandez,hayeslisa@example.com,Rwanda,2018-11-06,Basic,26287.57
138,Matthew Williams,hritter@example.net,New Zealand,2020-06-01,Standard,15713.33
139,Jake Campbell,rschroeder@example.net,Austria,2023-02-05,Standard,7547.32
140,Maria Jones,grantpaul@example.com,Saint Kitts and Nevis,2018-05-14,Standard,24088.48
141,Tracey Morrison,mathewaguilar@example.org,United States Virgin Islands,2015-04-03,Premium,53380.73
142,Walter Hale,tanderson@example.org,Georgia,2022-08-05,Basic,48685.75
143,Maria Murphy,elizabethcalderon@example.net,Poland,2023-04-22,Basic,69761.7
144,Anna Santiago,andrew42@example.org,Guam,2016-10-17,Standard,13290.38
145,Katelyn Perez,ericphillips@example.org,Madagascar,2020-03-07,Standard,32121.11
146,Sandy Stephenson,stanleynancy@example.net,Bulgaria,2017-01-25,Standard,30527.3
147,Brittany White,jenniferwilliams@example.com,Philippines,2019-06-09,Standard,49383.77
148,Tracy Bishop,pyoung@example.com,Sudan,2017-03-19,Premium,46154.49
149,Stephanie Lee,smurray@example.com,Macao,2015-01-19,Standard,32359.07
150,Tracy Montoya,moniquewilliams@example.com,Tunisia,2023-06-09,Basic,15632.39
151,Timothy Dawson,mitchellkathryn@example.com,Korea,2021-06-22,Basic,59751.6
152,Brittany Kim,lisawilkerson@example.org,Israel,2017-02-04,Premium,65430.45
153,Jonathan Young,brooksanthony@example.org,Taiwan,2016-04-11,Standard,14981.3
154,Gabriela Thomas,mitchellmaria@example.net,Switzerland,2020-12-01,Standard,64732.08
155,Michael West,bullockandrew@example.org,Syrian Arab Republic,2019-05-11,Basic,23676.96
156,Todd Lynch,srodriguez@example.org,Gabon,2018-11-26,Standard,44128.6
157,David Fowler,fbrown@example.net,Mauritania,2016-12-07,Standard,34475.08
158,Jose Allen,kellysmith@example.com,Dominican Republic,2018-05-03,Basic,53022.63
159,Chelsea Barnett,carlos88@example.net,Solomon Islands,2022-07-15,Basic,44365.09
160,Kristen Myers DDS,qzavala@example.net,Andorra,2018-06-04,Premium,9060.16
161,Austin Allen,ingramjill@example.com,Burkina Faso,2016-08-02,Premium,28154.63
162,Joshua Li,mariacohen@example.net,Lesotho,2016-07-18,Standard,31513.37
163,Robin Brown,mjohnson@example.org,Somalia,2020-06-16,Standard,31872.15
164,Andrew Mahoney,ihays@example.com,El Salvador,2022-03-27,Standard,52084.11
165,Matthew Mitchell,glennmartin@example.org,South Georgia and the South Sandwich Islands,2016-11-14,Basic,13199.3
166,Steve Paul,lmorgan@example.com,Puerto Rico,2018-07-12,Standard,10737.17
167,Tim Stone PhD,mmiller@example.org,Mayotte,2024-09-15,Basic,46550.9
168,Brian Murphy,kirk96@example.org,Portugal,2016-07-13,Standard,966.36
169,Jeremy Acosta,christina64@example.net,Somalia,2021-04-19,Standard,28949.83
170,Angela Walsh,william20@example.org,Thailand,2022-09-05,Standard,37249.0
171,Rachael Johnson,youngdeanna@example.com,Hungary,2019-12-24,Standard,53333.14
172,Amanda Hernandez,xrush@example.com,Serbia,2015-05-07,Standard,6429.63
173,Chad Richardson,debra31@example.org,Saint Pierre and Miquelon,2015-05-14,Basic,16734.58
174,Joseph Mcintyre,greenjorge@example.com,Croatia,2016-11-19,Standard,40436.24
175,Donna Hendricks DDS,taylorcharles@example.org,United Arab Emirates,2023-08-31,Basic,42532.37
176,Yolanda Cochran,elizabeth18@example.net,French Guiana,2016-04-08,Basic,41342.03
177,Sarah Joseph,laurahicks@example.org,Cook Islands,2021-02-02,Standard,20274.7
178,Cynthia Snyder,angela57@example.net,Bulgaria,2024-03-23,Basic,27672.92
179,Angelica Parker,xfox@example.com,Swaziland,2019-12-13,Basic,57060.31
180,Beth Stewart,coleerin@example.com,Brunei Darussalam,2016-02-24,Standard,74235.74
181,Penny Bowman,katrinaanderson@example.net,United States Minor Outlying Islands,2017-10-10,Basic,49111.96
182,Sandra Holmes,fred53@example.com,Yemen,2020-01-17,Standard,74948.62
183,Stephanie Singleton,james84@example.org,Niue,2015-12-23,Standard,64699.42
184,Joseph Shaw,brittanycarpenter@example.org,Palestinian Territory,2023-09-12,Standard,74548.34
185,Stephanie Morgan,bryananthony@example.org,Yemen,2023-04-10,Basic,15938.39
186,Laura Curtis,bmontgomery@example.com,Tuvalu,2022-12-21,Standard,26459.66
187,Donna Frye,zsanchez@example.net,Iraq,2021-11-28,Standard,32255.49
188,Benjamin Brown,dperry@example.org,Guam,2017-04-27,Premium,15694.82
189,Emily Higgins,theresa25@example.net,Monaco,2020-12-20,Basic,42863.06
190,David Martinez,gwright@example.org,French Guiana,2018-08-18,Standard,40522.95
191,Sharon Barnes,lisapeck@example.net,Germany,2021-06-03,Basic,22124.44
192,Christopher Ferrell,tjimenez@example.com,Angola,2025-02-04,Standard,64386.76
193,James Bryant,jasongomez@example.org,Finland,2025-10-18,Standard,7368.08
194,Stephen Pena MD,booneryan@example.com,Saint Lucia,2015-08-31,Basic,31016.82
195,Jamie Williams,hudsonjames@example.net,France,2016-06-03,Basic,65061.81
196,Jonathan Duran,marcia99@example.org,Brunei Darussalam,2016-08-22,Basic,10168.64
197,Jennifer Norton,angela52@example.org,Netherlands,2023-07-16,Basic,62179.01
198,Kathryn Williams,jenniferbrock@example.net,Korea,2016-08-05,Basic,29604.38
199,Steven Taylor,francisco94@example.net,Guadeloupe,2019-08-24,Standard,20336.61
200,Katrina Burns,thomas05@example.com,Peru,2023-11-29,Standard,5894.84
201,Jason Parker,carlsonjoseph@example.net,Slovenia,2020-10-12,Basic,7208.84
202,Laura Perez,silvageorge@example.net,Saint Helena,2024-11-02,Basic,52179.1
203,Sarah Hernandez,anthonyvaughan@example.org,Comoros,2018-09-02,Standard,71281.49
204,Erik Hernandez,roberthampton@example.com,Tunisia,2024-07-01,Standard,65200.86
205,Monica Thornton,annbolton@example.com,Malta,2020-02-21,Basic,54887.16
206,Tyler Stevens,amy49@example.com,Congo,2024-07-14,Standard,52372.35
207,Diana Evans,kellie37@example.com,Lesotho,2017-06-11,Premium,40198.23
208,Timothy Pope,keith98@example.com,Ukraine,2020-07-19,Basic,61907.36
209,Sabrina Blevins,kellyroberts@example.net,Belgium,2018-10-15,Standard,62168.69
210,Jeremy Scott,ilewis@example.com,Venezuela,2024-07-23,Standard,10011.92
211,Denise Rodriguez,johnsantiago@example.net,Czech Republic,2022-08-27,Standard,25944.54
212,Amy Gutierrez,xgarcia@example.org,Albania,2022-01-08,Basic,3684.23
213,Vanessa Moore,mwoods@example.com,Gibraltar,2016-05-23,Basic,34603.74
214,Anthony Mack,amandasharp@example.org,United States Minor Outlying Islands,2020-02-13,Basic,12059.27
215,Jennifer Monroe,osbornrandy@example.com,Colombia,2017-04-08,Premium,71862.87
216,Tonya Howe,smithashley@example.org,Vanuatu,2024-11-22,Basic,68228.19
217,Mrs. Virginia Daniels,ismall@example.net,Lao People's Democratic Republic,2025-06-17,Standard,12133.57
218,Robert Rivera,twong@example.org,American Samoa,2019-01-16,Basic,7227.16
219,Rachel Bradley,gregorychase@example.com,Sweden,2025-02-18,Standard,28045.32
220,Garrett Morales,lopezdonald@example.com,Vietnam,2022-01-06,Standard,4121.1
221,Dean Young,stephanie49@example.net,Montserrat,2017-08-17,Standard,52533.24
222,Matthew Schwartz,contrerassteven@example.org,Iraq,2016-01-25,Standard,7067.14
223,Tammy Barron,hannah45@example.net,Cyprus,2016-06-27,Premium,35891.3
224,Casey Hernandez,robert87@example.net,Spain,2019-12-28,Standard,39078.46
225,Colleen Wright,foxallison@example.com,Belarus,2024-02-29,Premium,52245.88
226,Ashley Poole,ashleyhernandez@example.com,Timor-Leste,2022-10-13,Premium,64560.44
227,Audrey Harris,gdavis@example.com,Sudan,2019-04-19,Premium,5544.42
228,Carlos Perry,hansenemily@example.com,Saint Kitts and Nevis,2016-02-27,Premium,60495.27
229,David Smith,bethwilliams@example.com,Reunion,2016-07-15,Standard,66103.93
230,Zachary Michael,andersenthomas@example.com,Ireland,2024-10-21,Standard,61049.25
231,Chad May,ybrooks@example.com,Trinidad and Tobago,2016-08-08,Premium,74472.28
232,Jamie Miller,desireebailey@example.org,Mauritania,2021-11-04,Premium,42356.02
233,Cameron Irwin,avilatiffany@example.com,Peru,2023-02-07,Standard,33147.43
234,Jessica Gray,johnreed@example.com,Comoros,2025-04-25,Standard,56183.1
235,Molly Rodriguez,bmendez@example.org,Costa Rica,2024-08-23,Standard,51570.82
236,Kirk Griffin,sanchezbradley@example.com,Djibouti,2016-07-27,Standard,67270.32
237,Nicole Parsons,williamroberts@example.net,Morocco,2019-04-22,Basic,44320.65
238,Kyle Chambers,joel28@example.org,Isle of Man,2023-11-15,Standard,32346.81
239,Antonio Fry,conniesimmons@example.com,Australia,2015-12-12,Premium,20953.33
240,Teresa Powers,heather62@example.com,Honduras,2023-02-01,Standard,45174.68
241,Joshua Allen,kevinzimmerman@example.com,United States Virgin Islands,2022-09-29,Standard,58477.98
242,Jason Butler,paulscott@example.com,Oman,2024-10-27,Premium,63568.48
243,Jerry Watson,brettbennett@example.net,Netherlands,2020-09-18,Standard,38951.75
244,Benjamin Ballard,timothybooth@example.com,Gabon,2022-03-31,Standard,29533.39
245,Alexis Giles,burgesskaren@example.org,Qatar,2025-09-15,Premium,67368.96
246,Christine Herman,kimberly67@example.net,Pakistan,2017-09-14,Standard,29094.95
247,Dennis Hunt,zowens@example.net,Latvia,2020-12-03,Standard,44646.25
248,Erica Harris,robert93@example.net,Cameroon,2019-01-19,Basic,1152.01
249,Juan Silva,mphillips@example.com,Denmark,2024-08-26,Basic,10115.72
250,Roy Porter,jonathan77@example.com,Chile,2021-02-15,Basic,31709.55
251,Heather Taylor,iwhite@example.net,Bahamas,2025-09-14,Standard,57263.76
252,Sara Jones,duranrobert@example.net,Djibouti,2021-08-02,Basic,5706.14
253,Chris Robinson,nbrooks@example.net,Papua New Guinea,2015-06-13,Premium,19848.35
254,Susan Hopkins,smithandrea@example.org,Andorra,2019-06-19,Basic,71163.83
255,Denise Madden,shawheidi@example.com,Sri Lanka,2020-08-14,Standard,47235.66
256,Cassie Hull,johnharvey@example.com,Suriname,2019-07-06,Basic,31912.25
257,Robert Miller,pstevens@example.net,Czech Republic,2021-11-28,Premium,40358.22
258,Ronald Miller,davisnicholas@example.net,Lebanon,2015-11-20,Standard,6498.88
259,Adam Jackson,pbruce@example.com,Mongolia,2024-01-23,Standard,15439.01
260,Valerie Jacobson,hallrachel@example.net,Tuvalu,2021-07-30,Standard,24674.58
261,Denise Glass,rachel90@example.org,Vanuatu,2022-08-21,Standard,62630.85
262,Alexis Clark,karenmarquez@example.com,Vanuatu,2019-11-27,Standard,23435.17
263,Christopher Allen,irhodes@example.com,Hungary,2015-08-26,Basic,63523.49
264,Brenda Hinton,masonterri@example.org,Bolivia,2016-04-20,Standard,69365.92
265,Ryan Peterson,unovak@example.org,North Macedonia,2018-06-20,Standard,45760.22
266,Willie Henry,angela66@example.org,Pitcairn Islands,2016-12-20,Standard,49439.41
267,Jamie Barton,lauren11@example.com,Cape Verde,2022-11-13,Premium,53165.57
268,Richard Moore,gstewart@example.org,Albania,2018-11-21,Premium,37356.87
269,Jill Juarez,andersonjacob@example.com,Moldova,2023-01-31,Standard,58778.29
270,Jennifer Johnson,angela99@example.com,Tonga,2023-05-30,Standard,28047.24
271,Edgar Hughes,hardyanita@example.org,Montserrat,2024-12-09,Basic,20340.15
272,Melissa Jackson,kevin72@example.org,Chad,2018-10-04,Premium,67517.33
273,Jason Washington,wardsheryl@example.net,Niue,2015-09-19,Basic,20580.55
274,Luis Ellis Jr.,rushmartin@example.net,Hong Kong,2022-01-14,Standard,73135.03
275,Erin Cook,kevinmorrison@example.net,Cook Islands,2019-01-15,Premium,34276.03
276,Christopher Sanders,kelly79@example.org,Greece,2016-11-14,Premium,64487.14
277,Robert Long,frederickjames@example.net,Cocos (Keeling) Islands,2016-02-26,Standard,19319.93
278,Krista Benton,nhahn@example.com,South Georgia and the South Sandwich Islands,2016-04-17,Basic,50640.5
279,Michael Fuentes,ichambers@example.net,Gabon,2015-06-30,Standard,38284.66
280,Matthew Espinoza,mjones@example.com,Myanmar,2015-07-08,Basic,1168.53
281,Jonathon Knapp,ystephens@example.com,Reunion,2016-09-06,Standard,28877.72
282,Kimberly Little,rodriguezjohn@example.net,Guinea,2015-05-25,Standard,72035.58
283,Lonnie Hart,vrasmussen@example.com,Botswana,2023-04-22,Standard,68567.59
284,David Dixon,seanmyers@example.net,Namibia,2017-10-13,Standard,17032.52
285,Brittany Cuevas,agarcia@example.org,Brazil,2018-01-16,Standard,54091.52
286,Monica Bailey,stanley38@example.com,Guernsey,2016-05-04,Basic,42972.31
287,Jeffrey Horton,carlos01@example.org,Thailand,2017-01-04,Standard,67670.09
288,Brian Marsh,zacharyarnold@example.com,Monaco,2015-07-08,Standard,38804.12
289,Joel Salinas,jacobsandoval@example.com,Antarctica (the territory South of 60 deg S),2020-03-20,Basic,5402.25
290,Sonya Cole,tprice@example.org,Costa Rica,2018-06-26,Basic,58071.18
291,Michael Flynn,lloydamanda@example.com,Greece,2015-02-02,Standard,41593.58
292,Brian Lambert,orose@example.com,Nepal,2023-10-19,Standard,22046.73
293,James Wilson,megan92@example.net,Romania,2020-03-15,Standard,46798.13
294,Tamara Lawrence,lawrenceallen@example.org,Cocos (Keeling) Islands,2023-08-31,Standard,72896.37
295,Charles Price,baileyhenderson@example.com,North Macedonia,2021-02-16,Basic,55001.63
296,Tamara Arias,angelaburns@example.org,Colombia,2015-01-27,Basic,18573.23
297,Jerry Brown,stephanie72@example.org,Suriname,2021-01-27,Basic,2037.29
298,Justin Delgado,acohen@example.net,Tajikistan,2024-11-02,Standard,63008.16
299,Christopher Cunningham,kellyhill@example.net,France,2023-07-06,Premium,25292.55
300,Jim Newton,hdunn@example.net,Brazil,2023-02-26,Standard,63713.2
301,Joshua Ritter,wolfscott@example.org,Jamaica,2017-09-02,Standard,15588.28
302,Ronald Potter,nancy07@example.com,Guernsey,2025-11-27,Standard,72098.58
303,Angie Grimes,rowejoel@example.net,Namibia,2016-01-17,Basic,53446.02
304,Shannon Bishop,imartin@example.org,Suriname,2024-06-25,Premium,17552.57
305,Anthony Bell,candice25@example.net,French Guiana,2019-03-06,Standard,52638.31
306,Derek Hodge,taylorkaren@example.com,Uruguay,2021-07-06,Standard,56155.48
307,Donald Rios,johndawson@example.org,Senegal,2024-03-12,Premium,10230.16
308,Jenna Thomas,courtney67@example.org,North Macedonia,2015-09-13,Standard,44494.21
309,Patricia Powell,heather57@example.com,Greece,2017-08-27,Standard,72325.32
310,Sheila Boone,simonstephen@example.net,Qatar,2025-05-21,Standard,63855.8
311,Arthur Ferguson,tammysummers@example.com,Ethiopia,2023-04-01,Basic,52629.24
312,Drew Kelley,ashleewashington@example.com,Uganda,2017-08-14,Standard,34093.65
313,Amber Garcia,ksmith@example.com,Korea,2023-09-30,Premium,15402.77
314,Tyler Harris,nicoleturner@example.com,Bermuda,2016-03-08,Basic,8395.72
315,Danielle Watson,brettgarrett@example.net,Reunion,2019-07-24,Standard,35087.62
316,Jessica Davis,smiththomas@example.org,Nauru,2023-08-22,Premium,27031.99
317,Michael Smith,lisa62@example.com,Barbados,2017-12-21,Standard,23296.0
318,Brandon Shaffer,edwardsnicole@example.org,Hong Kong,2024-01-21,Basic,7008.96
319,Nicole Anderson,caseyelliott@example.net,Pakistan,2022-10-25,Standard,62022.4
320,Gregory Lewis,samanthajensen@example.com,Tokelau,2024-08-09,Standard,16322.8
321,Steven Taylor,lawrencepatrick@example.com,Germany,2017-10-13,Standard,7068.16
322,Danielle Newman,angelagreene@example.net,Finland,2015-07-20,Basic,29869.27
323,Melissa Abbott,jamie98@example.org,San Marino,2016-12-13,Standard,19697.47
324,Matthew Bowers,troyrodriguez@example.com,Northern Mariana Islands,2020-01-27,Premium,30478.32
325,Kelsey Levine,sarah26@example.net,Italy,2016-01-23,Standard,41371.54
326,Michael Farmer,smithcarlos@example.com,Cuba,2016-07-26,Standard,60341.28
327,Antonio Mccormick,courtney86@example.com,Reunion,2023-10-04,Premium,4859.77
328,Martin Medina,joshuacollins@example.net,Uruguay,2024-03-27,Basic,10020.96
329,Robert Herrera,wwillis@example.net,Pitcairn Islands,2025-07-07,Standard,51549.82
330,Emily Kim,brianmiller@example.com,Brazil,2017-11-26,Standard,43778.7
331,Lee Parker,davidzimmerman@example.net,Algeria,2015-09-22,Basic,5855.29
332,Troy Mills,gary24@example.net,Turks and Caicos Islands,2024-01-28,Standard,48537.52
333,Steven Rogers,enelson@example.com,Rwanda,2024-04-20,Premium,67904.58
334,Lori Crawford,brian92@example.com,Cayman Islands,2025-07-26,Basic,9408.94
335,Brian Berry,perezwilliam@example.org,Togo,2021-06-08,Standard,12807.19
336,Dana Ruiz,lmora@example.org,Micronesia,2020-07-25,Standard,54401.21
337,Michelle Rios,marcbutler@example.net,Ghana,2016-12-08,Premium,51320.17
338,Blake Watson,whitelinda@example.org,Zimbabwe,2018-01-31,Standard,68145.74
339,Shawn Cline,mark87@example.org,Heard Island and McDonald Islands,2015-05-22,Standard,66285.93
340,Justin Torres,stevenvargas@example.com,Sierra Leone,2022-04-05,Standard,46369.04
341,Morgan Payne,edwardrandolph@example.org,Djibouti,2021-03-05,Standard,31046.42
342,Makayla Steele,tapiaaaron@example.net,Honduras,2019-04-18,Standard,6807.19
343,Monica Garcia,robertwoodward@example.org,Rwanda,2024-12-02,Premium,15159.47
344,Andrew Hall,xhaynes@example.com,San Marino,2023-12-30,Basic,18873.79
345,Brendan Anderson,kjones@example.org,Jordan,2019-04-16,Standard,1709.87
346,Bianca Carter,sara65@example.com,Korea,2021-02-08,Basic,27093.63
347,Benjamin Harris,moorefrank@example.com,Germany,2021-05-05,Basic,25966.55
348,Joshua Oconnell,shannonford@example.org,Bermuda,2017-01-06,Standard,29281.5
349,Michael Mckenzie,lewismelissa@example.org,Bermuda,2015-05-01,Premium,44884.45
350,Tracy Foster,byrdjorge@example.org,Antarctica (the territory South of 60 deg S),2015-08-28,Basic,58445.74
351,Sarah Hawkins,codygarcia@example.org,British Virgin Islands,2019-01-04,Basic,35508.41
352,Ronald Haas,jamesmorales@example.net,Norfolk Island,2025-12-03,Basic,74970.53
353,Angela Willis,johnsoncaleb@example.net,Kenya,2017-09-14,Standard,18777.31
354,Anna Boone,david70@example.org,Uzbekistan,2025-04-15,Standard,61267.32
355,Samantha Foster,reyesronald@example.com,Croatia,2025-08-18,Basic,57362.72
356,Denise Griffin,austinharvey@example.org,Oman,2023-12-11,Standard,63526.26
357,Jason Pierce,millerpatrick@example.com,Cook Islands,2024-06-24,Standard,70156.65
358,Rebecca Wright,mayokimberly@example.com,Lesotho,2018-07-26,Standard,17932.2
359,Kari Durham,paul20@example.com,Nepal,2025-04-01,Basic,52397.59
360,Steven Osborne,stokesthomas@example.com,Seychelles,2018-12-11,Standard,52833.1
361,Crystal Moore,dianeadams@example.net,Azerbaijan,2021-04-25,Basic,42379.58
362,Theresa Johnston,lkelly@example.org,Dominica,2024-02-02,Basic,62793.09
363,Renee Wolfe,warnermichael@example.net,Mongolia,2018-06-19,Basic,37043.95
364,Travis Copeland,lweaver@example.com,Argentina,2015-08-19,Standard,3087.79
365,David Robinson,nsmith@example.org,Sri Lanka,2020-11-26,Standard,16605.97
366,Mitchell Sellers,brian29@example.net,United States Virgin Islands,2021-11-20,Standard,25047.12
367,Brian Fox,susan56@example.net,Bolivia,2023-01-15,Standard,10004.09
368,Frank Daugherty,fconner@example.net,Ghana,2024-09-26,Standard,60231.23
369,Wayne Steele,jeffrey92@example.com,Gambia,2021-07-30,Standard,1887.99
370,Elizabeth Thompson,rushstacy@example.com,Thailand,2016-03-30,Basic,10838.54
371,Traci Johnson DDS,daniellegarcia@example.com,Cambodia,2025-10-09,Basic,64585.04
372,Blake Reed,gary15@example.com,Algeria,2022-06-05,Premium,52914.22
373,David Jones,kristin00@example.com,Kazakhstan,2018-05-21,Standard,7802.15
374,Tracy Wilkerson,wmacias@example.net,Honduras,2023-03-19,Standard,73195.59
375,John Shields,franciscojones@example.org,French Polynesia,2025-10-09,Basic,59440.23
376,Dean Garcia,george62@example.net,Belarus,2022-12-06,Standard,23966.93
377,Stephanie Davis,bbush@example.net,Chad,2025-06-01,Basic,52093.64
378,Jessica Brown,jamie36@example.net,Micronesia,2022-06-19,Standard,26922.71
379,Monica Baker,kenneth10@example.com,Montserrat,2018-06-10,Standard,13357.53
380,Katherine Brown,pattersonkelly@example.net,Niue,2016-12-28,Basic,22265.17
381,Christina Johnson,daniellerowland@example.com,Tanzania,2025-08-21,Basic,71171.91
382,Richard Ruiz,christopher86@example.org,Heard Island and McDonald Islands,2023-08-24,Standard,63844.08
383,Jaclyn Griffin,scott43@example.com,Mongolia,2021-10-03,Basic,2670.61
384,Paul Contreras,barnettlindsey@example.com,Saudi Arabia,2021-11-09,Standard,60708.32
385,Kristen Randall,rsheppard@example.com,Montserrat,2025-07-03,Standard,42524.88
386,Karen Miller,shawrachel@example.net,Philippines,2015-11-15,Standard,25004.84
387,Mrs. Tiffany Cole,teresastokes@example.org,Armenia,2016-11-18,Standard,73682.88
388,William Graham,maryscott@example.net,United States Virgin Islands,2024-03-19,Standard,72240.2
389,Angie Hawkins,melissa87@example.org,Solomon Islands,2024-12-10,Basic,48022.93
390,Laurie Harrington,perryeddie@example.net,Myanmar,2017-05-08,Standard,1101.82
391,Teresa Buckley,floydmikayla@example.com,Turkey,2017-11-17,Standard,5317.66
392,James Washington,rjohnson@example.com,Cambodia,2015-07-17,Basic,54100.92
393,Melanie Morales,vpreston@example.net,Dominica,2025-11-13,Standard,55010.69
394,John Adams,andrew44@example.com,Tajikistan,2024-11-20,Standard,31197.93
395,Michael Garcia PhD,kevinmanning@example.com,Ethiopia,2016-02-20,Standard,41065.29
396,Lisa Davis,alewis@example.net,Libyan Arab Jamahiriya,2021-06-25,Basic,59207.57
397,Sharon Nicholson,cameronmckinney@example.com,Burkina Faso,2016-10-28,Standard,51615.24
398,Kelly Carroll,jameswhitaker@example.org,Egypt,2015-05-17,Standard,59989.79
399,Anthony Ward,joshuacolon@example.net,Indonesia,2025-09-03,Standard,24074.09
400,Becky Johnson,tracy72@example.com,Namibia,2024-12-15,Premium,25800.16
401,Hailey Monroe,kaitlyn14@example.org,Hungary,2021-02-18,Standard,54965.89
402,Scott Chan,mercedesholland@example.net,Costa Rica,2018-10-16,Basic,73358.6
403,Jason Smith,wellsdavid@example.org,Netherlands Antilles,2020-05-31,Standard,46119.94
404,Courtney Franklin,jennifer46@example.com,Timor-Leste,2022-05-01,Basic,32491.42
405,David Owens,asilva@example.net,Panama,2016-10-05,Standard,66759.06
406,Sara Hoffman,kenneth17@example.org,Guadeloupe,2025-12-05,Premium,24999.32
407,Margaret Hensley MD,jacob83@example.org,Sri Lanka,2023-02-05,Standard,52365.45
408,Rhonda Powell,erin07@example.com,Eritrea,2022-05-29,Basic,40624.38
409,Jennifer Doyle,matthewreeves@example.net,Martinique,2015-07-23,Standard,18006.73
410,Karen Shepard,william28@example.org,French Polynesia,2020-07-03,Standard,41337.28
411,Carl Green,staceylam@example.net,Benin,2019-10-18,Standard,27221.96
412,Daniel Savage,vfrench@example.com,Eritrea,2022-01-04,Premium,61836.32
413,Julie Wilson,delacruzbrandy@example.net,Barbados,2015-04-16,Standard,15175.69
414,Cory Wilson,amoreno@example.org,Trinidad and Tobago,2025-12-16,Standard,47954.75
415,Brenda Gonzalez,dbenitez@example.org,Germany,2018-06-17,Premium,63321.74
416,Catherine Miller,crystal25@example.net,Azerbaijan,2025-01-13,Basic,35453.1
417,Donald Juarez,barbaramoore@example.org,Bulgaria,2021-02-06,Standard,7062.48
418,Madeline Powell,creyes@example.net,Cook Islands,2019-04-12,Standard,27983.78
419,Tiffany Mcclain,andrewsmith@example.net,Egypt,2017-12-14,Standard,33571.7
420,Shawn Collins,reyesbrianna@example.org,Bahrain,2024-05-21,Standard,19939.21
421,Elizabeth Carter,ryan25@example.com,Guinea-Bissau,2023-06-09,Standard,4857.54
422,Carmen Meadows,osmith@example.net,Bulgaria,2022-06-29,Standard,7478.52
423,Alex Wagner,richardsondebra@example.org,Honduras,2025-11-20,Standard,40723.31
424,Dawn Nichols,wheelerbrandon@example.org,Palau,2015-09-07,Basic,17256.58
425,Amber Wilson,jjames@example.com,Lebanon,2019-09-11,Basic,61425.79
426,Christine Jennings,turnerdorothy@example.net,Mali,2025-07-02,Basic,51608.33
427,Larry Taylor,huntchristine@example.com,Brazil,2020-05-04,Standard,66153.63
428,Kathleen Lynch,marie35@example.net,Ireland,2024-07-29,Standard,29761.63
429,Andrew Crawford,haleycastillo@example.org,Afghanistan,2025-02-05,Basic,37782.08
430,Brandon Rodriguez,fhernandez@example.net,Belarus,2021-12-15,Standard,42968.53
431,Ashley Scott,stephenmadden@example.com,Kyrgyz Republic,2020-01-14,Premium,71206.8
432,Robert Sawyer,michael56@example.net,Brazil,2025-11-25,Standard,73831.51
433,Peter Williams,elizabethjackson@example.com,Uganda,2015-06-24,Standard,14656.27
434,Marco Johns,watsonmatthew@example.org,Iran,2019-11-19,Standard,74123.93
435,Jesus Houston,pmarsh@example.org,Bouvet Island (Bouvetoya),2016-08-28,Standard,61736.66
436,Nicholas Jarvis,dalepruitt@example.com,Spain,2025-03-19,Basic,19527.01
437,Jessica Carr,cheryl27@example.com,Bouvet Island (Bouvetoya),2015-12-23,Basic,60598.94
438,Jessica Brown,alexander89@example.net,Mongolia,2018-08-28,Standard,29952.29
439,Tyler Marks,reynoldsjessica@example.com,Guatemala,2025-04-14,Basic,39096.69
440,Margaret Hernandez,smithsarah@example.net,Thailand,2021-12-27,Basic,59044.66
441,Jon Martin,vflores@example.com,Australia,2016-04-05,Standard,58681.0
442,Krista Gray,christianwallace@example.net,Kiribati,2021-08-05,Standard,11327.93
443,Jonathan Stewart,bmcgee@example.org,Iraq,2016-02-15,Standard,72371.17
444,Justin Smith,connersylvia@example.net,Gabon,2016-02-18,Basic,42310.61
445,Kristina Pena,xclements@example.org,Svalbard & Jan Mayen Islands,2024-11-14,Basic,65093.78
446,Jesse Castro,xmoran@example.net,Korea,2019-04-18,Standard,30964.03
447,Peter Walker,michael48@example.net,Holy See (Vatican City State),2020-04-21,Standard,43008.74
448,Amber Martin,lydianewton@example.com,Botswana,2016-08-12,Premium,20837.21
449,Craig Martinez,ylewis@example.org,Saint Barthelemy,2019-07-04,Standard,51140.76
450,Peter Williams,bartonshannon@example.net,Namibia,2018-09-19,Premium,66745.67
451,Brandy Porter,tranryan@example.net,Liberia,2020-04-30,Standard,3934.5
452,Priscilla Kent,jessicaanderson@example.com,Palestinian Territory,2015-03-24,Basic,67303.09
453,Sonya Gordon,mbarnes@example.net,Serbia,2018-06-27,Standard,59575.49
454,James Cooper,shawn22@example.com,Netherlands,2022-10-22,Standard,36998.54
455,Nicole Evans,jennifer83@example.org,Cote d'Ivoire,2017-07-22,Standard,72944.12
456,Donna Reed,tinasantos@example.org,Macao,2019-12-20,Premium,73072.9
457,Mallory Page,anna99@example.net,Russian Federation,2023-03-05,Basic,24234.91
458,Paul Skinner,natalie60@example.net,Botswana,2017-02-08,Standard,48505.22
459,Charles Santiago,josephfloyd@example.com,Pitcairn Islands,2019-07-26,Standard,68529.1
460,Ryan Vaughn,james80@example.com,Suriname,2024-09-22,Basic,57022.12
461,Luis Lowe,juliahoffman@example.org,Malawi,2023-11-16,Standard,4451.39
462,Rebecca Roberts,housepaul@example.net,Germany,2020-09-06,Standard,23506.45
463,Amy Manning,christinenorman@example.com,Switzerland,2020-11-17,Standard,58593.6
464,Mark Mckinney,kari89@example.org,Singapore,2017-02-28,Basic,2413.87
465,Cheryl Cole,lopezglenn@example.net,British Indian Ocean Territory (Chagos Archipelago),2015-08-25,Basic,15254.33
466,Jeffrey Hawkins,eugenesingleton@example.org,Greenland,2025-04-18,Standard,34369.54
467,Timothy Williams,candice94@example.com,Somalia,2019-02-17,Standard,15133.46
468,Heather Bowers,alicia28@example.org,Solomon Islands,2022-02-15,Basic,38008.2
469,Jennifer Herrera,baileynicole@example.net,Greenland,2017-09-17,Basic,51167.78
470,Edward Clements,wbarajas@example.net,Algeria,2016-12-28,Standard,44654.76
471,Gregory Allen,susanfleming@example.com,Hong Kong,2021-03-08,Basic,35725.03
472,Theresa Cruz,angel85@example.net,Spain,2025-01-11,Standard,12472.64
473,Katelyn Phillips,lukemiller@example.org,Chad,2016-01-06,Standard,62357.55
474,Patricia Ferguson,clarkcrystal@example.org,Tonga,2016-10-29,Standard,29145.78
475,Sara Harris,elucas@example.net,Poland,2017-05-27,Basic,58542.3
476,Joe Rivera,jonesgregory@example.com,Moldova,2022-08-07,Basic,48641.65
477,Roberto Bartlett,ohughes@example.com,Jersey,2020-10-03,Standard,48956.15
478,James Wilson,maychristine@example.net,Myanmar,2023-08-10,Premium,58577.7
479,Ryan Howard,robertsgina@example.net,Benin,2016-06-25,Standard,35688.77
480,Timothy James,wellsamanda@example.org,San Marino,2015-02-04,Standard,45185.36
481,Robert Gardner,kennetheaton@example.net,Oman,2025-07-29,Standard,45723.71
482,Travis Spencer,davidsmith@example.net,India,2022-03-17,Standard,72535.08
483,Theresa Torres,jason82@example.org,Colombia,2024-07-20,Standard,67187.35
484,Ruben Lee,emilybradley@example.org,Thailand,2020-03-26,Standard,19086.9
485,Wanda Dunn,robertscarlos@example.org,Congo,2021-12-29,Standard,39167.68
486,Katelyn Rivera,emilyyoung@example.com,Niger,2020-09-26,Standard,7897.83
487,Corey Tucker,christina49@example.org,Mongolia,2024-05-31,Basic,72494.79
488,Rhonda Benjamin,adamsanchez@example.org,Rwanda,2021-10-30,Standard,48638.82
489,Jessica Larsen,erinrivera@example.com,Kyrgyz Republic,2020-05-27,Standard,51409.88
490,Raymond Tucker,thompsoncatherine@example.com,Togo,2022-03-08,Premium,74129.98
491,Stephanie Gonzalez,lunapatricia@example.net,Norfolk Island,2022-05-11,Standard,20947.15
492,Kevin Sullivan,rebeccaarnold@example.net,Uganda,2018-05-08,Basic,66954.94
493,Mrs. Patricia Diaz MD,dennis88@example.org,Indonesia,2017-09-11,Standard,38917.7
494,Adam Allen,katherinetaylor@example.org,Christmas Island,2023-12-31,Basic,60455.88
495,Krystal Brennan,jillwebb@example.com,Armenia,2018-08-02,Basic,30456.36
496,John Brown,jim38@example.com,Iceland,2022-05-08,Standard,54165.92
497,Jesse Williams,dakota84@example.net,Estonia,2025-03-03,Standard,22346.45
498,Laura Bennett,pdiaz@example.org,Maldives,2015-05-25,Standard,29273.55
499,William Walker,wgomez@example.com,Somalia,2024-02-25,Standard,74607.84
500,Mr. Jonathan Taylor,jerryrobertson@example.com,Croatia,2017-06-29,Standard,54559.6
501,Christopher Guzman,guerrerorobert@example.com,Saint Helena,2020-05-02,Standard,47963.94
502,Michael Mendoza,deborahjenkins@example.org,Aruba,2020-09-08,Basic,50472.17
503,Kevin Taylor,macdonalddylan@example.org,Eritrea,2022-05-17,Standard,12956.5
504,Kellie Sullivan,johnsjessica@example.com,Yemen,2016-02-04,Basic,13789.91
505,Jerry Haney,ajackson@example.net,Cambodia,2023-02-18,Standard,55633.69
506,Samantha White,gary57@example.net,Nauru,2017-01-19,Basic,57278.14
507,James Anderson,harrismichele@example.net,Poland,2022-05-04,Basic,67494.44
508,Chase Davis,mvalenzuela@example.org,Turkey,2023-05-07,Premium,26807.43
509,Kathy Wilson,mhopkins@example.net,Sweden,2024-12-11,Basic,31680.32
510,Todd Gregory,xboyd@example.org,Qatar,2018-04-19,Standard,19726.8
511,Crystal Lang,zbell@example.net,United States of America,2015-08-08,Standard,9054.16
512,Melissa Davis,jonathancannon@example.org,Finland,2025-08-03,Basic,43872.2
513,Kimberly Scott,fletcherkristine@example.net,Mali,2017-03-07,Standard,35548.42
514,Adam Pena,robert12@example.com,Pakistan,2019-04-13,Standard,65095.46
515,Deborah Herrera,cheryl63@example.com,Micronesia,2024-10-06,Standard,31129.77
516,Karen Wood,tking@example.net,Guatemala,2017-03-31,Basic,10518.05
517,Jennifer Taylor,adkinssean@example.net,Zambia,2025-01-05,Standard,74042.57
518,Daniel Morales,lauren90@example.org,Iceland,2018-07-19,Basic,34453.46
519,Abigail Davis,thomasburke@example.org,Bahrain,2015-11-28,Basic,13731.67
520,Jacob Lynch,zarias@example.net,Palau,2016-12-25,Standard,47419.7
521,Michelle Harper,daniellegonzales@example.org,Thailand,2020-01-26,Standard,4586.52
522,Regina Mitchell,bowerswilliam@example.net,Djibouti,2016-11-21,Standard,57149.2
523,Megan Ward,cantrellchristopher@example.com,Slovakia (Slovak Republic),2023-10-22,Standard,12093.03
524,Michael Sullivan,aprilmclaughlin@example.org,Uruguay,2021-11-21,Basic,6831.09
525,Duane Gallegos,michael43@example.net,Congo,2019-10-24,Standard,32348.38
526,Jared Smith,richardrodriguez@example.org,Macao,2015-06-04,Basic,28902.9
527,Travis Pratt,nancy94@example.net,Kenya,2025-08-27,Standard,54866.77
528,Kristine Carrillo,susan77@example.net,Tokelau,2024-05-05,Premium,24335.43
529,Brian Jones,ericahall@example.com,Isle of Man,2015-01-17,Standard,1589.23
530,Kelli Smith,john16@example.net,San Marino,2022-10-11,Standard,18849.53
531,Angela Velazquez,nedwards@example.net,Ethiopia,2016-02-25,Basic,23578.9
532,Paul Conrad,victorgonzalez@example.net,Dominican Republic,2016-11-15,Standard,44253.13
533,Christine Harris,marykelly@example.org,British Indian Ocean Territory (Chagos Archipelago),2025-08-20,Premium,3667.45
534,Megan Alvarado,duranamber@example.org,Thailand,2021-09-08,Standard,54655.44
535,Mr. Johnathan Galloway,travis84@example.com,Cyprus,2022-09-14,Standard,32666.48
536,Bethany Fox,imendoza@example.org,Macao,2025-02-09,Basic,25869.28
537,Scott Parsons,sbray@example.net,Kuwait,2016-11-06,Standard,56321.14
538,Adam Craig,ucarpenter@example.com,New Zealand,2019-07-11,Basic,68885.85
539,Chelsea Baker,thomas95@example.com,Colombia,2016-06-21,Premium,17018.02
540,Mr. Michael Watson PhD,shannon92@example.net,Poland,2020-08-28,Standard,1888.02
541,Brett Nelson,angelachase@example.org,Cameroon,2022-04-18,Standard,27652.71
542,Nancy Kennedy,thompsonvictor@example.net,Maldives,2022-03-07,Basic,28295.63
543,Emily Tucker,anna90@example.com,Bolivia,2015-07-19,Standard,40221.32
544,Amy Cervantes,gcombs@example.com,Samoa,2016-03-18,Standard,3835.04
545,Isaac Castro,maurice61@example.com,Trinidad and Tobago,2022-09-26,Standard,1725.7
546,Lisa Ray,tiffanymitchell@example.com,Peru,2016-05-21,Premium,33462.49
547,Patricia Griffin,jamesjustin@example.net,Zimbabwe,2016-09-19,Standard,35711.13
548,Christopher Morton,robert99@example.com,Thailand,2015-02-08,Standard,51509.07
549,Angela Cooper,logan44@example.net,Oman,2022-06-06,Standard,49709.43
550,Stephen Norman,julie87@example.com,Chad,2022-11-10,Standard,46804.13
551,Alexander Luna,shelby13@example.org,Indonesia,2016-03-05,Premium,62341.29
552,Arthur Johns,johnsonrandy@example.org,Bosnia and Herzegovina,2018-03-03,Standard,46422.92
553,Christopher Pena,pparker@example.net,Finland,2017-03-24,Premium,8193.21
554,Cameron Rose,anthonyalvarado@example.com,Tonga,2024-04-28,Standard,58402.43
555,William Fernandez,amy28@example.org,Nauru,2022-11-21,Standard,15325.07
556,Lynn Fields,omills@example.net,Georgia,2021-02-23,Standard,12237.93
557,Karen Perez,ramosmichael@example.com,Cape Verde,2025-06-19,Standard,15775.13
558,Aaron Ochoa,mauriceharrison@example.org,Portugal,2015-02-22,Standard,17779.27
559,Theresa Woods,cannonlauren@example.net,Djibouti,2024-05-14,Standard,68039.28
560,Kimberly Lopez,kfoster@example.net,Saint Pierre and Miquelon,2025-08-24,Standard,37184.28
561,Sandra Walker,hendersonjohn@example.net,Sri Lanka,2023-02-11,Premium,38499.97
562,Denise Wong,robert12@example.org,French Guiana,2022-03-24,Basic,67882.26
563,Jesse Chavez,blopez@example.org,Australia,2018-04-27,Standard,74152.78
564,Alison Compton,joseph70@example.org,Bermuda,2024-02-13,Standard,3993.49
565,Johnny Peterson,kristi75@example.com,Qatar,2018-04-05,Standard,3198.48
566,Erin Bridges,brianrowe@example.org,Mayotte,2019-10-11,Standard,50838.3
567,Corey Skinner,hclayton@example.net,Egypt,2023-07-03,Basic,7351.14
568,William Wright,gonzalezjill@example.org,Mali,2016-07-20,Basic,973.01
569,Christine Price,sharon20@example.net,Vietnam,2019-01-04,Standard,12995.79
570,Barbara Olson,james03@example.org,Dominica,2018-01-03,Basic,71642.91
571,Erika Jackson,brenda63@example.org,Armenia,2024-02-21,Basic,7198.11
572,Melissa Barker,nathandavis@example.org,Luxembourg,2019-06-28,Standard,8758.94
573,Luke Galvan,browndeanna@example.net,Mauritania,2019-04-29,Basic,20569.52
574,Beth Hall,linda73@example.org,Portugal,2019-09-24,Standard,35998.81
575,Nathaniel King,washingtonsamuel@example.com,Mauritius,2016-04-08,Standard,59818.99
576,Cheryl Lopez,mario74@example.net,United States Virgin Islands,2025-07-27,Premium,54549.23
577,Caitlyn Schmidt,qphillips@example.net,Haiti,2025-03-21,Basic,8002.55
578,Ricardo Hunter,nicoleharvey@example.com,Singapore,2022-08-10,Standard,60219.29
579,Erica Brown,rlee@example.com,Seychelles,2023-09-27,Standard,45946.41
580,Lisa Morris,daniel81@example.org,Syrian Arab Republic,2022-09-04,Standard,2404.01
581,Cassandra Johnson,washingtoncorey@example.net,Norway,2024-12-31,Basic,54614.08
582,Mary Fox,brandon39@example.net,Barbados,2016-04-07,Premium,69049.75
583,Thomas Rios,mcdonalddanielle@example.com,Moldova,2015-09-17,Basic,33191.42
584,Stephanie Short,colonjoseph@example.org,Saint Martin,2022-11-25,Standard,23739.29
585,Eric Blackburn,garciajerry@example.com,Comoros,2023-05-04,Basic,39480.14
586,Matthew Hudson,angelagrant@example.net,Botswana,2025-12-19,Standard,42484.66
587,Laura Craig,kandrade@example.org,Mexico,2020-10-27,Basic,65517.48
588,George Moore,umahoney@example.net,Greece,2016-01-26,Standard,52618.37
589,Jennifer Schultz,charlene98@example.org,Honduras,2020-05-27,Standard,54567.23
590,Tammy King,zwest@example.org,Saint Kitts and Nevis,2019-04-26,Standard,50803.09
591,Duane Smith,victoriaturner@example.com,Cyprus,2025-01-01,Premium,62026.23
592,Ethan Ingram,samantha88@example.net,Vanuatu,2022-03-20,Basic,4328.82
593,Anna Stevens,devonrichardson@example.net,Egypt,2020-04-06,Basic,38041.18
594,Robert Davis,ncarroll@example.net,Belarus,2015-11-03,Basic,65238.82
595,Rebecca Thompson,larsonkevin@example.net,Sri Lanka,2018-09-17,Basic,24217.38
596,Angela Brown,michael66@example.org,Trinidad and Tobago,2017-07-01,Basic,4013.72
597,Nicole Atkinson,walterscrystal@example.org,Gambia,2024-02-29,Standard,28553.16
598,Emma Cunningham,wayne32@example.org,Peru,2023-12-26,Standard,34567.32
599,Jenna Griffin,walkerkeith@example.com,Cameroon,2020-08-03,Standard,6829.48
600,Bradley Duncan,kelleyjose@example.com,Macao,2020-07-30,Standard,9123.34
601,Michael Gill,fhansen@example.com,Pakistan,2019-07-11,Basic,1578.24
602,Kristina Shea,johnadams@example.com,Gibraltar,2015-01-01,Standard,41895.54
603,Laura Rodriguez,whenderson@example.org,Gibraltar,2025-10-20,Basic,59435.8
604,Matthew Carrillo,vanessajensen@example.com,Nigeria,2020-09-13,Standard,23018.7
605,Andrew Meyers,ginamoore@example.net,Timor-Leste,2020-02-12,Standard,49181.05
606,Patrick Sanchez,mistywilkins@example.org,Guam,2015-08-11,Basic,27409.85
607,Ashley Cole,riverajody@example.org,Costa Rica,2018-09-21,Basic,63362.73
608,Nicole Dunn,heatherbarnett@example.com,Myanmar,2020-04-21,Standard,46576.91
609,Kelsey Scott,campbellkristina@example.net,Faroe Islands,2020-01-28,Basic,27406.27
610,Matthew Smith,qguerrero@example.net,Guyana,2017-06-27,Premium,57009.17
611,Alicia Dillon,yhall@example.net,Russian Federation,2022-02-08,Premium,26796.64
612,Ethan Delacruz,lopezvincent@example.com,Monaco,2020-11-08,Basic,22075.77
613,Alison Wright,matthew62@example.org,Guatemala,2025-01-21,Standard,8197.59
614,Heather Turner,lisa46@example.org,Western Sahara,2023-01-15,Standard,10748.58
615,Diana Hernandez,fsandoval@example.net,Hong Kong,2017-11-07,Basic,30838.5
616,Megan Salas,robertberry@example.com,Georgia,2025-06-07,Standard,14268.87
617,Erin Daniels,denisecarpenter@example.net,South Georgia and the South Sandwich Islands,2024-03-31,Basic,16365.32
618,Charles Barker,russellstout@example.org,Palau,2016-03-17,Basic,53829.9
619,Sylvia Stewart,whitemary@example.org,Saint Lucia,2022-02-06,Basic,3725.9
620,Fernando Dudley,vturner@example.net,Venezuela,2023-08-29,Basic,44263.63
621,Brittany Lopez,jackfarmer@example.net,Nicaragua,2021-08-10,Basic,34439.74
622,Keith Hall,jerryjohnson@example.org,Portugal,2020-08-05,Basic,10314.04
623,Brandi Mathis,xjoseph@example.org,Timor-Leste,2021-03-16,Premium,55281.99
624,John Martin,antonioduran@example.org,Uzbekistan,2020-06-01,Basic,62951.5
625,Jason Newton,katherinejones@example.com,Tonga,2025-03-17,Basic,58635.84
626,Melissa Delacruz,ronaldparsons@example.net,Saint Pierre and Miquelon,2023-03-12,Standard,43496.94
627,Michelle Long,meyershannon@example.org,Turkey,2022-05-17,Basic,7990.66
628,Kelly Foster PhD,oblack@example.org,Comoros,2020-08-26,Standard,66231.52
629,James Torres,steven64@example.net,Uruguay,2021-10-30,Basic,31545.19
630,Jose Thomas,gdavis@example.org,Cocos (Keeling) Islands,2018-01-25,Basic,57237.51
631,Teresa Horton,phillipmorris@example.org,Christmas Island,2018-04-19,Standard,25878.7
632,Steven Huang,udavis@example.net,Pakistan,2019-08-18,Standard,10219.54
633,Rebecca Higgins,davisjasmin@example.net,Guyana,2020-09-29,Standard,66511.15
634,Michael Acosta,nicholasjames@example.org,United States Minor Outlying Islands,2024-08-26,Standard,52686.7
635,Seth Huffman,mistywhite@example.net,Austria,2021-03-17,Standard,55327.19
636,Eric Mack,lroberts@example.org,United Arab Emirates,2021-12-31,Standard,15266.46
637,Dale Dean,alexander77@example.net,Sri Lanka,2025-05-01,Basic,51574.19
638,Stephen Young,cchavez@example.org,Netherlands Antilles,2022-04-16,Standard,73604.83
639,Dana Kelley,brandonhernandez@example.net,Guernsey,2021-01-31,Basic,13541.5
640,Scott Estrada,mark10@example.org,Israel,2016-04-17,Standard,24348.01
641,Candace Mitchell DDS,tammycurry@example.com,Venezuela,2021-07-15,Basic,42280.45
642,Randy Morris,wwilkins@example.com,Tajikistan,2019-09-06,Standard,50120.0
643,Eileen Taylor,mark68@example.org,Qatar,2020-12-26,Standard,67066.48
644,Anthony Duncan,webbhaley@example.net,France,2024-01-24,Standard,63585.76
645,Ryan Green,sara99@example.com,Mali,2019-04-10,Premium,8208.67
646,Kathleen Morton,jeanettekrause@example.org,British Indian Ocean Territory (Chagos Archipelago),2017-03-29,Premium,50351.5
647,Mario Wilson,laurenduarte@example.com,Aruba,2018-03-19,Standard,58968.53
648,Justin Walsh,davidsonhannah@example.com,Somalia,2015-09-12,Standard,11195.52
649,Eric Pierce,wilsonmathew@example.com,Saint Kitts and Nevis,2023-06-14,Standard,22311.76
650,Toni Collier,markmorgan@example.net,Lesotho,2020-01-28,Standard,27061.51
651,Rebecca Brewer,dmoore@example.net,Ukraine,2023-04-17,Premium,65135.64
652,Richard Gutierrez,conleykevin@example.net,Philippines,2022-04-04,Standard,17016.98
653,Joshua Clark,lauren51@example.org,Fiji,2023-10-18,Standard,18010.26
654,Gina Brooks,ashleyprice@example.net,Brazil,2022-10-09,Basic,52285.61
655,Nicole Thornton,jennifer46@example.org,Luxembourg,2019-05-07,Standard,69504.74
656,Jacqueline Gallegos,javier42@example.org,Holy See (Vatican City State),2022-09-07,Standard,59161.34
657,Paula Gentry,zhunter@example.com,United Kingdom,2015-02-23,Standard,41521.31
658,Cheryl Mclean,kimberly21@example.net,Philippines,2024-09-28,Basic,15430.77
659,Christine Johnson MD,smithsarah@example.net,Thailand,2024-04-22,Basic,65291.33
660,Anita Owens,garciakatie@example.net,Georgia,2022-12-16,Standard,47625.69
661,Peter Fowler,manuellee@example.com,Martinique,2021-02-16,Standard,56694.3
662,Jeremy Wilson,ericwilson@example.net,Monaco,2023-02-17,Basic,14936.06
663,Christine Bell,joseph49@example.org,Chile,2016-12-27,Basic,22239.78
664,Louis Morgan,bwilliams@example.com,United Kingdom,2025-10-17,Basic,5816.56
665,Ashley Brown,tmyers@example.net,Uganda,2019-03-26,Standard,38660.05
666,Sara Lyons,larry38@example.org,Uzbekistan,2017-12-18,Premium,21113.64
667,Julie Anderson,tdavis@example.net,Norway,2017-11-10,Premium,43902.96
668,Julie Hall,douglashuang@example.com,United States Minor Outlying Islands,2025-07-06,Premium,35108.27
669,Clifford Stark,kristina57@example.com,Antarctica (the territory South of 60 deg S),2018-08-14,Standard,11739.33
670,Brian Mendoza,justinbailey@example.net,Brunei Darussalam,2022-01-05,Standard,58081.16
671,Jennifer Klein,nguyendebra@example.com,Martinique,2020-07-02,Standard,49726.29
672,Kevin Allen,amydickson@example.com,Bahrain,2015-10-26,Basic,41374.47
673,Robert Garza,vbradley@example.net,Puerto Rico,2017-06-19,Basic,24009.96
674,Matthew Miller,mwilson@example.com,Greece,2023-10-26,Basic,39165.32
675,Samantha Thompson,gjones@example.net,Suriname,2021-01-08,Standard,31340.86
676,Sally Murphy,davislisa@example.net,United Kingdom,2024-11-27,Standard,26367.87
677,Rhonda Sherman,shawncarter@example.net,Morocco,2019-01-17,Standard,25058.29
678,Daniel Rich,ashley46@example.net,United States Virgin Islands,2021-12-07,Standard,71285.54
679,Brandon Smith,sabbott@example.org,Heard Island and McDonald Islands,2024-03-27,Standard,74748.17
680,Tracy Smith,daniel40@example.org,Jersey,2016-04-14,Basic,48785.18
681,Jennifer Flores,bsullivan@example.net,Croatia,2025-02-21,Standard,33563.63
682,Karen Lopez,xbridges@example.com,Cape Verde,2017-09-25,Standard,68915.9
683,Shane Martinez,jonesalfred@example.net,Turks and Caicos Islands,2018-08-07,Basic,51270.71
684,Mr. William Miller,ydalton@example.net,Netherlands,2016-04-09,Standard,59766.44
685,Lisa Gibson,carnold@example.com,Guinea,2018-03-04,Standard,40632.74
686,Jeff Smith,pbradford@example.net,Macao,2023-08-22,Premium,38885.87
687,Timothy Johnston,goodashley@example.net,Heard Island and McDonald Islands,2019-12-31,Standard,60260.55
688,John Vaughn,jessicafox@example.com,Lao People's Democratic Republic,2022-04-22,Standard,22408.44
689,Kelly Bishop,thomasharmon@example.net,Belarus,2025-08-19,Standard,38663.63
690,Kimberly Riley,bergeramanda@example.org,Latvia,2023-09-03,Premium,72879.25
691,Taylor Berry,robert44@example.org,Argentina,2015-09-26,Standard,797.96
692,Linda Torres,bryan79@example.org,Montserrat,2017-05-23,Standard,47306.21
693,William Lamb,mitchellchristopher@example.net,Belarus,2016-03-01,Basic,31959.66
694,Diana Anderson,joshua40@example.net,Bouvet Island (Bouvetoya),2024-11-07,Standard,62198.96
695,Susan Stevenson,lwood@example.com,Slovenia,2022-04-02,Basic,58196.7
696,Kari Lloyd,cooperchristopher@example.org,Nepal,2022-09-11,Basic,5641.01
697,Brittany Crawford,ptownsend@example.net,Kazakhstan,2018-09-20,Standard,34577.09
698,Carol Lane,brian41@example.org,Chad,2016-12-30,Premium,5725.29
699,John Alvarez,noahthornton@example.com,Estonia,2021-06-13,Basic,41966.79
700,Seth Smith,ureyes@example.net,Pitcairn Islands,2019-07-28,Basic,68346.25
701,Anne Schmidt,stephanie69@example.net,Togo,2019-11-09,Standard,47358.74
702,Devin Lang,destiny67@example.net,San Marino,2016-04-29,Standard,29365.26
703,Michael Townsend,erica25@example.net,Algeria,2021-12-07,Standard,48196.35
704,Sandra Smith,foxgina@example.com,Cyprus,2015-07-06,Premium,56009.84
705,Darlene Johnson,brownbrooke@example.org,Zambia,2025-05-29,Basic,5676.06
706,Barbara Rosario,gatesdavid@example.net,Serbia,2022-09-10,Standard,21915.29
707,Kylie Coffey,dominguezjon@example.com,Panama,2023-08-01,Standard,6716.27
708,Margaret Livingston,kayla54@example.org,Slovakia (Slovak Republic),2024-03-21,Basic,28760.66
709,Richard Reyes,wendy44@example.org,Kazakhstan,2020-12-25,Standard,35680.58
710,William Gonzalez,fwhite@example.org,Cambodia,2023-12-08,Standard,56069.85
711,Jessica Mendez,gainesjennifer@example.org,Antigua and Barbuda,2025-10-07,Basic,41042.9
712,Kenneth King,fsmith@example.org,Palau,2024-12-12,Standard,22529.72
713,Tasha Ortega,edward56@example.net,Afghanistan,2023-03-07,Basic,59677.53
714,Teresa Henry,upowell@example.org,Mauritius,2015-02-15,Standard,71815.03
715,James Norris,imartinez@example.com,Grenada,2016-05-19,Standard,41741.46
716,Jennifer Chen,diazmelissa@example.com,Belgium,2019-06-03,Premium,43060.71
717,Paige Roberts,gregorywilliams@example.com,Panama,2018-06-02,Standard,71036.71
718,Michael Mosley,tom73@example.org,Argentina,2023-02-21,Standard,55671.93
719,Nathan Watkins,yprice@example.net,Norway,2022-03-30,Standard,31095.92
720,Joseph Flowers,blevy@example.org,Guadeloupe,2017-01-23,Basic,10898.52
721,Richard Williams,lewisdesiree@example.net,Kuwait,2017-03-06,Standard,62647.44
722,Sheila Herrera,sandyjohnson@example.org,Liechtenstein,2021-05-12,Premium,50405.6
723,Kaitlin Hardin,sanchezdeborah@example.org,China,2025-06-15,Basic,63891.23
724,Summer Hoover,bryantgeorge@example.net,Bahrain,2022-03-25,Basic,41276.62
725,Ashley Crawford,bryanharris@example.com,Sudan,2015-10-03,Standard,21976.29
726,Nancy Morales,daughertybarbara@example.org,Gibraltar,2021-07-06,Standard,15006.97
727,Rebecca Duran,matthewmartinez@example.org,Saudi Arabia,2016-06-09,Standard,24981.11
728,Michael Tran,lsanchez@example.org,Burkina Faso,2018-03-13,Standard,17781.33
729,Ryan Salazar,alexistucker@example.org,Albania,2018-07-25,Standard,67533.86
730,Brandon Pearson,robert72@example.org,Cambodia,2022-05-24,Standard,24793.87
731,Kelly Jenkins,cheryljohnson@example.org,Saint Barthelemy,2021-05-05,Standard,43916.7
732,Dr. Mark Patton MD,grantjames@example.net,Bhutan,2025-10-01,Standard,60625.56
733,Shari Hatfield,stevensims@example.org,Falkland Islands (Malvinas),2017-10-05,Standard,611.18
734,Brian Hernandez,kjimenez@example.net,Uzbekistan,2022-03-09,Basic,53486.88
735,Matthew Mitchell,nking@example.com,Aruba,2016-07-04,Standard,63048.23
736,Anthony Medina,kristenwashington@example.org,Barbados,2020-05-19,Standard,25034.33
737,Mikayla Watkins,robert53@example.org,Greece,2018-06-05,Standard,27065.93
738,David Gutierrez,nicholaswalker@example.com,Myanmar,2022-03-29,Standard,8385.24
739,Dr. Charles Reilly,xthompson@example.org,Kuwait,2024-08-18,Standard,63174.03
740,Lynn Cantrell,matthewjohnson@example.net,Bahamas,2017-03-15,Basic,66874.45
741,Brian Owens,vjackson@example.org,Turks and Caicos Islands,2015-11-10,Standard,66503.6
742,Christopher Norton,belindatran@example.org,Benin,2024-07-11,Basic,66934.86
743,Joseph Atkins,brittanyhood@example.com,American Samoa,2021-07-11,Standard,2581.77
744,Nancy Wright,ryan39@example.org,United States Minor Outlying Islands,2017-05-21,Standard,57747.72
745,Abigail Baird,esparzajessica@example.net,Antigua and Barbuda,2021-02-04,Basic,41481.65
746,James Pacheco,chavezjohn@example.net,Sao Tome and Principe,2022-05-02,Basic,40590.86
747,Nicholas Dodson,michaelallen@example.org,Andorra,2017-07-03,Basic,27594.94
748,Eric Warner,braysteven@example.org,Tunisia,2024-08-11,Basic,44322.66
749,Cathy Savage,apadilla@example.net,Barbados,2020-09-21,Standard,34986.41
750,Michael Schmidt,ronald49@example.net,Morocco,2015-02-13,Premium,27448.95
751,Rachel Miller,jill08@example.net,Haiti,2024-01-17,Standard,63636.64
752,Ashley Diaz,diazgregory@example.net,Romania,2023-06-29,Basic,51391.08
753,Michael Harris,john17@example.net,Wallis and Futuna,2017-01-03,Standard,33604.98
754,Shelby Warner,lukehurst@example.net,Pitcairn Islands,2024-10-12,Standard,42544.49
755,Anthony Watson,htucker@example.org,Latvia,2020-06-03,Basic,55260.01
756,Meghan Patel,shannon51@example.org,Uganda,2023-07-16,Basic,3271.38
757,Anita Myers,keithfrye@example.org,Chad,2019-02-22,Standard,4948.87
758,Michael Crawford,abigailburton@example.com,Israel,2020-10-22,Standard,50226.77
759,Kimberly Anderson,robert04@example.org,Bahrain,2020-04-07,Basic,27253.54
760,Robert Conley,robert55@example.com,Nauru,2015-06-13,Basic,66146.01
761,Kerri Kelley,itorres@example.com,Chile,2022-11-22,Basic,24474.32
762,Cristina Watson,kayla02@example.com,Finland,2018-01-25,Basic,47609.13
763,Christopher Glass,ian22@example.org,Dominica,2021-02-07,Basic,19932.88
764,Xavier Andrews,lgreen@example.org,Monaco,2019-03-31,Standard,28405.3
765,Mary Spence,nathanfernandez@example.org,Martinique,2024-05-15,Standard,49086.91
766,Thomas Sullivan,dmack@example.com,Cape Verde,2025-11-28,Premium,19056.08
767,Oscar Cantrell,deborah47@example.com,Western Sahara,2018-12-16,Basic,38848.79
768,Wendy Estrada,hmorgan@example.net,Lesotho,2023-11-21,Basic,26041.17
769,Brenda Pierce,angel93@example.com,Guinea-Bissau,2020-08-17,Standard,45414.77
770,Anthony Davidson,kimberlywang@example.org,Angola,2017-07-31,Basic,33132.43
771,Samuel Rhodes,daughertypreston@example.com,Ghana,2017-05-16,Premium,48349.91
772,Kayla Brown,raymond65@example.com,Holy See (Vatican City State),2021-10-01,Standard,12012.46
773,Gregory Parker,fsawyer@example.org,Saint Lucia,2017-08-01,Basic,9095.18
774,Natalie Perry,zroberts@example.net,Ukraine,2016-04-09,Standard,24934.3
775,Steven Taylor,thomaskevin@example.net,Grenada,2017-05-13,Standard,36041.39
776,Tyler Avila,smithdanielle@example.com,Israel,2019-08-11,Standard,48632.63
777,Joel Bradley,jamescollier@example.com,Micronesia,2021-06-07,Premium,3475.04
778,Rodney Turner MD,dhansen@example.org,Anguilla,2020-09-30,Standard,10320.62
779,Brittany Evans,qmartinez@example.com,Israel,2015-08-18,Premium,43027.13
780,Terry Newman,wilsonjoshua@example.org,Netherlands Antilles,2020-10-17,Standard,69202.9
781,Lauren Cunningham,courtney71@example.com,Malaysia,2021-04-27,Basic,45051.97
782,Alicia Green,thomassteven@example.net,Burkina Faso,2023-03-01,Standard,65918.55
783,Anthony Ward,brandon48@example.net,Vietnam,2015-12-18,Standard,21438.23
784,Cory Burton,georgegary@example.com,Tunisia,2020-04-14,Standard,45587.81
785,Ryan Marsh,gina51@example.net,Mozambique,2024-04-24,Basic,12999.87
786,Charles Taylor,nathan76@example.com,Uruguay,2021-07-14,Standard,10917.73
787,Ashley Moore,mariepope@example.net,Nicaragua,2022-05-25,Basic,13845.84
788,Tiffany Mathis,butlersabrina@example.org,Svalbard & Jan Mayen Islands,2022-09-09,Standard,12787.2
789,Alan Bailey,don79@example.net,Serbia,2021-08-16,Standard,34146.89
790,Carrie Torres,walkermelissa@example.org,Portugal,2016-06-25,Premium,28521.3
791,Calvin Anderson,colemankathryn@example.org,Belarus,2024-08-21,Premium,15375.55
792,John Reynolds,danielmcguire@example.net,Nauru,2024-04-08,Basic,51406.5
793,Bryan King,turneralex@example.org,Slovenia,2020-05-03,Premium,7448.32
794,Lance Matthews,jackbell@example.org,Cameroon,2024-11-04,Basic,45086.08
795,Teresa Rush,michael89@example.org,Madagascar,2016-04-26,Basic,37873.86
796,Annette Lane,ricejennifer@example.com,Chile,2025-02-11,Premium,49539.6
797,Kimberly Beltran,glasssamantha@example.net,Lebanon,2025-01-21,Standard,62107.25
798,Kevin Gonzales,whitemichael@example.com,Jamaica,2019-11-03,Basic,50972.31
799,Darren Rodriguez,david18@example.org,Lithuania,2015-06-27,Standard,27935.71
800,Michele Hawkins,millertristan@example.com,Finland,2025-07-10,Standard,32314.48
801,Noah Mcdaniel,aperez@example.com,Timor-Leste,2019-04-11,Basic,59269.28
802,Scott Jacobson,xcrosby@example.org,American Samoa,2025-03-07,Standard,60395.42
803,Mrs. Ashley Kim DDS,wilsonralph@example.net,Nauru,2016-02-05,Basic,52328.89
804,Natalie Stafford,calvinhester@example.com,Cook Islands,2023-08-03,Standard,19275.22
805,Wanda Martinez,rhardy@example.net,Seychelles,2018-03-06,Standard,64464.23
806,Denise Clarke,qkelly@example.net,Zambia,2017-11-21,Standard,40893.89
807,John Ramirez,qrodriguez@example.com,Luxembourg,2023-11-08,Standard,53258.88
808,Tommy Johnson,greertyrone@example.org,Christmas Island,2020-10-29,Premium,39309.91
809,Michael Hernandez,wolfdonna@example.net,Seychelles,2022-09-18,Premium,49177.32
810,John Carter MD,amy88@example.org,Zambia,2016-03-12,Basic,30811.17
811,Wanda Beard,reyesleonard@example.com,Kenya,2017-11-04,Standard,48955.3
812,Andrew Hawkins,nicole27@example.com,Burkina Faso,2021-05-01,Standard,40323.84
813,James Gallagher,rkeller@example.net,Montserrat,2022-08-19,Standard,20848.15
814,Justin Moore,myerstroy@example.com,Nicaragua,2021-03-11,Standard,15476.1
815,Pamela Mitchell,johnsonbrandon@example.com,Guernsey,2019-02-25,Basic,36314.46
816,Lauren Hubbard,oscar65@example.com,Isle of Man,2018-06-10,Standard,36411.07
817,Matthew Wright,brittany14@example.org,Guadeloupe,2019-06-19,Standard,58121.04
818,Joshua Johnson,abradley@example.com,Angola,2022-05-24,Basic,64161.17
819,Leah Odom,uhudson@example.net,Bolivia,2023-10-13,Premium,17425.41
820,Ariel Leonard,tyler52@example.net,French Southern Territories,2017-05-28,Standard,12344.19
821,Jeffrey Crawford,pittmanamanda@example.com,Estonia,2023-12-25,Standard,59009.56
822,Zachary Morales,claudiarubio@example.net,Tanzania,2022-12-05,Standard,52355.04
823,Leslie Nelson,wsimmons@example.org,Pakistan,2022-02-17,Premium,29335.5
824,Kathy Evans,james64@example.net,Malaysia,2016-08-18,Premium,7058.87
825,Phillip White,burtonzachary@example.org,Morocco,2015-12-28,Standard,45118.35
826,Mr. Rodney Hurley III,umichael@example.net,Bahamas,2015-11-24,Premium,16827.33
827,Helen Hernandez,juliecannon@example.com,Isle of Man,2025-06-09,Standard,54405.98
828,Ronald Brown,meghanadams@example.com,Oman,2020-11-04,Basic,46143.93
829,Michael Young,daniellee@example.org,South Georgia and the South Sandwich Islands,2015-08-24,Standard,72273.85
830,Julie Castro,chenderson@example.org,Cayman Islands,2022-03-07,Basic,61562.1
831,Allen Clarke,donna20@example.net,Libyan Arab Jamahiriya,2024-07-15,Standard,1050.6
832,Amy Mosley,carolyn16@example.com,Paraguay,2018-03-17,Standard,60342.27
833,Ann Hahn,joelduncan@example.net,Venezuela,2020-09-22,Standard,58850.97
834,Matthew Carpenter,tyler13@example.net,British Virgin Islands,2016-11-25,Standard,17567.41
835,Emily Collier,vshaffer@example.org,Vietnam,2022-05-06,Standard,27140.56
836,Charles Thompson,scott49@example.org,Liechtenstein,2018-02-04,Premium,12019.0
837,Melissa Rodriguez,pwells@example.com,Turkmenistan,2019-06-07,Basic,26646.29
838,Brianna Alvarez,lori09@example.org,Tajikistan,2015-03-04,Standard,15223.2
839,Rebecca Brown,johnnycruz@example.net,Reunion,2016-01-05,Basic,5379.13
840,Robert Martinez,miaprice@example.com,Vanuatu,2021-04-09,Standard,54528.87
841,Dawn Davis,kennethvillarreal@example.org,United States Virgin Islands,2025-10-20,Basic,26270.12
842,Evan Burnett,rmccormick@example.org,Swaziland,2025-10-19,Basic,17165.59
843,Katherine Mclaughlin,jennifer12@example.net,Eritrea,2021-06-12,Standard,69746.11
844,Heather Guzman,shawn00@example.net,Norway,2020-09-04,Premium,13333.85
845,Jeremy Davidson,moralescourtney@example.com,Morocco,2018-04-20,Premium,5660.85
846,Christopher Black,melaniejennings@example.com,Korea,2020-10-03,Standard,8996.42
847,Nicholas Green,lauren31@example.com,Heard Island and McDonald Islands,2024-02-13,Basic,65739.45
848,Shawn Duffy,andrewjohnson@example.net,Oman,2019-12-19,Basic,18948.08
849,Crystal Davis,sgonzalez@example.org,Australia,2023-08-20,Basic,42346.85
850,Jeffrey Green,rubiogeorge@example.net,British Indian Ocean Territory (Chagos Archipelago),2023-09-12,Standard,25639.64
851,Joseph Ayala,fwilcox@example.org,Czech Republic,2021-07-31,Standard,34688.85
852,Cheryl Atkins,keith76@example.org,Jersey,2017-11-22,Basic,36277.27
853,Lindsay Carney,jessica36@example.org,Ireland,2017-06-21,Premium,47616.22
854,Alyssa Cherry,christinesolomon@example.com,Myanmar,2018-07-17,Standard,17437.28
855,Judith Smith,monicamccann@example.com,Poland,2021-01-03,Standard,26643.95
856,James Henderson,charles80@example.org,Grenada,2017-10-13,Premium,62455.23
857,Kaitlin Gomez,smithwilliam@example.com,Gabon,2023-05-26,Standard,30070.07
858,Megan Anderson,carpenterjorge@example.net,Lithuania,2025-06-11,Basic,5933.15
859,Sherry Anderson,jennifer62@example.com,Brazil,2017-06-14,Standard,23711.99
860,William Porter,julie64@example.com,New Zealand,2025-08-15,Basic,20363.41
861,Tammy Black,ustafford@example.net,Liechtenstein,2017-02-17,Basic,69786.58
862,Brittany Farrell,jbrown@example.org,Denmark,2023-04-01,Standard,15175.07
863,John Martin,fgraham@example.org,Kenya,2017-07-27,Standard,20089.05
864,Michael Washington,urodriguez@example.org,British Virgin Islands,2021-12-08,Standard,18914.73
865,Dalton Mitchell,karencarson@example.net,Uganda,2016-05-06,Standard,58475.65
866,Christy Bolton,foxashley@example.com,Uruguay,2022-06-10,Basic,50766.96
867,Randy Rhodes,anthony16@example.com,Nauru,2024-08-11,Standard,745.12
868,Ashley Morris,millermariah@example.net,Lesotho,2020-05-29,Standard,3409.17
869,Tyler Wheeler,riverabradley@example.net,Zambia,2025-01-26,Standard,23827.41
870,Travis Cooke,jasonwilliams@example.net,Finland,2024-09-28,Basic,67300.73
871,Anthony Jones,qdavis@example.org,Dominican Republic,2023-07-28,Standard,13919.67
872,Sharon Davis,frankchan@example.com,Oman,2017-06-28,Basic,21199.93
873,Martha Martinez,vowen@example.com,United Kingdom,2020-11-23,Basic,9836.38
874,Bonnie Wade,william77@example.com,Lebanon,2021-01-23,Basic,36004.43
875,Kyle Davis,nshepherd@example.org,Jordan,2024-08-25,Premium,26209.85
876,Anna Palmer,prhodes@example.net,Rwanda,2025-12-13,Standard,13316.33
877,Jon Soto,robertssamuel@example.com,French Southern Territories,2018-07-16,Premium,38985.83
878,Carl Leach,alexandraphillips@example.org,Micronesia,2017-05-13,Standard,1133.54
879,Andrew Rodriguez,dgutierrez@example.net,Saint Helena,2019-01-21,Standard,7780.9
880,Dawn Scott,mackallen@example.net,Panama,2021-02-24,Standard,19662.63
881,Richard Cameron,millernancy@example.com,Germany,2025-10-01,Standard,20388.27
882,Jordan Santiago,matthew23@example.org,Belgium,2020-08-04,Standard,27602.83
883,Lindsey Savage,hamiltonandrew@example.com,Brazil,2023-06-08,Standard,31577.2
884,Matthew Stevens,vmelton@example.net,Saint Kitts and Nevis,2018-02-19,Standard,64110.88
885,Mr. William Ward,fballard@example.org,Burkina Faso,2025-12-25,Standard,42962.88
886,Brian Smith,micheleclark@example.net,Cameroon,2016-02-14,Standard,17335.36
887,Jessica Garrett,christophercarrillo@example.org,Lebanon,2021-03-24,Basic,60355.55
888,Bruce Barrera,emaynard@example.org,Tokelau,2016-08-20,Standard,28721.03
889,David Phillips,awilliams@example.org,Norfolk Island,2020-04-21,Basic,55456.02
890,Jessica Perry,mmclaughlin@example.net,Micronesia,2020-08-08,Basic,13451.39
891,Mrs. Jennifer Palmer DDS,dhall@example.net,Andorra,2022-01-27,Premium,67021.96
892,Ethan Brown,hsmall@example.com,Nigeria,2023-10-22,Standard,54111.88
893,Hannah Terry,martinjessica@example.com,Guatemala,2024-08-17,Standard,19010.31
894,Jordan Matthews,sandra72@example.com,Saint Kitts and Nevis,2022-09-29,Standard,30030.54
895,Toni Whitaker,laura29@example.org,Finland,2017-11-07,Standard,16356.18
896,Angelica Webb,jamesobrien@example.org,South Africa,2020-01-17,Standard,47332.2
897,Xavier Torres,angelakidd@example.com,Turkmenistan,2019-01-15,Basic,19667.74
898,Michael Thompson,romanmatthew@example.org,Niger,2017-11-21,Standard,69905.38
899,Justin Tucker,kristen08@example.com,Ukraine,2018-12-09,Standard,31029.13
900,Michael Robertson,mccarthysara@example.com,South Georgia and the South Sandwich Islands,2017-03-25,Basic,72242.96
901,Ryan Rodriguez,harringtonchelsea@example.org,Swaziland,2021-01-14,Standard,48827.44
902,Katie Jackson,pittsrhonda@example.org,Saint Lucia,2018-12-25,Standard,58578.11
903,Jeremy Hunter,mooremichael@example.org,British Virgin Islands,2023-09-09,Standard,38405.73
904,Jessica Perry,sanchezlisa@example.com,France,2019-04-10,Basic,66750.03
905,Angela Watson,qward@example.org,Canada,2025-09-23,Standard,34915.47
906,Kendra Cobb,lauriegutierrez@example.com,Ukraine,2024-01-22,Premium,12776.27
907,Samuel Norton,sherry72@example.org,Saint Barthelemy,2021-11-13,Basic,31780.78
908,Terri Miller,richard26@example.org,India,2015-10-20,Standard,63705.33
909,Mary May,levinetina@example.net,Turkey,2018-07-08,Premium,25936.01
910,Elizabeth Morales,jennifer55@example.org,Sweden,2017-12-31,Standard,22028.89
911,Joseph Knapp,ngriffin@example.net,Nigeria,2024-12-14,Standard,29810.29
912,Marissa Terry,trowe@example.org,Argentina,2019-01-27,Standard,64744.78
913,Jean Higgins,abigailfernandez@example.org,Bermuda,2020-01-19,Basic,39189.94
914,Emily Peterson,andrewzamora@example.net,Nauru,2015-04-05,Standard,13995.49
915,Ronnie Torres,hbenitez@example.net,Bahamas,2017-10-27,Premium,17788.38
916,Debbie Romero,williamsdebra@example.org,Kiribati,2015-11-24,Basic,52627.1
917,Norman Chavez,lindazhang@example.net,Rwanda,2016-01-27,Standard,29929.16
918,Lori Ferguson,michaelmitchell@example.net,Montserrat,2021-02-24,Premium,65932.15
919,Michelle Stone,danielblack@example.org,Swaziland,2020-11-16,Premium,57877.29
920,Jordan Thomas,fpoole@example.org,Bahamas,2017-12-11,Basic,6473.03
921,Carlos Lewis,woodalicia@example.net,Monaco,2025-06-12,Standard,6552.27
922,Jennifer Baker,cfields@example.net,Venezuela,2017-10-10,Basic,23375.46
923,Monique Butler,drewmartinez@example.net,Kuwait,2016-06-01,Basic,33376.24
924,Michael Boyer,bensonstanley@example.org,San Marino,2015-04-28,Premium,62929.2
925,Justin Dorsey,guzmanricky@example.org,Heard Island and McDonald Islands,2025-04-06,Premium,26923.88
926,Amanda Hernandez,kevin54@example.com,Libyan Arab Jamahiriya,2025-12-07,Standard,35842.57
927,Charles Bowers,twilliams@example.com,Cuba,2021-02-24,Basic,70130.6
928,Patrick Smith,carlos06@example.com,Montserrat,2022-10-28,Standard,72723.28
929,Jesse Morgan,ualvarez@example.net,Bulgaria,2020-02-14,Standard,44414.61
930,Kathy Murray,jcontreras@example.net,Greece,2021-04-29,Standard,47779.87
931,Mario Hanson,zhall@example.com,Mauritius,2020-12-26,Standard,48074.04
932,Michael Ramos,debbie20@example.net,Norfolk Island,2021-01-19,Standard,26200.83
933,Michelle Hoffman,schneiderchristopher@example.net,Mauritius,2018-06-15,Standard,6944.16
934,Amy Hudson,karenshaw@example.org,British Indian Ocean Territory (Chagos Archipelago),2018-05-28,Standard,19670.58
935,Kim Rivers,kristin39@example.com,Belize,2023-07-03,Premium,39367.89
936,Lisa Morales,henrysarah@example.com,Jordan,2020-04-05,Basic,25955.4
937,Alexander Rice,hscott@example.org,Mauritius,2020-07-07,Standard,51660.8
938,Charles Scott,moorestephanie@example.net,Chile,2015-02-07,Basic,35910.76
939,Tyrone White,evanscorey@example.org,Isle of Man,2021-09-11,Basic,59897.87
940,Deanna David,williamsjohn@example.net,Namibia,2019-03-11,Standard,789.54
941,Jordan Gordon,adamslucas@example.net,Ireland,2019-11-26,Standard,66191.61
942,Allen Schultz,adamstabitha@example.net,Bolivia,2023-04-08,Standard,12454.39
943,Justin Glover,ashley71@example.net,Macao,2017-06-22,Standard,62174.91
944,Walter Brooks,kimberlymedina@example.com,United States Minor Outlying Islands,2017-09-08,Standard,31812.39
945,Amanda Hess,denise20@example.org,Venezuela,2021-11-16,Standard,60046.94
946,Denise King,okidd@example.org,Myanmar,2018-03-12,Basic,51426.86
947,Diana Martin,turnerrandall@example.org,Switzerland,2018-01-06,Standard,40012.83
948,Justin Ramirez,gclark@example.com,Turks and Caicos Islands,2017-01-17,Standard,64047.78
949,Grace Green,qnelson@example.com,Guam,2020-02-09,Premium,8499.14
950,Tyler Murphy,deborahsmith@example.com,Albania,2021-12-25,Standard,20592.03
951,Megan Gutierrez,ifarmer@example.org,Solomon Islands,2016-09-15,Standard,24218.12
952,Marilyn Ryan,wchambers@example.com,Sweden,2017-01-31,Premium,40239.06
953,Jasmine Combs,martinezmitchell@example.org,Kenya,2016-05-27,Basic,21338.06
954,Patrick Chang,james94@example.net,Cyprus,2017-08-11,Basic,54601.25
955,Johnny Cox,trevor93@example.org,Congo,2017-06-08,Premium,1350.68
956,Miss Ashley Ramirez,mjackson@example.net,Saint Vincent and the Grenadines,2023-12-19,Standard,23540.36
957,Melanie Cunningham,chapmanjulie@example.org,Eritrea,2022-10-25,Standard,28011.93
958,Savannah Ibarra,james08@example.net,El Salvador,2024-06-17,Basic,24936.09
959,Sonya Smith,pdavidson@example.org,Timor-Leste,2017-12-27,Basic,11170.06
960,Jessica Carney,david87@example.com,Guyana,2020-04-09,Basic,5586.01
961,Amanda Griffith,ramirezrobert@example.com,Germany,2017-10-21,Standard,67203.5
962,Cory Miller,mooneyjeremiah@example.net,Jamaica,2016-05-14,Basic,62161.84
963,Sylvia Gonzalez,lance10@example.com,Jersey,2019-04-26,Basic,53672.52
964,Leslie Sims,mary31@example.com,Dominican Republic,2023-04-10,Basic,33361.33
965,Sandra Underwood,sherryparsons@example.net,Kazakhstan,2023-03-31,Basic,15138.7
966,Lori Riley,villegassabrina@example.com,Germany,2017-05-03,Basic,39205.15
967,Melissa Patton,ellisonscott@example.com,New Zealand,2018-07-02,Standard,51187.81
968,Andrea Byrd,phillipspatrick@example.org,Niger,2023-03-02,Basic,12106.2
969,Crystal Greene,chavezsteven@example.com,Turkmenistan,2020-11-03,Premium,70322.21
970,Ashley Curtis,gibsonmark@example.org,Botswana,2018-05-08,Premium,36221.91
971,Kurt Jones,rebeccamartinez@example.net,Equatorial Guinea,2024-09-07,Standard,66592.09
972,John Oliver,johnrobles@example.org,Brunei Darussalam,2017-08-24,Standard,73002.24
973,Jeffrey Moyer,larry82@example.org,Latvia,2016-11-16,Standard,24507.38
974,Grant Wood,holmesdiane@example.org,Azerbaijan,2019-06-10,Basic,43956.09
975,Robert Hansen,hendersonjames@example.org,Northern Mariana Islands,2015-06-22,Basic,917.51
976,Rachel Peterson,dneal@example.net,Puerto Rico,2022-09-20,Standard,51883.67
977,Kenneth Mccarty,robert21@example.com,Turkey,2016-01-02,Standard,28012.05
978,Amanda Robinson,fowlerheather@example.com,Nigeria,2022-09-10,Standard,37618.96
979,John Tate,lindsay63@example.com,Colombia,2023-07-09,Standard,69830.95
980,Adriana Smith,anthony12@example.com,Kazakhstan,2022-03-25,Standard,4718.19
981,Kevin Cannon,hesterjames@example.com,China,2016-03-15,Standard,40342.41
982,Dennis Thompson,gregorysmith@example.com,United States Minor Outlying Islands,2021-04-06,Premium,17642.43
983,Ronald Taylor,morganjason@example.com,Dominican Republic,2024-01-13,Basic,56813.14
984,Jaime Jackson,ejohns@example.org,Cambodia,2015-03-29,Basic,55055.87
985,Bianca Lopez,ubenson@example.net,Japan,2016-07-05,Standard,27023.02
986,Dana Williams,melissaphillips@example.org,Greece,2022-12-04,Standard,3201.77
987,Mark Ramirez,melissaschmitt@example.com,Cote d'Ivoire,2022-10-26,Standard,22279.92
988,Rachel Gibbs,jacksonpaul@example.net,Sao Tome and Principe,2021-02-04,Standard,42610.95
989,Kathleen Marshall,jennifer87@example.net,Zimbabwe,2018-02-01,Standard,54997.08
990,Derrick Morales DVM,clarkpatricia@example.com,Tokelau,2024-08-25,Basic,45001.33
991,Daniel Coleman,xduncan@example.com,Mexico,2016-09-26,Standard,5398.52
992,Paul Phillips,jerry07@example.net,Nigeria,2021-01-27,Standard,61501.54
993,Jerry Reynolds,linda54@example.com,Anguilla,2022-02-26,Standard,303.81
994,David Brewer,rachel48@example.net,Mayotte,2024-11-25,Standard,55090.92
995,Rachel House,wilsonmichael@example.net,Cook Islands,2023-09-14,Premium,64297.99
996,Michael Wright,james92@example.net,Saint Vincent and the Grenadines,2015-09-17,Standard,24221.88
997,Debbie Carrillo,lynn66@example.net,Saudi Arabia,2019-05-07,Standard,40537.0
998,Kaitlyn Hunt,michelleperez@example.net,San Marino,2023-08-03,Standard,51321.01
999,David Matthews,dsharp@example.com,Somalia,2018-08-14,Standard,46074.68
1000,Ryan Patterson,cclark@example.net,Antarctica (the territory South of 60 deg S),2016-01-30,Standard,24321.3
1001,Kenneth Anderson,,Guadeloupe,2024-05-13,Standard,5234.32
1002,Jeffery Goodwin,,Uzbekistan,2015-05-09,Basic,13603.25
1003,William Gamble,,Bahrain,2016-02-09,Standard,36531.43
1004,Chelsea Rodriguez,,Chile,2019-05-11,Premium,48220.94
1005,Juan Johnson,,United States Minor Outlying Islands,2022-11-12,Standard,39555.15
1006,Diane Hall,,Chile,2017-06-23,Standard,3919.15
1007,Theodore Myers,,Bangladesh,2025-06-07,Standard,5547.83
1008,Steven Clark,,Lebanon,2025-05-30,Basic,49267.26
1009,Kenneth Collins,,Cook Islands,2023-12-25,Basic,6226.77
1010,Charles Brown,,Greenland,2023-05-04,Standard,27229.22
1011,Sherry Stevens,,Guatemala,2019-02-20,Basic,31342.5
1012,Michelle Evans,,Saint Martin,2021-12-01,Basic,4607.93
1013,James Hopkins,,Turks and Caicos Islands,2015-10-16,Standard,3288.82
1014,Denise Fuller,,Isle of Man,2017-06-03,Basic,6075.67
1015,Kristen Carney MD,,Korea,2023-02-18,Basic,7509.66
1016,Daniel Williams,,Kyrgyz Republic,2017-03-02,Standard,29053.5
1017,Patrick Foley,,Russian Federation,2022-01-05,Standard,18845.04
1018,Erin Goodman,,Palestinian Territory,2021-04-05,Basic,41992.16
1019,Travis Taylor,,Bolivia,2022-02-28,Standard,8137.19
1020,Caleb Figueroa,,Faroe Islands,2022-11-17,Standard,50668.32
1021,Hunter Robinson,,Qatar,2016-11-14,Standard,66241.1
1022,Mark Mills,,Netherlands Antilles,2020-08-29,Basic,41359.92
1023,Raymond Wang,,Andorra,2021-09-23,Standard,12073.69
1024,William Rogers,,South Georgia and the South Sandwich Islands,2018-07-14,Standard,26586.22
1025,Mary Ramsey,,Gibraltar,2024-06-22,Standard,74764.56
1026,Chelsey Clark,,Croatia,2019-10-30,Standard,57372.78
1027,Frank Smith,,Bahrain,2017-09-12,Basic,24427.96
1028,Diana Hanson,,Seychelles,2023-08-03,Standard,16241.13
1029,Victoria Garcia,,Norfolk Island,2019-01-14,Standard,55907.23
1030,Megan Compton,,Ghana,2019-06-15,Basic,33700.61
1031,Mary Jones,,Malawi,2018-03-11,Premium,2841.05
1032,Crystal Matthews,,Georgia,2024-12-25,Standard,38941.3
1033,Jeffrey Sanchez,,Cook Islands,2017-06-27,Standard,22699.96
1034,Dan Johnson,,Fiji,2023-08-27,Standard,23789.12
1035,Richard Williams,,Denmark,2018-02-04,Basic,51806.51
1036,Erin Allen,,Spain,2021-05-26,Basic,38467.54
1037,Michelle Franklin,,Norfolk Island,2015-06-04,Basic,11814.93
1038,Sergio Jones,,Brunei Darussalam,2017-12-21,Standard,11919.01
1039,Kevin Guerra,,Lao People's Democratic Republic,2017-08-12,Standard,43766.14
1040,Nathan Sanchez,,Kiribati,2021-05-25,Standard,22697.61
1041,Christina Huffman,,Honduras,2023-03-27,Standard,68861.66
1042,Jeremy Wagner,,Angola,2020-05-30,Premium,24520.73
1043,Jessica Miller,,China,2022-09-25,Standard,61971.47
1044,John Chavez,,Grenada,2016-01-26,Basic,61508.77
1045,John Moore,,Saint Kitts and Nevis,2023-03-13,Standard,22704.4
1046,Jared Perry,,Liechtenstein,2023-10-01,Basic,28770.57
1047,William Jones,,Central African Republic,2018-11-26,Premium,57874.89
1048,Jeffrey Scott,,Azerbaijan,2025-06-07,Basic,32714.25
1049,Tammy Fitzgerald,,Norfolk Island,2017-07-17,Basic,65266.54
1050,Alyssa Wade,,Cameroon,2025-05-31,Basic,63748.49
1051,Lance Lynn,alexanderwise@example.net,Rwanda,2019-04-16,Premium,58362.04
1052,Jennifer Willis,stonejacob@example.com,Chad,2018-07-31,Premium,39447.66
1053,Dawn Turner,uwillis@example.com,Sao Tome and Principe,2020-08-19,Standard,11431.11
1054,Monica Davis,lisa43@example.net,Indonesia,2022-07-22,Standard,11701.51
1055,Abigail Jackson,esmith@example.net,Israel,2019-12-31,Basic,29617.98
1056,Mary Quinn,gregorylopez@example.org,Congo,2016-01-04,Basic,43250.3
1057,Mr. Brian Bradley,jacobbrown@example.org,Sudan,2019-06-04,Standard,21911.28
1058,Deanna Barrera,nalexander@example.org,Trinidad and Tobago,2020-05-03,Premium,25378.57
1059,Angela Miller,hillmatthew@example.net,Dominica,2019-06-24,Standard,3936.0
1060,Michael Garcia,adamsstephanie@example.net,Myanmar,2019-11-15,Standard,30039.9
1061,Amanda Clark,bennettabigail@example.com,Venezuela,2016-07-06,Basic,9995.54
1062,Dr. Larry Rogers,yvonne35@example.net,Iran,2019-06-08,Standard,15058.61
1063,Anthony Kelly,linda07@example.net,Iran,2021-11-28,Standard,14908.42
1064,Stacy Taylor,meltonjoshua@example.net,Sao Tome and Principe,2017-09-19,Basic,39437.52
1065,Isabella Montgomery,qrobertson@example.org,Afghanistan,2018-08-17,Premium,58313.7
1066,Dr. Robin Smith,morgan57@example.org,New Caledonia,2016-04-05,Standard,43307.36
1067,Dr. Robert Bailey,shatfield@example.org,Saint Martin,2018-11-27,Standard,31909.66
1068,Lawrence Joseph,andersonlaura@example.com,Syrian Arab Republic,2022-05-08,Standard,26003.24
1069,Kimberly Baxter,peggyfriedman@example.com,Panama,2018-12-03,Premium,23035.21
1070,Dana Jackson,garciavictoria@example.org,Central African Republic,2019-12-17,Standard,74264.4
1071,Erin Reyes,jeffrey47@example.net,British Virgin Islands,2025-05-13,Standard,33174.64
1072,Tammy Schultz,sdavis@example.com,Tunisia,2019-03-12,Basic,15176.47
1073,Kenneth Bradshaw,schneidernicholas@example.net,Samoa,2015-12-18,Standard,54704.38
1074,Jane May,ostokes@example.com,Brazil,2025-08-22,Premium,4326.72
1075,Brian Peterson,juliewilson@example.com,Brunei Darussalam,2024-05-02,Standard,11288.86
1076,Tiffany Ray,collinsbrittany@example.org,Tanzania,2022-10-12,Basic,1276.56
1077,Jeff Wise,aprilguzman@example.org,Botswana,2020-04-13,Basic,23057.57
1078,Joshua Murray,lisaphillips@example.org,Luxembourg,2021-01-12,Premium,15873.46
1079,Brittany Campbell,georgekyle@example.net,British Virgin Islands,2023-06-01,Standard,41095.21
1080,Ryan Berry,troypadilla@example.com,Bahamas,2023-03-09,Standard,36356.22
1081,Mrs. Samantha Clark,isabellawilliams@example.org,Togo,2022-06-30,Basic,52206.57
1082,Mr. William Hopkins,vickiekelley@example.com,Jamaica,2022-06-10,Premium,43829.62
1083,Wanda Todd,ujones@example.com,Finland,2015-09-04,Standard,19345.36
1084,Chloe Chase,udavis@example.net,Tonga,2021-12-06,Standard,59241.84
1085,Sarah Mckinney,kpena@example.org,Kenya,2025-08-07,Standard,35005.82
1086,Doris Thomas,lindagonzalez@example.net,Algeria,2018-01-16,Premium,29301.22
1087,Scott Garcia,nicholasmcgrath@example.net,Tajikistan,2019-01-15,Standard,68486.94
1088,Anthony Kelly,dwhite@example.org,Malaysia,2024-09-22,Basic,1676.1
1089,Leslie Booker,hsanchez@example.org,Indonesia,2025-12-27,Basic,29142.61
1090,Michael Blevins DDS,yparsons@example.net,Palestinian Territory,2016-02-12,Standard,73251.74
1091,John Meyers,phill@example.com,Heard Island and McDonald Islands,2021-09-11,Basic,36478.5
1092,Bruce Martinez,andrewberry@example.net,Lesotho,2020-08-12,Standard,14184.7
1093,Patrick Bauer,patrickcooke@example.net,Jordan,2022-12-28,Basic,42161.39
1094,Calvin Nguyen,richardhaynes@example.com,Moldova,2020-12-08,Premium,18742.56
1095,Rachel Moreno,stonebrenda@example.net,Svalbard & Jan Mayen Islands,2023-05-08,Standard,36872.48
1096,Becky Mullins,whitecarol@example.org,Albania,2018-12-12,Standard,26171.8
1097,Rebecca Martinez,baileydelgado@example.org,Monaco,2025-12-20,Standard,22848.88
1098,Paul Miller,huntermichael@example.net,Chile,2015-09-11,Basic,20871.9
1099,Tony Smith,brandon84@example.net,Martinique,2024-12-26,Standard,65931.13
1100,Kenneth Neal,catherine83@example.net,Bolivia,2025-08-03,Basic,74279.53
1101,Amanda Johnson,kevinwall@example.org,Netherlands,2016-09-13,Standard,21194.49
1102,Leslie Ramirez,qjones@example.com,Hong Kong,2016-07-16,Standard,29615.28
1103,Carla Bryant,erica28@example.org,Barbados,2025-10-09,Premium,28819.98
1104,Debra Schultz,jenniferelliott@example.net,Swaziland,2022-09-12,Standard,65484.43
1105,Carly Underwood,victoria66@example.org,Netherlands,2016-09-17,Standard,18216.97
1106,Devin Schmidt,ojones@example.org,Guyana,2021-10-15,Standard,23600.61
1107,Paula Thomas,joshuagarcia@example.org,Honduras,2017-04-26,Standard,40781.97
1108,Rachel Martinez,brianna71@example.net,Guernsey,2022-09-02,Standard,43682.04
1109,Sharon Arnold,mosleygeorge@example.com,Cocos (Keeling) Islands,2018-06-19,Basic,64728.43
1110,Patrick Faulkner,iwoods@example.com,Algeria,2025-03-14,Standard,67423.58
1111,Michelle Sandoval,nicholasmoss@example.org,Uruguay,2025-12-10,Premium,74677.51
1112,Vanessa Zimmerman,erikabarnes@example.com,Cocos (Keeling) Islands,2021-05-02,Basic,49303.32
1113,Hector Harrison,joshua68@example.net,Turkmenistan,2021-04-01,Basic,23982.84
1114,Crystal Reid,mezarichard@example.com,Tanzania,2017-01-24,Standard,54028.18
1115,Bobby Blair,martinbrian@example.net,France,2023-02-26,Standard,66002.95
1116,Katherine Baxter,urhodes@example.org,Lesotho,2025-11-28,Premium,24071.89
1117,Mr. Michael Patel Jr.,jensenrhonda@example.net,Albania,2019-12-20,Standard,30991.07
1118,Michele Brady,virginiaguerrero@example.net,Poland,2022-02-21,Basic,61671.96
1119,Lisa Oconnell,gregoryrichardson@example.org,Malaysia,2023-09-27,Basic,20716.26
1120,Anthony Simpson,nathanielwilson@example.net,Egypt,2015-04-18,Standard,10083.05
1121,Sarah Hodge,kevin44@example.org,Afghanistan,2017-12-29,Basic,45995.62
1122,Laura Robinson,sarah80@example.com,Uganda,2021-09-08,Standard,46024.06
1123,Katherine Kelly,wmurphy@example.org,Albania,2019-01-11,Standard,51631.5
1124,Nathan Morales,garciatravis@example.org,Marshall Islands,2016-07-03,Premium,58542.01
1125,Brittany Martinez,xsmith@example.net,El Salvador,2022-12-26,Standard,45452.2
1126,James Evans,imcclain@example.com,Botswana,2019-05-07,Standard,14002.24
1127,Mary Gonzales MD,tsmith@example.org,Bouvet Island (Bouvetoya),2017-03-02,Standard,10529.08
1128,Andrew Foster,rachel23@example.com,Papua New Guinea,2025-11-12,Standard,30792.04
1129,Mrs. Katherine Simpson,markduran@example.com,Macao,2019-08-19,Premium,20421.94
1130,Natalie Petersen,danielrodriguez@example.org,Brunei Darussalam,2017-04-10,Standard,50432.6
1131,Jonathan Saunders,brettgallegos@example.com,Nepal,2025-05-25,Basic,5193.69
1132,Jessica Roberts,bmiller@example.org,Niger,2021-12-02,Basic,33086.57
1133,Jorge Wright,linvirginia@example.org,Papua New Guinea,2020-02-18,Standard,24535.95
1134,Christina Mccarthy,hayneswayne@example.org,Comoros,2023-09-15,Basic,32209.79
1135,Leslie Walters MD,richardhill@example.org,Vanuatu,2019-04-08,Premium,55216.05
1136,Alan Gonzalez,jamesalicia@example.net,North Macedonia,2025-07-13,Basic,29712.77
1137,Courtney Simmons,hicksdawn@example.com,Bouvet Island (Bouvetoya),2020-11-21,Basic,44636.98
1138,Douglas Bell,dwright@example.org,Armenia,2015-06-07,Standard,52882.41
1139,Matthew Morris,thomas91@example.com,Colombia,2024-04-10,Standard,34007.82
1140,John Cook,davisalexander@example.net,Sierra Leone,2017-10-03,Basic,65864.05
1141,Erin Figueroa,julia98@example.net,Holy See (Vatican City State),2023-03-31,Standard,29821.94
1142,Donald Silva,eatondavid@example.net,Netherlands,2023-08-01,Premium,29207.99
1143,Kevin Barr,jamesgriffin@example.org,Belarus,2018-04-07,Standard,3934.83
1144,Lisa Turner,mmayo@example.net,Saint Helena,2023-09-04,Standard,66358.72
1145,Carl Barnes,patricia85@example.com,Kiribati,2019-09-27,Basic,34735.7
1146,Autumn Graham,gbarnes@example.org,Chad,2022-09-27,Standard,68947.7
1147,Melissa Anderson,sosabruce@example.net,Comoros,2024-04-22,Standard,10882.41
1148,Jennifer Cohen,martinkaren@example.com,Monaco,2020-08-12,Standard,7010.45
1149,Jennifer Nelson,adamarmstrong@example.net,Qatar,2025-07-08,Premium,58460.15
1150,Timothy Hunt,kevin34@example.net,Ethiopia,2019-05-30,Basic,41093.93
1151,Carolyn Williams,kellybowman@example.com,Vanuatu,2017-01-02,Standard,33953.72
1152,Shane Williams,veronicaclark@example.org,Afghanistan,2025-01-17,Standard,67272.16
1153,Mackenzie Compton,christopher84@example.net,Burkina Faso,2017-10-21,Standard,34237.57
1154,Logan Nguyen,garrettalex@example.com,Cyprus,2022-12-24,Standard,48731.09
1155,Diana Scott,medinatiffany@example.net,Botswana,2016-05-21,Basic,53948.51
1156,Melissa Bautista,molly98@example.org,Svalbard & Jan Mayen Islands,2022-02-10,Premium,53040.45
1157,Frederick Harris,omoore@example.net,Saint Kitts and Nevis,2019-04-23,Standard,39405.34
1158,Charles Mendoza,lwhite@example.org,Comoros,2021-11-12,Basic,73145.56
1159,Terri White,andrew22@example.com,Poland,2019-04-08,Basic,28556.23
1160,Andrea Jones,spencerbrewer@example.com,Bolivia,2018-10-04,Premium,13023.65
1161,Breanna Christensen,morrisonnicholas@example.org,Bouvet Island (Bouvetoya),2016-09-06,Standard,49549.89
1162,Pamela Newman,andersonkayla@example.com,Cambodia,2023-08-17,Standard,11059.4
1163,Linda Sparks,rosariodaniel@example.net,Svalbard & Jan Mayen Islands,2018-06-21,Basic,31613.73
1164,Michael Harris,cmalone@example.org,Gambia,2018-03-28,Basic,72082.22
1165,Christopher Brown,courtney10@example.org,Bosnia and Herzegovina,2016-06-22,Standard,9037.16
1166,Ashley Tanner,othomas@example.org,Denmark,2023-08-02,Basic,514.08
1167,Charles Rios,sandracohen@example.net,Turks and Caicos Islands,2024-08-04,Standard,34533.54
1168,Stephanie Vasquez,walkerstephanie@example.com,Guinea-Bissau,2021-10-26,Standard,60607.23
1169,Gene Ward,huangcassandra@example.org,Japan,2021-08-08,Basic,18031.41
1170,Linda Shelton,patriciamcdaniel@example.net,Svalbard & Jan Mayen Islands,2019-12-15,Standard,34166.95
1171,Shawn Nelson,qstanley@example.net,South Georgia and the South Sandwich Islands,2017-09-29,Premium,45107.63
1172,Aaron Fitzpatrick,kimberlythomas@example.org,Iceland,2022-01-18,Basic,21038.94
1173,Robert Bray,wilsonronald@example.net,Fiji,2015-07-20,Standard,61937.62
1174,Frank Anderson,fgomez@example.com,Liberia,2018-11-30,Standard,4366.03
1175,Jennifer Leon,devon36@example.com,Mexico,2022-06-25,Premium,64073.74
1176,Joseph Patel PhD,tmiller@example.com,Malta,2018-09-18,Standard,45345.59
1177,Melissa Goodman,youngaaron@example.org,Guyana,2019-09-04,Basic,3915.09
1178,Tina Mccall,pruittmichael@example.org,French Polynesia,2018-03-10,Basic,12309.81
1179,Russell Arnold,osanchez@example.org,San Marino,2021-09-02,Standard,51940.64
1180,Victor Padilla,squinn@example.com,Holy See (Vatican City State),2025-11-01,Standard,42272.75
1181,Brian Perkins,kmonroe@example.org,Cameroon,2025-06-12,Standard,43527.73
1182,Bob Jones,lhernandez@example.com,Samoa,2018-08-15,Premium,57696.27
1183,Joseph Rush,vjenkins@example.com,Slovenia,2015-10-05,Standard,28575.72
1184,Alexis Rodriguez,ibarraantonio@example.org,Macao,2015-09-23,Basic,63287.39
1185,James Henderson,qspencer@example.net,Macao,2022-10-16,Standard,10307.3
1186,Darren Huynh,teresa86@example.org,Samoa,2019-08-22,Basic,24858.34
1187,Manuel Robinson,lynndaugherty@example.net,Tajikistan,2021-11-11,Standard,52263.25
1188,Michael Woods,kwilcox@example.org,Spain,2025-12-25,Premium,42959.69
1189,Jeff Nelson,millercarrie@example.com,Antarctica (the territory South of 60 deg S),2020-06-04,Standard,74042.4
1190,Christopher Rodriguez,carlaavila@example.com,Comoros,2023-11-03,Basic,45457.16
1191,Margaret Johnson,christopher99@example.org,Mongolia,2021-10-29,Basic,21717.25
1192,Mrs. Amber Davis,alan54@example.com,Macao,2021-06-13,Basic,19659.59
1193,Paul Swanson,jacquelinedavis@example.com,Ukraine,2016-06-15,Basic,26700.54
1194,Ashlee Aguirre,andrewflynn@example.com,Namibia,2023-03-06,Standard,37355.67
1195,Amanda Martin,omiller@example.org,Zambia,2017-01-06,Standard,37064.71
1196,Stacey Aguirre,kaylamartin@example.net,Maldives,2018-04-04,Basic,17645.94
1197,Lisa Mills PhD,vfloyd@example.com,Guyana,2015-04-09,Basic,368.17
1198,Teresa Williams,nallen@example.net,Belarus,2023-04-09,Standard,59805.76
1199,Latasha Gamble,ballarddouglas@example.com,Mexico,2019-08-26,Basic,60017.44
1200,Rebecca Jacobson,udavis@example.org,Vietnam,2021-04-14,Standard,25200.97
1201,Barry Ray,christopher27@example.com,Lebanon,2022-03-08,Basic,16122.26
1202,Pamela Ramos,shelbybonilla@example.com,Armenia,2023-11-11,Standard,21301.6
1203,Dustin Ortiz,scotthunt@example.net,Zambia,2021-03-02,Premium,22696.23
1204,Bradley Gutierrez,rbaker@example.org,Niger,2022-09-10,Standard,708.31
1205,Amy Gibbs,mooredaniel@example.com,Cayman Islands,2021-05-19,Standard,29854.69
1206,Sarah Walker,wcaldwell@example.com,Lao People's Democratic Republic,2016-12-20,Standard,2426.52
1207,Stephanie Marshall,whitedaniel@example.com,Seychelles,2025-05-05,Standard,62578.44
1208,James Brown,wendy73@example.net,Saint Vincent and the Grenadines,2023-12-10,Standard,68733.19
1209,Donald Johnson,stacythomas@example.org,Ghana,2016-09-28,Premium,10397.6
1210,Victoria Schroeder,mayermichael@example.com,Lebanon,2021-01-08,Standard,66931.36
1211,Daniel Johnson,onelson@example.org,Belize,2024-02-17,Basic,34819.64
1212,Donald Miller,hsavage@example.org,Paraguay,2024-05-13,Standard,55758.2
1213,Cathy Brown,wpeterson@example.com,Chad,2022-08-09,Standard,42479.46
1214,Tom Olson,tammykim@example.net,Montserrat,2017-05-03,Standard,40307.44
1215,Adam Logan,christiancontreras@example.net,Cameroon,2025-04-10,Standard,25046.02
1216,William Mcmillan,alexis72@example.com,Tonga,2025-11-15,Basic,26681.27
1217,Ricky Craig,abigail07@example.org,North Macedonia,2018-10-21,Premium,63095.25
1218,Wayne Davis,julielopez@example.net,Mayotte,2024-06-12,Basic,47081.69
1219,Lindsay Robinson,stephaniebonilla@example.net,Zimbabwe,2017-02-06,Standard,45525.26
1220,Robert Smith,wayne17@example.net,Korea,2023-06-06,Standard,64878.38
1221,Guy Clayton,wmills@example.com,Brazil,2022-12-17,Standard,64372.01
1222,Judy Brooks,amyjames@example.net,Portugal,2020-07-28,Premium,31186.75
1223,Madison Park,cowanlinda@example.org,Benin,2024-04-20,Basic,28025.87
1224,Lisa Jenkins,nbrady@example.net,Bolivia,2018-05-23,Basic,16406.46
1225,Kathy Shaffer,melissa33@example.com,Micronesia,2015-06-03,Standard,28222.62
1226,Craig Harrison,belllaura@example.com,Isle of Man,2019-12-23,Basic,68523.2
1227,Maria Mueller,xsmith@example.org,Madagascar,2025-02-23,Standard,59977.14
1228,Shawn Baker,anunez@example.com,Antigua and Barbuda,2025-05-11,Standard,14468.32
1229,Christian Brooks,matthew96@example.org,Moldova,2018-06-25,Standard,65572.46
1230,Cheryl Newman,solisbecky@example.org,Wallis and Futuna,2024-10-10,Basic,10961.3
1231,Vanessa Thompson,zachary63@example.org,Russian Federation,2020-10-15,Premium,73674.94
1232,Kathy Welch,ocameron@example.com,Taiwan,2023-02-15,Standard,10170.61
1233,Tiffany Harris,johnsonalexander@example.net,Cape Verde,2024-09-12,Premium,29222.22
1234,Michael Knapp,armstronganthony@example.net,Bulgaria,2025-06-15,Standard,557.21
1235,Miss Paula Lopez,kennethnichols@example.org,Saint Kitts and Nevis,2024-10-11,Premium,63647.27
1236,Rachel Townsend,hillsavannah@example.net,Angola,2015-07-08,Premium,35148.97
1237,Lauren Garcia,hho@example.org,Cambodia,2023-05-12,Premium,57521.97
1238,Steven Davis,nkirk@example.com,Bolivia,2018-07-02,Standard,43422.6
1239,Alex Jones DVM,clarkrobert@example.com,North Macedonia,2017-04-01,Standard,15935.97
1240,Rhonda White,bergerdonna@example.net,New Caledonia,2018-07-31,Standard,20929.55
1241,Autumn Cooper,timothy99@example.net,Albania,2018-01-21,Basic,50416.52
1242,Patrick House,catherineherrera@example.net,Malaysia,2015-03-04,Premium,20704.36
1243,Cindy Diaz,anthonytaylor@example.org,Saint Lucia,2016-02-24,Basic,42082.03
1244,Beth Hill,stephaniebailey@example.net,Pakistan,2018-07-28,Standard,26436.28
1245,Patrick Simpson,qnielsen@example.org,Congo,2024-01-07,Standard,70760.02
1246,Stacy Campbell,ygarcia@example.net,Georgia,2015-10-19,Standard,18550.67
1247,Daniel Bowen,bandrade@example.net,San Marino,2021-01-23,Standard,66945.17
1248,Fernando Rodriguez,kpatterson@example.com,Holy See (Vatican City State),2020-04-12,Standard,9973.03
1249,Sabrina Cole,rubiojohnny@example.com,French Polynesia,2019-04-21,Basic,4021.59
1250,Sherry Clements,raymond12@example.com,Japan,2017-01-03,Premium,32128.31
1251,Heather Jones,nathan51@example.org,Ghana,2022-01-22,Basic,66872.87
1252,Michelle Lewis,rachel81@example.com,Finland,2021-11-29,Basic,52527.57
1253,Kelsey Garcia,jennifer19@example.net,Italy,2017-03-22,Standard,25091.82
1254,Jessica Li,jameslang@example.com,Aruba,2020-12-25,Basic,50397.55
1255,Jennifer Martinez MD,brittany39@example.org,Finland,2023-07-29,Premium,69228.1
1256,Richard Johnston,buckjustin@example.com,Argentina,2024-02-12,Standard,10101.7
1257,Tamara Williams,jonescody@example.com,Saint Kitts and Nevis,2016-02-03,Basic,52470.31
1258,Evan Reed,hawkinslawrence@example.net,Australia,2022-12-19,Standard,51414.73
1259,Michael Gibson,cameronsharon@example.org,Antarctica (the territory South of 60 deg S),2025-08-16,Basic,35423.3
1260,Roger Taylor,michelle63@example.org,Benin,2021-12-01,Standard,64616.95
1261,Steven Wood,villamiranda@example.com,Turks and Caicos Islands,2017-01-21,Standard,27417.84
1262,Ashley Valentine,bakerhailey@example.com,Faroe Islands,2023-11-05,Standard,49972.25
1263,Tammy Silva,martinezmichelle@example.net,Tuvalu,2020-06-19,Basic,24525.89
1264,Stephanie Walsh,boydjohn@example.com,Panama,2018-12-10,Premium,35781.24
1265,Douglas Barton MD,bakerkenneth@example.org,Guinea,2018-03-02,Standard,63471.03
1266,Shelley Keller,heatherjones@example.com,Bahamas,2016-06-05,Basic,45431.91
1267,Michael Mcdonald,glopez@example.com,Cote d'Ivoire,2023-01-04,Standard,30575.03
1268,Pam Palmer,kathleen47@example.net,Cape Verde,2022-04-14,Basic,24608.76
1269,Ashley Anderson,paul79@example.net,Cook Islands,2020-03-03,Premium,22833.33
1270,Chelsea Ramirez,ginalynn@example.net,Oman,2021-12-18,Standard,31154.78
1271,Joel Rodriguez,allenpatricia@example.org,Ethiopia,2020-05-29,Standard,12136.77
1272,Matthew Chavez,david81@example.com,Jersey,2024-02-16,Standard,25718.38
1273,James Jordan,brian45@example.org,Australia,2025-12-28,Standard,32478.35
1274,Monique Henderson,jaime29@example.com,Marshall Islands,2021-02-08,Standard,59102.68
1275,Kelly Rodriguez,lucassusan@example.org,Brazil,2022-07-05,Standard,13188.14
1276,Andrew Adams,pateljoshua@example.net,Reunion,2021-06-09,Premium,69832.03
1277,Jenna Garcia,tyler23@example.com,Northern Mariana Islands,2021-09-07,Basic,8795.63
1278,Kyle Gross,lopezrebecca@example.net,Lesotho,2024-03-21,Standard,41742.81
1279,Sarah Watts,lesliejones@example.org,Grenada,2019-07-21,Standard,23275.67
1280,Brenda Smith,bpatterson@example.org,Estonia,2024-02-17,Premium,8378.66
1281,Carolyn Wolf,wheelertara@example.net,Afghanistan,2018-09-03,Standard,61534.96
1282,David Rodriguez PhD,mary88@example.org,Saudi Arabia,2016-01-06,Standard,49597.32
1283,Brandon Torres,shaun58@example.com,Panama,2021-07-06,Standard,10634.03
1284,Mr. Adam Gomez,patricia97@example.org,Faroe Islands,2015-01-01,Basic,47800.93
1285,Monica Smith,qchase@example.org,Guinea-Bissau,2020-01-30,Basic,49650.88
1286,Mr. Patrick Mcpherson MD,leestephanie@example.net,Botswana,2021-06-25,Standard,29401.2
1287,Sherry Shelton,harcher@example.org,Estonia,2024-11-02,Standard,15623.21
1288,Hannah Rivera,rlandry@example.com,Comoros,2025-03-29,Standard,42878.16
1289,Joseph Cooper,hamiltonspencer@example.com,France,2025-07-03,Standard,68908.0
1290,Adam Ho,stevenhernandez@example.com,Nigeria,2018-11-11,Standard,73697.88
1291,Carla Tucker,marshalexis@example.org,Cuba,2021-11-09,Basic,43808.84
1292,Kevin Brown,adam50@example.org,El Salvador,2016-06-06,Basic,30463.76
1293,Shawn Glover,stephaniereeves@example.org,Saint Martin,2025-02-07,Basic,4915.19
1294,Kevin Miller,antoniofitzpatrick@example.org,Sudan,2022-11-20,Standard,4221.27
1295,Jasmine Ross,orozcosamantha@example.net,Georgia,2016-03-25,Standard,73407.54
1296,Jeffrey Liu,feliciagonzalez@example.org,Israel,2017-08-21,Basic,64959.55
1297,Elizabeth Miller,ygardner@example.com,Bhutan,2022-01-04,Standard,44364.75
1298,Jeremy Edwards,taylor67@example.com,Isle of Man,2019-04-12,Standard,28863.52
1299,Thomas Johnson,idavis@example.net,United States of America,2016-12-11,Standard,16038.4
1300,David Hunt,christineyoder@example.com,Austria,2019-04-25,Standard,14319.96
1301,Jenna Powell,fordkathryn@example.net,Kuwait,2019-09-05,Basic,27181.52
1302,Angela Nelson,cookconnor@example.com,Mongolia,2022-07-07,Standard,74809.84
1303,Mr. Antonio Yang,mileszachary@example.net,Saint Vincent and the Grenadines,2022-04-09,Premium,1117.31
1304,Brandy Jacobson,kevincollins@example.org,Sri Lanka,2020-06-16,Premium,54170.11
1305,Mr. Brian Smith,meyerjohn@example.org,Lebanon,2016-07-10,Standard,73129.38
1306,Jonathan Myers,evanstimothy@example.org,Svalbard & Jan Mayen Islands,2019-08-31,Premium,48257.66
1307,Ryan Green,nvillarreal@example.org,Jersey,2022-10-19,Basic,67045.29
1308,Alex Thomas,georgeharmon@example.net,Cook Islands,2017-01-06,Standard,32071.39
1309,Dylan Contreras,rrichardson@example.com,Hungary,2024-03-13,Standard,31953.32
1310,Ashley Butler,shernandez@example.com,British Indian Ocean Territory (Chagos Archipelago),2017-01-31,Standard,26809.22
1311,Alexandra Turner,wwilliams@example.org,Lao People's Democratic Republic,2020-08-02,Standard,805.39
1312,Judy Smith,michaelfoley@example.net,Cote d'Ivoire,2020-08-17,Basic,17947.06
1313,Michael Myers,thompsonedward@example.net,Saint Helena,2021-06-18,Standard,69510.69
1314,Julia Trevino,joshuafarmer@example.com,Uzbekistan,2021-05-16,Standard,73372.95
1315,Thomas Brewer,mestes@example.net,Cocos (Keeling) Islands,2021-07-04,Standard,27801.25
1316,Tammy Rowe,david59@example.net,Guernsey,2016-08-04,Standard,51864.67
1317,Sandra Jones,christianerik@example.org,Papua New Guinea,2024-08-20,Basic,39599.0
1318,Timothy Alvarez,tinastokes@example.net,South Africa,2020-03-19,Basic,58470.52
1319,Steven Thompson,acampos@example.org,Bahamas,2021-11-03,Standard,39370.92
1320,Ashley Bradford,alexandernicholas@example.net,Tajikistan,2023-04-26,Premium,35565.76
1321,Christopher Rodriguez,ogray@example.net,Moldova,2022-09-02,Standard,50236.61
1322,David Kim,jeremiah26@example.net,Sudan,2018-07-03,Standard,59907.84
1323,Angelica Johnson,harrislisa@example.org,Guyana,2020-12-31,Standard,67793.0
1324,Laura Lin,jacob87@example.org,Syrian Arab Republic,2020-09-30,Basic,35297.94
1325,Ronald Mason,christine82@example.org,Kazakhstan,2018-09-19,Basic,43153.91
1326,James Jones,martinezzachary@example.org,British Indian Ocean Territory (Chagos Archipelago),2023-12-14,Standard,72053.45
1327,Mr. Joshua Johnson PhD,sandra46@example.net,Guinea-Bissau,2022-10-17,Standard,12771.24
1328,Seth Donaldson,fergusonjohn@example.net,Venezuela,2023-02-25,Basic,56269.54
1329,Emily Montgomery,aguilarsharon@example.com,Palau,2022-01-21,Basic,19718.12
1330,George Green,pamela02@example.org,Mexico,2015-07-31,Standard,12888.67
1331,Erin Todd,youngcharles@example.net,United Kingdom,2023-04-09,Standard,22058.55
1332,Sandy Aguirre,tina69@example.net,New Zealand,2015-12-04,Standard,21689.47
1333,Stacy Mendoza,josephwilliams@example.org,Luxembourg,2023-10-16,Premium,5995.45
1334,Marie Reynolds,kimberly30@example.org,Anguilla,2018-02-24,Standard,10157.27
1335,Roberta Ferguson,vfleming@example.org,Micronesia,2023-04-25,Standard,19457.44
1336,Mr. James Martinez,hdunn@example.com,British Indian Ocean Territory (Chagos Archipelago),2021-08-20,Premium,13302.39
1337,Vickie Richardson,matthewhull@example.org,Djibouti,2019-02-23,Basic,49521.88
1338,Adam Gutierrez,ritteralexis@example.net,Egypt,2022-11-10,Basic,19778.63
1339,Angela Martinez,justinedwards@example.net,Palau,2020-11-30,Standard,13765.49
1340,Yolanda Anderson,hmendoza@example.net,Belarus,2015-12-12,Basic,25877.89
1341,Todd Harris,priscilla37@example.net,Gabon,2024-03-19,Basic,44766.92
1342,Penny Carter,alisonadams@example.net,Mauritius,2019-08-19,Standard,37322.13
1343,Amy Mccullough,nramirez@example.org,Tajikistan,2019-12-08,Basic,18036.57
1344,Crystal Harmon,davidhardy@example.org,Argentina,2021-06-24,Basic,12754.42
1345,Melissa Santos,bbenton@example.com,Taiwan,2022-03-15,Basic,26044.41
1346,Donald Cruz,brownmelissa@example.com,Lithuania,2015-08-04,Standard,61509.94
1347,James Wallace,jamielopez@example.com,Martinique,2018-05-19,Standard,30056.17
1348,Eric Weaver,sharon95@example.com,Sudan,2025-05-06,Standard,71131.82
1349,Claire Johnson,yglenn@example.net,Vanuatu,2022-11-30,Standard,28640.11
1350,Amy Rodriguez,rfarley@example.com,Togo,2020-12-12,Standard,19881.23
1351,Kimberly Coleman DDS,francisco67@example.net,Uzbekistan,2025-05-25,Basic,1136.76
1352,Terry Campbell,christopher38@example.com,Guadeloupe,2018-07-17,Basic,28804.81
1353,Amanda Hill,donna90@example.org,Gambia,2015-06-18,Basic,51295.0
1354,Erica Baker,scottsmith@example.org,Lao People's Democratic Republic,2018-12-20,Premium,39964.18
1355,Ian Little,rickyriley@example.org,Falkland Islands (Malvinas),2025-04-18,Basic,32525.99
1356,Kristen Ashley,xwhite@example.com,Eritrea,2018-01-12,Standard,20626.15
1357,Bethany Mccoy,monicadouglas@example.org,Brazil,2022-05-04,Standard,7596.19
1358,Cathy Hunter,criley@example.net,Saint Barthelemy,2022-07-28,Standard,34717.87
1359,Trevor Braun,allen58@example.net,Aruba,2021-08-08,Basic,55139.93
1360,Hannah Jones,ewilson@example.org,Costa Rica,2022-08-07,Basic,39116.44
1361,Jacob Carson,bjones@example.com,Cambodia,2021-02-21,Standard,13698.77
1362,Lawrence Ward,xmerritt@example.com,Western Sahara,2015-10-06,Premium,883.59
1363,Lisa Martin,carteredward@example.net,Anguilla,2016-03-01,Premium,7552.98
1364,Daniel Edwards,shelby69@example.org,Palestinian Territory,2023-02-18,Standard,26525.85
1365,Jane Cuevas,friedmansusan@example.org,Mongolia,2015-04-08,Standard,14682.69
1366,Laura Kelley,hryan@example.net,South Georgia and the South Sandwich Islands,2021-08-30,Standard,4501.92
1367,John Warren,mstewart@example.net,French Polynesia,2025-08-29,Standard,62700.57
1368,Erin Lloyd,jerry51@example.net,Dominican Republic,2025-09-28,Standard,9353.81
1369,Tyler Ortiz,bellwilliam@example.com,Palau,2016-06-16,Premium,64268.95
1370,Mr. Richard Hall,sarasanchez@example.com,Peru,2022-04-07,Standard,57348.37
1371,Brenda Green,matthew11@example.com,Italy,2025-01-18,Standard,72545.62
1372,Brittany Snyder,rachelwalter@example.org,Chad,2018-04-21,Premium,14023.66
1373,Dennis Spencer,inewton@example.org,Syrian Arab Republic,2022-03-01,Standard,70229.61
1374,Michael Fritz,zacharymoreno@example.com,United Kingdom,2023-08-18,Standard,74644.74
1375,Cameron Terry,jenniferwilson@example.com,Nauru,2023-08-20,Standard,67778.51
1376,Ashley Bowen,rodgersmichael@example.com,United States Minor Outlying Islands,2023-10-03,Basic,19485.91
1377,Jerry Davenport,katherine22@example.net,Seychelles,2019-04-17,Premium,58338.67
1378,Samantha Hicks,paulawatkins@example.com,Peru,2017-11-23,Standard,74697.9
1379,Jamie Gonzales,shirley13@example.com,Lithuania,2019-12-10,Basic,20033.7
1380,Justin Merritt,ymitchell@example.com,Saudi Arabia,2017-04-01,Premium,73461.79
1381,Charles Cervantes,russellramirez@example.net,Germany,2020-07-08,Standard,13588.55
1382,Dustin Wilson,tommy32@example.com,Wallis and Futuna,2019-11-02,Premium,40662.25
1383,Virginia Molina,elizabeththomas@example.org,Micronesia,2025-03-27,Standard,48339.53
1384,Nicole Johnson,moyeramber@example.org,Albania,2015-05-23,Standard,19609.97
1385,Rodney Wood IV,hdennis@example.org,Switzerland,2017-10-23,Premium,42958.01
1386,Thomas Moran,wallaceryan@example.com,Benin,2020-07-31,Basic,1652.67
1387,Wendy Dennis,schmittlinda@example.net,South Africa,2025-06-18,Premium,48115.06
1388,Benjamin Moore,joshua81@example.net,Portugal,2016-09-12,Premium,29438.67
1389,Tim Hamilton,james80@example.net,Niue,2021-06-11,Basic,67870.16
1390,Chad Bennett,emilybaker@example.org,Libyan Arab Jamahiriya,2023-08-24,Premium,53143.52
1391,Morgan Campbell,cynthiadavis@example.net,Togo,2024-06-19,Standard,32845.31
1392,Cindy Hamilton,ngrant@example.net,Christmas Island,2015-10-15,Basic,60967.61
1393,Michael Austin,danawashington@example.net,Zimbabwe,2025-09-13,Standard,497.23
1394,Eric Hall,elizabeth76@example.net,Guinea-Bissau,2016-05-11,Standard,58542.28
1395,Elizabeth Robinson,robert75@example.org,Panama,2019-01-10,Standard,70144.4
1396,Christopher Huber,baileyraymond@example.org,Singapore,2015-08-15,Standard,22886.4
1397,Sara Shields,bmcdaniel@example.com,Ethiopia,2016-01-07,Standard,71922.09
1398,Stacy Patton,hartmarcus@example.net,Ghana,2018-10-24,Standard,64037.32
1399,Robert Coleman,rita47@example.net,Cyprus,2023-08-06,Premium,34608.04
1400,Robert Parker,kwalker@example.net,Costa Rica,2021-03-21,Standard,15433.26
1401,Ashley Donaldson,david80@example.net,Angola,2017-02-21,Premium,28966.23
1402,Ann Bush,katie81@example.net,Australia,2016-03-13,Standard,29410.33
1403,Heidi Gonzalez,maryfoster@example.net,Denmark,2015-12-14,Standard,27104.77
1404,Christopher Brooks,ulewis@example.org,Wallis and Futuna,2017-02-15,Basic,32989.29
1405,Ryan Fischer,masonlacey@example.org,Cayman Islands,2023-01-27,Premium,14683.68
1406,Alexander Welch,arthurbrady@example.com,Palau,2019-05-12,Basic,18076.76
1407,Robert Mcdowell,joneswilliam@example.net,Serbia,2018-06-14,Premium,40656.27
1408,Alicia Newton,codychapman@example.com,Congo,2024-02-08,Standard,72380.3
1409,Shannon Glover,bhunt@example.com,Falkland Islands (Malvinas),2015-06-01,Standard,74688.56
1410,Brett Costa,bbennett@example.org,Cyprus,2023-02-01,Standard,25494.47
1411,Kristina Webb,patrickkaiser@example.net,India,2024-01-19,Premium,9084.49
1412,Pamela Klein,bwalker@example.com,Sierra Leone,2025-07-17,Standard,39353.19
1413,Jacob Hart,martin11@example.net,Chile,2016-09-02,Standard,65600.59
1414,Tom Watkins,thomaschristina@example.com,Mali,2015-10-23,Basic,17665.68
1415,Lacey Hall,tking@example.net,Guadeloupe,2022-05-02,Premium,10833.89
1416,Amanda Barker,rsavage@example.net,Cote d'Ivoire,2021-12-07,Premium,68061.62
1417,Rebecca Gardner,susan35@example.com,Russian Federation,2016-06-18,Premium,52671.94
1418,Mr. Patrick Quinn,simmonschris@example.org,Saudi Arabia,2025-02-22,Premium,47541.44
1419,Joseph Martinez,samuelstanton@example.org,Turks and Caicos Islands,2020-02-12,Standard,59578.86
1420,Christopher Pratt,jtaylor@example.com,Iran,2015-09-19,Standard,62692.57
1421,Bruce Forbes,alexandra95@example.net,Pakistan,2020-07-29,Basic,8198.26
1422,Dylan Cohen,april47@example.com,Cote d'Ivoire,2015-09-16,Standard,46268.23
1423,Tammy Cortez,frankespinoza@example.com,Algeria,2024-02-06,Basic,32109.31
1424,Christopher Ruiz,collinsjacob@example.net,Bhutan,2019-07-05,Basic,55410.15
1425,Erin Brown,ewheeler@example.com,North Macedonia,2021-06-17,Standard,73195.03
1426,Courtney Fuller,joshuahoover@example.com,Myanmar,2025-10-26,Standard,24288.84
1427,Holly Wang,ann31@example.net,Cape Verde,2021-08-26,Basic,57376.03
1428,Daniel White,martinezalexa@example.net,Seychelles,2018-01-26,Standard,4975.84
1429,Kenneth Castaneda,tammy97@example.org,Chile,2022-10-23,Premium,31282.79
1430,David Robinson,douglasalvarez@example.org,Gibraltar,2017-09-24,Standard,12584.21
1431,Wayne Taylor,ecoleman@example.com,Gabon,2016-02-14,Basic,3292.24
1432,Autumn Castro,tschroeder@example.com,Guinea,2019-03-21,Basic,47506.55
1433,Joseph Schmidt,stephaniedougherty@example.com,Rwanda,2020-06-17,Basic,1418.37
1434,Jeffrey Alexander,gina86@example.net,Guernsey,2025-05-21,Premium,789.99
1435,Sean Wyatt,jessica39@example.net,Turkey,2024-12-11,Premium,48968.75
1436,Dr. Janet White PhD,gonzalezmichael@example.org,Albania,2023-11-20,Standard,52089.39
1437,Erin Bartlett,wesley09@example.com,Antigua and Barbuda,2017-04-24,Basic,52003.79
1438,Maria Sanders,joshua09@example.org,Tokelau,2020-01-19,Premium,20503.49
1439,Kaitlin Lawson,ehenry@example.net,Tunisia,2021-11-05,Standard,70372.2
1440,Kimberly Garcia,anthony22@example.org,Belize,2023-01-16,Standard,44821.33
1441,Ryan Brown,edwardsmichaela@example.com,Timor-Leste,2022-01-12,Standard,71284.78
1442,Lucas Smith,rachael29@example.net,Western Sahara,2019-09-12,Basic,22764.68
1443,Adrian Beck,qmonroe@example.org,Bahrain,2016-04-26,Premium,17864.02
1444,Philip Hernandez,christopher70@example.com,New Caledonia,2021-12-10,Basic,73265.16
1445,Jonathan Thompson,collinsann@example.org,Guam,2021-01-19,Standard,57144.34
1446,Russell Miller,fdavis@example.org,Saint Lucia,2022-01-09,Standard,34950.15
1447,Evan Sims,wangkristina@example.org,Northern Mariana Islands,2017-03-04,Standard,20912.89
1448,Brad Ramsey,kylebecker@example.org,San Marino,2024-06-18,Premium,11404.0
1449,Brandi Brown,gregory29@example.com,Isle of Man,2016-12-23,Basic,35712.36
1450,Cole Stephenson,tiffanygreen@example.com,Estonia,2015-08-10,Standard,69219.81
1451,Henry Cox,rgallegos@example.org,Argentina,2019-11-16,Standard,21558.57
1452,Lauren Moore,victoriahamilton@example.net,Sudan,2024-12-24,Standard,46357.25
1453,Donna Peterson,christopher34@example.org,Lao People's Democratic Republic,2023-04-21,Basic,3487.98
1454,Thomas Holmes,thomasmcdonald@example.com,Holy See (Vatican City State),2016-10-09,Premium,40417.71
1455,Mary Valenzuela,jacqueline50@example.org,Italy,2016-04-20,Basic,36508.34
1456,George Leach,robintorres@example.com,Mayotte,2019-12-27,Premium,17838.66
1457,Alex Lamb,swatkins@example.com,Saint Martin,2017-03-25,Standard,24616.43
1458,Roy King,carolyn76@example.com,Armenia,2017-07-31,Basic,67403.36
1459,Sherry Hines,fisherkim@example.net,Iran,2016-02-06,Basic,24628.38
1460,Carly Jackson,olivia83@example.net,Sao Tome and Principe,2017-03-30,Standard,31091.51
1461,Matthew Kramer,wallerkyle@example.org,Spain,2020-04-13,Standard,16744.54
1462,James Murray,jamesjackson@example.com,Belgium,2019-11-21,Standard,4311.87
1463,Scott Kim,ericpeters@example.com,Albania,2020-02-07,Premium,69609.56
1464,Gregory Ruiz,ehale@example.net,Honduras,2020-02-18,Standard,28168.01
1465,Michelle Hines,hugheslucas@example.org,Iran,2025-12-09,Basic,47493.58
1466,Stephanie Weiss,icarlson@example.org,Guatemala,2015-05-12,Standard,25357.88
1467,Patrick Willis II,katrinawood@example.com,Macao,2016-07-13,Standard,4708.97
1468,Lisa Walton,brewerdevin@example.org,Aruba,2019-09-10,Premium,35048.69
1469,Jeffrey Morgan,ronaldmitchell@example.com,Peru,2024-12-09,Standard,25932.31
1470,Amanda Mullen,zwhite@example.net,Maldives,2023-11-29,Standard,11969.91
1471,Julie Miller,riosrichard@example.org,Central African Republic,2016-11-27,Standard,45961.72
1472,Kenneth Cruz,psmith@example.net,Iran,2017-07-29,Standard,41568.48
1473,Anthony Coleman,munozleah@example.com,Macao,2020-06-26,Premium,64308.79
1474,John Rogers,daniel26@example.net,Senegal,2020-04-23,Basic,16429.08
1475,Michael Hernandez,stacy94@example.org,Malaysia,2023-03-10,Basic,21118.02
1476,Monica Gibson,marshallbill@example.com,Kuwait,2017-10-12,Standard,65476.74
1477,Stephen Parks,ronald40@example.net,Ethiopia,2024-12-31,Standard,43565.16
1478,Howard Smith,kenneth09@example.org,Guinea-Bissau,2025-03-31,Basic,70982.36
1479,Kim Foster,christopherdavis@example.net,Cameroon,2025-12-28,Standard,629.55
1480,Jessica Hill,pbarker@example.net,Swaziland,2023-03-24,Premium,74347.69
1481,Judy Jones,benjamin91@example.com,Malaysia,2020-12-15,Basic,2763.14
1482,Mrs. Tammy Curry,lmorales@example.net,Equatorial Guinea,2022-10-24,Standard,60776.31
1483,Natalie Miller,ysanford@example.org,Montserrat,2017-09-12,Basic,34069.99
1484,Eric Palmer,heatherwilliams@example.net,Lebanon,2022-10-10,Premium,56542.63
1485,Timothy Hill,joshuapowers@example.net,Iran,2016-06-27,Basic,71257.56
1486,Megan Nelson,yclark@example.com,Palestinian Territory,2016-01-07,Standard,18119.91
1487,Derek George,colton30@example.net,Greece,2016-10-24,Premium,50260.41
1488,Logan Chandler,omatthews@example.net,Greenland,2023-05-19,Basic,64379.68
1489,Karen Grant,matthew57@example.org,Kyrgyz Republic,2020-03-14,Standard,73237.45
1490,Kathryn Patel,emilyscott@example.org,Panama,2019-07-19,Basic,65596.38
1491,Tracy Welch,christopher85@example.com,French Guiana,2022-01-11,Standard,65398.5
1492,Jocelyn Mcdonald,colleenjackson@example.com,Mongolia,2024-08-25,Standard,47596.82
1493,Zachary Johnson,angela73@example.com,Uruguay,2022-09-30,Standard,29019.73
1494,Jamie Rush,davisjeffery@example.org,Montserrat,2019-10-11,Standard,2695.38
1495,Sean Wang,wpierce@example.org,Italy,2021-11-13,Basic,52429.61
1496,Diana Townsend,beckgloria@example.net,Serbia,2023-11-01,Standard,59637.29
1497,Kathryn Patel,michelesimpson@example.com,France,2018-10-07,Standard,46629.03
1498,Joanna Bradshaw,ricardosmith@example.com,Serbia,2025-08-08,Basic,4347.17
1499,Christopher Solomon,acarpenter@example.com,Isle of Man,2015-07-31,Basic,27458.29
1500,Allen Walker,greenejessica@example.org,Greece,2021-12-10,Premium,27577.92
1501,Carol Garrett,craneandrew@example.net,Turks and Caicos Islands,2022-04-08,Premium,27640.87
1502,Jean Dixon,melissamartin@example.com,Saint Kitts and Nevis,2022-12-15,Standard,5258.69
1503,Casey Giles,marcuscarter@example.org,Costa Rica,2018-10-03,Basic,10595.83
1504,Judy Sutton,yfritz@example.org,Kyrgyz Republic,2020-05-13,Standard,8738.44
1505,Ashley Munoz,monica23@example.com,Saint Helena,2024-10-08,Basic,56482.72
1506,Adriana Johnson,ecamacho@example.com,Barbados,2023-05-10,Basic,15932.1
1507,Tina Ware,baldwincatherine@example.net,Rwanda,2025-01-25,Basic,24204.67
1508,John Barber,lisa05@example.com,Saint Barthelemy,2018-02-09,Standard,51096.95
1509,Lori Alexander,garciamelanie@example.net,Sao Tome and Principe,2020-01-28,Premium,28117.83
1510,Miranda Richardson,donald37@example.org,Estonia,2016-05-17,Standard,39619.52
1511,Martin Jones,wgoodwin@example.com,Guam,2024-04-03,Standard,40009.86
1512,Jeremy Cobb,ashley90@example.org,Cameroon,2021-12-18,Standard,22096.76
1513,Allison Beard,jennifer42@example.net,North Macedonia,2022-10-10,Standard,50579.66
1514,Micheal Nunez,julianeal@example.org,New Caledonia,2015-09-26,Basic,70580.47
1515,James Walsh,rosalesbrandy@example.org,Myanmar,2015-12-24,Standard,66327.43
1516,Jackson Romero,kwoods@example.com,Norway,2018-03-27,Premium,67371.45
1517,Samuel Edwards,nicholas72@example.net,Liberia,2016-11-05,Basic,6001.81
1518,Steven Smith,petersonkyle@example.org,Canada,2020-07-25,Standard,52356.89
1519,Richard Mccormick,michaelstevens@example.net,United States of America,2025-09-04,Standard,15518.15
1520,Paul Fuentes,judithcox@example.org,Iran,2025-11-15,Standard,22164.42
1521,Tiffany Romero,angela88@example.org,South Georgia and the South Sandwich Islands,2020-04-25,Standard,69896.18
1522,Keith Wright,laura23@example.org,Portugal,2022-03-25,Standard,33428.54
1523,Cassandra Krause,andrea13@example.net,Switzerland,2015-04-01,Premium,14382.28
1524,Susan Anderson,bruce33@example.net,Senegal,2025-08-16,Basic,17616.52
1525,Julie Herrera,florescynthia@example.org,Lesotho,2021-06-28,Standard,25356.83
1526,Bradley Gonzalez,carmenevans@example.org,Mozambique,2018-08-29,Standard,48542.33
1527,Taylor Cortez,mwaters@example.net,Sri Lanka,2020-12-11,Standard,50022.69
1528,Nicole Gay,karen94@example.com,Norfolk Island,2018-05-30,Basic,33532.91
1529,Jordan Palmer,joseph83@example.com,Falkland Islands (Malvinas),2018-06-09,Standard,67396.57
1530,Kathryn Garrett,rowlandsonya@example.com,Albania,2020-06-06,Standard,19685.56
1531,William Ruiz,haroldhodges@example.net,Gabon,2024-06-25,Standard,21788.94
1532,Scott Peterson,jamesrodriguez@example.org,Croatia,2020-02-11,Premium,26645.79
1533,Eric Miranda,tgarcia@example.net,Cote d'Ivoire,2016-10-20,Basic,46492.61
1534,Brittney Moore,kfloyd@example.net,Panama,2025-11-30,Basic,21572.18
1535,Tyler Zavala,rchan@example.org,Venezuela,2025-02-22,Standard,53181.31
1536,Timothy Davenport,dustin55@example.net,Germany,2017-09-01,Standard,11722.99
1537,Jeffery Long,zsmith@example.org,Ireland,2021-06-11,Premium,74534.53
1538,Robert Proctor,andrew33@example.net,Saint Barthelemy,2017-01-25,Premium,19715.44
1539,Ronnie Johnson,ugibbs@example.net,Monaco,2022-06-19,Standard,53108.29
1540,Rebecca Williamson,ggates@example.org,Ecuador,2019-03-08,Standard,25952.56
1541,Nathan David,ccrane@example.net,Iceland,2020-12-25,Standard,73166.06
1542,Susan Tucker,valerie96@example.org,Bolivia,2019-07-16,Standard,69052.44
1543,Grant Medina,hmclean@example.com,Burkina Faso,2025-08-18,Basic,57696.73
1544,Angela Rowland,jholloway@example.net,French Southern Territories,2015-01-18,Standard,24186.29
1545,Kristina Gonzales,ashley48@example.net,Svalbard & Jan Mayen Islands,2020-09-09,Basic,41074.38
1546,Alex Barton,harrellholly@example.net,Germany,2020-04-25,Standard,52982.49
1547,Heather Mejia,jackmcdonald@example.com,Guyana,2023-06-17,Basic,72728.02
1548,Michael Padilla,cassandra02@example.org,Norway,2016-08-25,Basic,43136.14
1549,James Tucker,deckerbrian@example.net,Holy See (Vatican City State),2025-05-05,Basic,54708.65
1550,Jeffrey Johnson,kristy74@example.net,Grenada,2023-03-16,Standard,51763.74
1551,Morgan Cunningham,schmidtlauren@example.org,Montserrat,2022-08-09,Standard,3246.05
1552,Lisa Kaiser,wangryan@example.com,Lao People's Democratic Republic,2019-07-04,Standard,23279.14
1553,Spencer Stevenson,charles95@example.com,Marshall Islands,2019-01-03,Standard,16722.27
1554,Nancy Fry,moraleskelly@example.net,Switzerland,2022-03-11,Premium,4363.76
1555,Adam Morris,jonathanwalker@example.net,Seychelles,2023-10-06,Standard,39600.93
1556,Jimmy Ortega,patricia92@example.org,Sierra Leone,2015-04-03,Basic,21025.06
1557,Eric Garcia,chanamber@example.org,Greece,2022-08-05,Premium,63746.49
1558,Tanya Barrett,kevincoleman@example.com,Djibouti,2020-09-27,Standard,6781.43
1559,Claudia Kelly,natalieblackburn@example.org,Syrian Arab Republic,2021-10-06,Standard,36912.29
1560,Allison Dillon,omargriffin@example.com,Congo,2025-03-09,Standard,70769.31
1561,James Olsen,costawilliam@example.net,Saint Kitts and Nevis,2023-01-11,Standard,29967.46
1562,Carla Clark,wyang@example.net,Ghana,2019-03-08,Basic,27879.84
1563,Daniel Davis,timothy81@example.com,Andorra,2018-06-15,Premium,26032.79
1564,Robert Ross,gomezsonya@example.org,Jordan,2015-12-25,Basic,65604.05
1565,Marissa Perez,santoslisa@example.com,Andorra,2023-04-26,Standard,66613.41
1566,Denise Holland,brandon32@example.net,Algeria,2018-03-28,Basic,60325.49
1567,Christopher Neal,brownleah@example.net,Panama,2025-01-25,Standard,54668.05
1568,Luke Morrow,hthompson@example.org,Saint Vincent and the Grenadines,2016-07-25,Standard,67258.05
1569,Mary Diaz,buchanananthony@example.org,Gambia,2016-08-11,Basic,44945.69
1570,Jake Skinner,anthony05@example.org,Tuvalu,2024-09-23,Standard,35727.33
1571,Nicholas Thomas,ywilliams@example.net,Saint Helena,2025-06-19,Standard,25322.4
1572,Brooke Smith,christophermcneil@example.org,Lebanon,2015-12-29,Basic,56769.53
1573,Jason Villanueva,mtaylor@example.net,Afghanistan,2018-01-24,Premium,48000.75
1574,John Leach,marcusfernandez@example.net,Paraguay,2022-12-19,Standard,41797.08
1575,Karen Goodman,davidrobertson@example.org,Czech Republic,2017-03-27,Standard,68636.69
1576,Natalie Love,olivia13@example.org,El Salvador,2021-03-18,Standard,28787.27
1577,Matthew Murphy,hbarnett@example.net,Morocco,2018-05-21,Standard,61754.24
1578,Debra Lam MD,donna90@example.net,United Kingdom,2021-04-09,Basic,22967.6
1579,Lynn Bauer,alexiswalters@example.org,Central African Republic,2023-11-15,Basic,17032.89
1580,Adam Castillo,jacob96@example.com,Croatia,2025-09-20,Premium,19885.11
1581,Dennis Gonzales,diana85@example.com,Uganda,2016-05-23,Standard,47832.92
1582,Glen Wiggins,qalvarado@example.com,Serbia,2019-09-05,Standard,66978.32
1583,Amy Diaz,oconnelldavid@example.org,Kuwait,2022-03-26,Standard,68032.79
1584,Barbara Marquez,morganparker@example.com,Micronesia,2018-02-09,Standard,9171.76
1585,Mrs. Sharon Wagner,gwilkins@example.org,Cambodia,2021-09-19,Standard,72804.24
1586,Courtney Smith,alicia29@example.net,Malta,2021-05-05,Basic,43684.67
1587,Joseph Ryan,nicholasgarcia@example.org,North Macedonia,2022-09-10,Standard,19528.89
1588,Lisa Bridges,amberfriedman@example.com,Togo,2016-05-04,Standard,52144.82
1589,Anthony Costa,hphillips@example.com,Uganda,2015-03-13,Standard,55038.56
1590,Frank Griffith,aaron48@example.net,Georgia,2015-08-28,Basic,12422.83
1591,Nicholas Wheeler,brownrobert@example.org,Liberia,2022-10-10,Premium,34713.04
1592,Pamela Roman,petermoore@example.com,India,2018-01-21,Premium,12457.34
1593,Danielle Bell,tabithahill@example.com,British Virgin Islands,2025-09-17,Standard,47809.47
1594,Laurie Chambers,scottchambers@example.com,Algeria,2020-12-09,Standard,21916.75
1595,Kelly Warren,chall@example.com,Swaziland,2017-03-04,Standard,5992.79
1596,Patrick Gibson,beardkaren@example.net,Guam,2016-01-23,Basic,13947.75
1597,Tiffany Williams,daniel76@example.net,Chile,2018-08-14,Standard,12743.41
1598,Melissa Bauer,jeffrey11@example.net,Netherlands,2022-09-06,Basic,62054.94
1599,Sharon Allen,bcopeland@example.com,Azerbaijan,2022-10-29,Basic,20541.56
1600,Sharon Ramirez,rebecca85@example.com,Papua New Guinea,2021-07-03,Standard,7413.55
1601,Victoria Miller,marqueztodd@example.net,Lithuania,2016-07-14,Standard,10992.88
1602,Jeffrey Baker,kcastro@example.com,New Caledonia,2020-06-09,Standard,28132.81
1603,Tammy Reyes,garzalaura@example.org,Morocco,2016-10-29,Standard,69087.83
1604,Vincent Allen,tochoa@example.net,Armenia,2017-06-24,Premium,11802.98
1605,Richard Phelps,bentleylisa@example.net,Samoa,2021-04-07,Basic,59684.23
1606,Maureen Johnson,andrewbautista@example.org,French Guiana,2020-11-23,Standard,62398.36
1607,Rebecca Daniel,michael55@example.org,Falkland Islands (Malvinas),2022-11-16,Basic,53512.9
1608,Anthony Ellis,kayla23@example.net,Sierra Leone,2020-03-01,Basic,8769.01
1609,Mariah Yang,kimberly27@example.org,Grenada,2016-06-21,Basic,8963.28
1610,Joshua Trujillo,leslietorres@example.net,Bermuda,2018-06-30,Basic,36093.99
1611,Emily Crawford,katherineharris@example.net,Libyan Arab Jamahiriya,2019-12-16,Standard,10641.3
1612,Robert Huang,susanmorris@example.org,Comoros,2023-07-25,Basic,44924.24
1613,Susan Graves,katherine82@example.com,Niger,2018-06-01,Basic,13122.49
1614,Christina Davis,jphelps@example.net,Guam,2017-06-29,Premium,61139.41
1615,Jennifer Morse,kirkjill@example.com,Nicaragua,2022-09-19,Premium,52144.76
1616,Angela Key,pmckenzie@example.net,Cape Verde,2016-06-17,Standard,9619.48
1617,Denise Simpson,johnperez@example.net,Sudan,2023-07-23,Basic,32004.18
1618,Adam Sanchez,mathewstimothy@example.com,Israel,2023-09-09,Basic,6060.71
1619,Yvette Lee,melaniecarpenter@example.net,Morocco,2017-03-15,Standard,32485.75
1620,Veronica Francis,linda46@example.com,Haiti,2020-10-04,Premium,59530.87
1621,Taylor Flores,chase25@example.net,Egypt,2025-03-10,Standard,35313.91
1622,Lauren Davis,gnichols@example.net,Denmark,2022-06-27,Standard,5201.99
1623,Michelle Newman,stevenandrews@example.org,Kuwait,2016-05-22,Premium,7463.64
1624,Kathleen Graham,andrewwest@example.net,Azerbaijan,2025-02-08,Basic,15603.74
1625,Karen Mccarthy,flemingcameron@example.net,Falkland Islands (Malvinas),2015-04-30,Standard,50377.4
1626,Theresa Luna,wjordan@example.org,Indonesia,2025-07-24,Premium,63478.15
1627,Jesse Ryan,mark98@example.com,Cambodia,2018-12-13,Standard,43586.41
1628,Veronica Matthews,arellanobrian@example.com,Namibia,2023-03-04,Standard,37672.42
1629,William Austin,ucross@example.org,Egypt,2015-10-07,Standard,37991.96
1630,Patricia Mayo,anthonymcfarland@example.net,British Indian Ocean Territory (Chagos Archipelago),2015-02-27,Premium,43465.49
1631,Brandon Powell,yballard@example.net,Lebanon,2025-10-24,Standard,53756.92
1632,Greg Davis,gregory64@example.com,Bermuda,2021-01-09,Standard,67649.11
1633,James Perez,morgankaren@example.net,Equatorial Guinea,2025-05-13,Premium,54469.86
1634,Larry Hendrix,flemingcody@example.org,Marshall Islands,2022-12-08,Standard,37938.6
1635,Gabriel Torres,michele23@example.net,Niger,2017-01-28,Standard,52435.43
1636,Mr. William Davis DDS,carolberry@example.com,Romania,2017-01-10,Standard,71841.64
1637,Patricia Romero,cjohnson@example.net,Tuvalu,2019-10-04,Basic,73602.26
1638,Teresa Aguirre,savannah15@example.net,Cocos (Keeling) Islands,2016-04-07,Standard,17259.68
1639,Carol Garcia,carrieosborn@example.com,Wallis and Futuna,2020-03-23,Basic,23742.45
1640,Matthew Decker,qraymond@example.net,Bahrain,2023-07-20,Premium,10409.45
1641,Jacob Allen,zlopez@example.org,Guinea-Bissau,2023-02-05,Standard,21798.28
1642,William Castillo,abbottchristopher@example.net,Gibraltar,2016-04-18,Premium,24776.63
1643,Kristine Park,psherman@example.org,Finland,2023-04-04,Standard,34406.7
1644,Jerome Gonzalez,ypowell@example.org,Liechtenstein,2019-12-24,Standard,73219.38
1645,Brian Hoffman,ytorres@example.com,Sierra Leone,2024-08-04,Standard,30694.35
1646,Amy Guerra,staceyparker@example.net,San Marino,2025-01-12,Standard,64293.84
1647,Kimberly Davidson,fergusonbrandon@example.com,Hungary,2022-08-13,Basic,35806.84
1648,Victor Williams,hrodgers@example.org,Malawi,2022-07-24,Standard,1205.74
1649,Michael Lozano,bryantjacob@example.org,Rwanda,2019-11-30,Standard,8111.6
1650,Miguel Simpson,williamspatrick@example.net,Brazil,2016-05-03,Standard,50819.77
1651,Abigail Allen,tracey63@example.com,United States Virgin Islands,2021-08-15,Premium,30196.67
1652,Amanda Thomas,christyscott@example.com,Pitcairn Islands,2025-01-03,Basic,55672.05
1653,Sharon Sims,shelbyvaldez@example.com,Ireland,2025-12-08,Basic,5087.1
1654,Jennifer Gutierrez,megan37@example.com,Netherlands Antilles,2024-06-19,Standard,15219.7
1655,Michael Williams,sanderson@example.org,Barbados,2024-05-25,Basic,9426.47
1656,Ashley Barrera,ijones@example.com,Chad,2023-07-30,Standard,37558.48
1657,Dawn Becker,smitchell@example.com,Togo,2018-01-23,Basic,43748.42
1658,Ashley Wilson,stephaniepeters@example.com,Cook Islands,2025-07-30,Basic,60123.57
1659,Zachary Harrison,rodriguezbenjamin@example.com,Colombia,2021-10-06,Standard,35818.01
1660,Michael Jones,cgilbert@example.net,Cambodia,2020-09-25,Basic,74067.36
1661,Randy Bates,kaylahardy@example.org,Montenegro,2016-03-18,Standard,57657.97
1662,Christian Villarreal,sandra57@example.org,United Arab Emirates,2017-08-03,Premium,36828.27
1663,Jeanne Hernandez,william32@example.net,Congo,2016-02-12,Standard,10311.98
1664,Nathan Johnson,pjones@example.net,Marshall Islands,2020-08-02,Basic,62315.86
1665,Christopher Payne,brian16@example.net,Martinique,2019-04-17,Standard,72912.42
1666,Nathan Ramsey,mitchell21@example.net,Djibouti,2018-05-25,Standard,24689.95
1667,Aaron Brown,hmack@example.org,Serbia,2015-11-10,Standard,7450.94
1668,Kristy Jones,ppineda@example.com,Finland,2020-07-09,Standard,39116.18
1669,Jasmine Kent,feliciasalazar@example.com,North Macedonia,2022-06-04,Basic,15344.4
1670,Thomas Hernandez,jeffrey42@example.com,Equatorial Guinea,2021-01-30,Standard,37983.41
1671,Isabel Smith,douglas76@example.net,Turkmenistan,2021-02-16,Standard,64510.51
1672,Crystal Morales,jared66@example.com,Kuwait,2019-10-29,Premium,57356.38
1673,Jill Price,matthew62@example.net,Marshall Islands,2020-01-18,Basic,9155.27
1674,Daniel Lee,stacydaniel@example.net,Haiti,2020-02-26,Standard,28381.16
1675,Kimberly Gallagher,tbrooks@example.org,India,2022-05-24,Premium,13470.97
1676,Brian Pearson,rebecca96@example.org,Cook Islands,2022-12-02,Basic,22902.58
1677,Juan Moore,bgiles@example.org,Western Sahara,2018-07-03,Standard,32443.41
1678,Michael Cruz,joshuareese@example.net,Seychelles,2016-03-24,Basic,36687.26
1679,James Casey,edwardstewart@example.org,Trinidad and Tobago,2021-03-18,Standard,36918.89
1680,Pamela Tucker,lowekristin@example.org,Angola,2020-05-03,Standard,43022.71
1681,Scott Brown,edwardsrachel@example.org,Samoa,2015-08-17,Standard,11934.24
1682,Daniel Pittman,cindy59@example.com,Lebanon,2025-11-20,Standard,37228.16
1683,Christopher Turner,rachelhernandez@example.com,British Indian Ocean Territory (Chagos Archipelago),2023-08-06,Standard,50817.46
1684,Lisa Moore,rgraves@example.net,Thailand,2015-04-26,Basic,24206.09
1685,Vanessa Beck,reginadavis@example.org,Burkina Faso,2019-02-09,Standard,9832.81
1686,Kaitlyn Woods,willisvanessa@example.com,Venezuela,2015-04-21,Standard,55718.77
1687,Kenneth West,wallerstacey@example.net,Guatemala,2019-04-08,Basic,46980.19
1688,Victoria Tanner,thompsonclaire@example.net,India,2019-01-03,Premium,26049.44
1689,Ashley Donovan,suzanneflores@example.net,Somalia,2017-09-27,Standard,4469.58
1690,Angela Morrison,lsmith@example.com,Chile,2021-08-24,Standard,48694.19
1691,David Palmer,burnsrebecca@example.org,Pakistan,2024-09-29,Premium,51677.35
1692,Eric Cole,rmorgan@example.net,Senegal,2015-03-22,Standard,25485.17
1693,Mary Cook,andersontiffany@example.net,Algeria,2022-05-18,Standard,3043.98
1694,Alicia James,cjames@example.net,Peru,2025-02-09,Basic,42711.69
1695,James Richardson,vrussell@example.org,Western Sahara,2020-04-07,Standard,1775.07
1696,Dennis Lee,joseph71@example.net,United States Minor Outlying Islands,2019-03-28,Standard,73935.92
1697,Jordan Wilson,lindarodriguez@example.org,Christmas Island,2016-02-05,Standard,24351.0
1698,Christian Solis,shieldsalec@example.org,Saint Pierre and Miquelon,2022-07-28,Basic,7729.24
1699,Sheila Williamson,brandisheppard@example.com,Norfolk Island,2024-02-06,Standard,37380.67
1700,Rachel Rodriguez,browndominic@example.net,Vanuatu,2021-11-23,Basic,25630.57
1701,Brandon Bean,hamiltongina@example.org,Australia,2017-04-06,Standard,72714.72
1702,Jasmine Garrett,thomasgonzalez@example.com,Netherlands,2023-10-30,Standard,63588.22
1703,Julie Dennis,ramoswilliam@example.org,Christmas Island,2017-05-26,Premium,63812.49
1704,Deborah Humphrey,hollywarner@example.org,Comoros,2021-06-07,Standard,3802.97
1705,Frank Braun,ralphhuff@example.com,Netherlands Antilles,2023-05-01,Standard,17134.98
1706,Martin Robinson,madison38@example.org,Palau,2021-06-26,Basic,53898.59
1707,Melinda Campbell,calvinbrown@example.com,United Kingdom,2015-10-03,Premium,25428.65
1708,Lisa Roth,craigrachel@example.com,American Samoa,2019-10-16,Standard,39947.01
1709,Megan Flores,helen91@example.net,Estonia,2022-04-22,Standard,59724.97
1710,Emma Howard,twood@example.com,Germany,2018-05-13,Basic,37971.81
1711,Natasha Perez,bradgomez@example.com,Turkmenistan,2017-03-30,Standard,40611.08
1712,Thomas Mathis,dford@example.com,Cape Verde,2020-10-11,Standard,19032.04
1713,Paul Barnes,markskristina@example.com,Trinidad and Tobago,2017-01-09,Standard,57317.31
1714,Jennifer Smith,edwardshah@example.org,Bhutan,2020-10-15,Basic,47181.33
1715,John Nelson,andrewmyers@example.com,Switzerland,2017-05-22,Basic,43369.04
1716,Kirsten Perez,flawson@example.com,Jordan,2025-07-09,Standard,61837.12
1717,Caitlin Costa,gomezdaniel@example.com,Romania,2020-12-22,Standard,70302.93
1718,Dylan Young,alara@example.com,American Samoa,2025-03-03,Basic,63994.9
1719,Lynn Morgan,gabriella69@example.org,Netherlands Antilles,2022-01-11,Standard,42567.2
1720,Douglas Hardy,mikewaller@example.org,Andorra,2020-03-09,Premium,15248.44
1721,Jason Clark,haley57@example.com,Moldova,2022-09-08,Premium,11497.83
1722,Riley Hale,tammyharrington@example.net,United States Minor Outlying Islands,2019-08-08,Basic,63348.12
1723,Kevin Young,tracyharrison@example.org,Germany,2015-09-21,Standard,62308.52
1724,Anna Christensen,christopher77@example.net,United Arab Emirates,2017-12-29,Standard,63486.03
1725,Tina Adams,mprice@example.com,Rwanda,2017-11-16,Basic,48541.69
1726,Ryan Brown,jeffreysmith@example.com,Sweden,2017-09-03,Standard,17900.7
1727,Kristina Bowers,todd59@example.net,Cook Islands,2017-10-02,Premium,14595.72
1728,Maria Rosario,phillipsbruce@example.org,Malta,2020-06-11,Basic,23462.91
1729,Diane Gibbs,ahaynes@example.com,Eritrea,2022-04-03,Standard,32850.94
1730,Edward Johnson,dmiller@example.org,Kiribati,2018-01-22,Basic,15348.79
1731,Kristi Wheeler,daniel47@example.com,Congo,2024-01-05,Premium,19565.16
1732,Jody Martin,marcussmith@example.org,Trinidad and Tobago,2022-03-24,Standard,41415.28
1733,John Thomas,opierce@example.com,Oman,2020-06-13,Basic,72293.07
1734,Christopher Austin,schneidermario@example.net,Armenia,2025-01-20,Basic,4385.71
1735,Amy Love,tylermcintosh@example.org,Canada,2024-09-21,Premium,45219.58
1736,Christopher Reeves,fischerteresa@example.com,Belgium,2025-01-21,Premium,71642.86
1737,Paul Vasquez,warrendarlene@example.com,Puerto Rico,2016-01-05,Standard,49392.94
1738,Rodney Olsen,wmoore@example.com,Denmark,2024-06-13,Standard,63025.83
1739,Matthew Grant,dayheidi@example.com,Armenia,2023-03-28,Premium,8616.94
1740,Peter Dodson,vincentmorris@example.net,Paraguay,2022-06-13,Standard,9268.04
1741,Jordan Roberts,caldwellheidi@example.net,Bangladesh,2025-06-12,Basic,71238.17
1742,Kevin Clark,ssmith@example.org,Mozambique,2016-01-05,Standard,37359.72
1743,Katrina Calderon,ilewis@example.org,United States Virgin Islands,2024-01-18,Standard,9390.19
1744,Lisa Baker,william23@example.net,Equatorial Guinea,2023-04-08,Standard,62466.98
1745,Gabriel Green,santosshannon@example.com,Netherlands,2017-08-24,Standard,56190.97
1746,Megan Carrillo,jackwilliams@example.org,Samoa,2016-03-13,Basic,16546.13
1747,Christine Wolf,marissa39@example.com,Guyana,2019-12-06,Standard,72751.78
1748,Matthew Hall,jay04@example.org,Cuba,2015-08-18,Standard,64751.77
1749,Shannon Clark,dcortez@example.com,Netherlands,2025-08-21,Standard,28259.2
1750,Tammie Castillo,laura31@example.net,Botswana,2020-04-29,Premium,41044.44
1751,Sarah Harvey,arroyosarah@example.com,Kenya,2024-11-11,Standard,72257.82
1752,Keith Moore,richardsondebbie@example.com,Saint Vincent and the Grenadines,2020-04-30,Basic,11082.14
1753,Angela Butler,evansaustin@example.org,Gabon,2015-03-28,Basic,61647.06
1754,Jesus Randolph,davidfields@example.net,Somalia,2015-05-23,Standard,67915.9
1755,Timothy Alvarez,rodriguezjenny@example.com,Trinidad and Tobago,2025-07-20,Basic,49751.2
1756,Melissa Nelson,warnertimothy@example.net,Puerto Rico,2022-07-13,Premium,68829.93
1757,Austin Gregory,johnsonryan@example.com,Isle of Man,2018-06-20,Standard,41566.41
1758,Adam Merritt,chungnancy@example.net,Finland,2025-02-16,Standard,52621.11
1759,Christina Adams,sylvia33@example.net,Kiribati,2024-09-21,Basic,9373.52
1760,Whitney Williams,shansen@example.com,Somalia,2015-02-02,Standard,33319.61
1761,Samuel Williams,christopher57@example.com,Mayotte,2025-12-19,Basic,29624.92
1762,Matthew Watson,malikfowler@example.com,China,2025-07-02,Basic,22741.39
1763,Jacqueline Lucero,dylan78@example.com,Guyana,2017-05-11,Basic,17850.67
1764,Angelica King,marvinhoward@example.com,Korea,2019-12-03,Basic,12226.99
1765,Shannon Martin,coopersamantha@example.net,Cameroon,2023-08-07,Standard,65990.18
1766,Kimberly Collier,melissaberry@example.org,Sweden,2018-01-27,Standard,59251.48
1767,Angela Barnes,mooneyamy@example.net,Bosnia and Herzegovina,2025-07-19,Basic,61784.03
1768,Dawn Pierce,jodisutton@example.com,Liechtenstein,2025-05-22,Standard,55336.41
1769,Nicholas Robles,zmills@example.org,Morocco,2024-10-31,Basic,53874.6
1770,Jason Walton,perezdawn@example.org,Syrian Arab Republic,2016-10-18,Basic,7754.57
1771,Nicole Moran,simpsonruth@example.net,Zambia,2018-12-12,Standard,38098.5
1772,Peter Turner,amberdavis@example.org,Anguilla,2021-02-21,Standard,54760.06
1773,Edward Clark,jonesshaun@example.org,Jamaica,2015-04-23,Basic,34131.32
1774,Mary Smith,matthew53@example.com,Japan,2017-01-22,Basic,48192.62
1775,Tamara Reid,sheltontiffany@example.com,Ghana,2016-07-11,Standard,59378.69
1776,David Wells,xmullins@example.org,Jamaica,2018-06-05,Premium,15205.63
1777,Lisa Bell,yvang@example.org,Libyan Arab Jamahiriya,2016-10-08,Standard,6396.85
1778,Angie King,millerjennifer@example.net,Norfolk Island,2023-08-11,Standard,53588.9
1779,Jordan Curry,cassandraharrison@example.com,Georgia,2024-07-01,Basic,57296.41
1780,Michele Hayes,rdavis@example.org,Nauru,2025-07-14,Standard,30921.14
1781,Phyllis Walls,ljones@example.com,Falkland Islands (Malvinas),2023-03-31,Standard,36007.82
1782,Jasmine Buckley,kingdavid@example.net,Liechtenstein,2021-08-26,Premium,13217.56
1783,Jesse Nash,robertsmark@example.org,Poland,2017-03-24,Basic,60014.77
1784,Ryan Gonzalez,ywright@example.net,Sri Lanka,2019-05-31,Premium,27728.07
1785,Cassandra Bennett,ian59@example.com,Denmark,2024-12-01,Basic,70870.6
1786,Rhonda Gould,garciadonald@example.net,Yemen,2015-04-05,Standard,1799.91
1787,Allison Crawford,hsmith@example.net,Heard Island and McDonald Islands,2022-01-10,Basic,48621.23
1788,Ashley Wells,samuel61@example.org,Benin,2020-03-09,Standard,6901.0
1789,Travis Howard,phunter@example.org,British Indian Ocean Territory (Chagos Archipelago),2016-11-22,Standard,52669.27
1790,Brandon Lopez,seanbarajas@example.com,Moldova,2021-09-25,Premium,46445.8
1791,Austin Tyler,brandiwilson@example.org,Djibouti,2019-02-16,Standard,6907.33
1792,Eric Francis,dsmith@example.net,Solomon Islands,2015-02-27,Standard,42651.41
1793,Joseph Adams,turnerlisa@example.com,Uruguay,2025-04-26,Basic,32778.12
1794,John Lewis,nmendoza@example.org,China,2020-07-17,Basic,62087.49
1795,Mark Weaver,thomasdavid@example.net,Cameroon,2017-02-19,Premium,53588.89
1796,Andrea Palmer,knightjohn@example.com,Taiwan,2017-12-26,Basic,61052.58
1797,Teresa Clayton,bbrown@example.org,Trinidad and Tobago,2016-06-17,Standard,37189.07
1798,James Lee,peter93@example.net,United States of America,2017-06-01,Standard,15693.79
1799,Lucas Tyler,wlucas@example.net,Cayman Islands,2022-08-05,Basic,21401.8
1800,Joseph Crawford,reynoldsanthony@example.org,Monaco,2023-11-20,Standard,13732.65
1801,Steven Thomas,woodphillip@example.com,Pakistan,2017-12-08,Premium,21941.92
1802,Sylvia Turner,samantha78@example.com,Hungary,2017-10-14,Standard,33960.51
1803,Sara Lawrence,taylordavis@example.com,Guam,2020-02-20,Standard,51398.96
1804,Lisa Brown,sarah49@example.net,Denmark,2024-10-09,Premium,35298.9
1805,Taylor Solomon,michaeltorres@example.com,Maldives,2022-09-14,Standard,52053.51
1806,Diana Harper,kaylazamora@example.org,Spain,2019-09-30,Standard,28916.29
1807,Elizabeth Mcdaniel,jennifer85@example.org,South Georgia and the South Sandwich Islands,2016-01-26,Basic,19402.86
1808,Joseph Wilson,danielle39@example.net,Switzerland,2025-06-10,Standard,4145.42
1809,Stephen Pacheco,john74@example.net,Kuwait,2021-10-19,Standard,68139.93
1810,Brianna Obrien,david68@example.com,Afghanistan,2021-09-16,Basic,72548.94
1811,Robert Scott,jgibson@example.net,Swaziland,2015-01-22,Basic,60786.51
1812,Keith Gonzalez,jarviscourtney@example.com,Nepal,2018-05-24,Standard,46569.43
1813,Jeffrey Edwards,herbertward@example.org,Armenia,2016-06-25,Basic,50426.84
1814,Destiny Dunn,david16@example.org,Armenia,2021-07-05,Basic,42077.14
1815,Lacey Smith,tiffany44@example.com,Dominican Republic,2020-07-11,Standard,12947.52
1816,Luke Duncan,sarah53@example.org,Angola,2016-06-24,Basic,65872.78
1817,Emily Robinson,nharris@example.org,Zimbabwe,2019-11-09,Premium,53341.6
1818,Kenneth Mendez,lisa11@example.org,Tanzania,2015-06-30,Premium,8983.94
1819,David Lynch,samantharamirez@example.org,Dominican Republic,2025-11-30,Basic,37565.99
1820,Jessica Valencia,ogriffin@example.org,Tanzania,2025-05-21,Basic,56149.8
1821,Micheal Ramos,wjefferson@example.com,Angola,2017-12-14,Standard,67733.75
1822,Denise Macias,hkim@example.com,Gibraltar,2017-12-16,Standard,57176.9
1823,Jordan Hughes,xobrien@example.org,Romania,2016-11-06,Standard,32824.21
1824,Russell Vega,kristinclark@example.com,Guinea,2023-07-26,Standard,74593.74
1825,David Roberts,nicolasrich@example.org,Poland,2025-05-08,Basic,41786.68
1826,Dana Wolfe,bmarquez@example.com,Montserrat,2015-08-06,Standard,59916.96
1827,James Henry,fblankenship@example.com,Equatorial Guinea,2017-01-20,Standard,4328.9
1828,Derrick Buck,timothy23@example.net,Oman,2022-12-01,Premium,19701.74
1829,Kiara Gonzalez,wernermichael@example.org,Bermuda,2025-01-14,Standard,8922.8
1830,Caitlin Gilbert,wrightalicia@example.com,Korea,2018-12-31,Basic,3299.18
1831,Charles Graham,jeremycollins@example.net,Bangladesh,2020-02-18,Basic,42173.88
1832,Brandon Williams,keithharrison@example.com,Ukraine,2024-09-20,Standard,63476.42
1833,Alan Ali,jonescraig@example.org,Martinique,2017-04-14,Premium,26382.92
1834,Joel Hodges,ericfrederick@example.org,Solomon Islands,2016-11-20,Basic,13753.96
1835,Scott Miranda,masonpatricia@example.com,Burkina Faso,2021-04-26,Basic,61737.24
1836,John Bradford,michelleflowers@example.net,Slovenia,2021-07-18,Basic,44029.39
1837,David Thompson,reevesfernando@example.net,Saudi Arabia,2023-08-08,Basic,558.4
1838,William Taylor,steven76@example.net,Mauritius,2015-11-11,Standard,31377.32
1839,Stacy Owens,kristin96@example.com,Malta,2016-01-22,Standard,37483.78
1840,Carol Hodge,lindaclark@example.net,Heard Island and McDonald Islands,2022-08-22,Basic,2190.67
1841,Ashley Strong,xbennett@example.org,Germany,2019-03-11,Basic,9368.82
1842,Dr. Daniel Hampton,shannongarza@example.net,Burundi,2024-05-21,Standard,71353.68
1843,Elizabeth Sanchez,lesterrebecca@example.com,Libyan Arab Jamahiriya,2020-02-29,Standard,2408.37
1844,Micheal Watson,stevenperry@example.org,Ecuador,2020-02-03,Basic,49550.56
1845,Stephanie Livingston,nathaniel57@example.com,Tuvalu,2022-05-19,Standard,20381.55
1846,Jessica George,lori87@example.org,Vietnam,2022-05-11,Premium,72740.35
1847,Dr. Andrea Rivera,sandra20@example.org,Cameroon,2025-08-16,Standard,34119.37
1848,Kristina Brown,crystalwatson@example.com,Iraq,2025-09-26,Basic,55140.39
1849,Louis Reed,justin08@example.net,British Virgin Islands,2024-09-05,Basic,9916.68
1850,Olivia Hamilton,estradaamy@example.net,Mongolia,2018-08-16,Premium,48362.39
1851,Yvonne Hernandez,trivera@example.com,Saint Martin,2021-02-19,Basic,55849.05
1852,Debra Thomas,christopherreyes@example.com,Cyprus,2019-06-22,Basic,28758.97
1853,Eric Mckay,robertlee@example.org,Japan,2023-08-24,Standard,18195.99
1854,Dawn Moon,ritterfrank@example.org,Estonia,2024-07-23,Basic,6916.83
1855,Rachel Robinson,sandysnyder@example.org,Paraguay,2019-07-07,Standard,29290.59
1856,Steven Jensen,melissa49@example.net,Mexico,2022-05-03,Standard,56503.75
1857,Robin Rivera,alison98@example.net,Fiji,2023-12-26,Standard,22566.36
1858,Paula Sanchez,hamiltonjoseph@example.net,French Southern Territories,2018-06-24,Standard,60524.9
1859,Dr. Jared Crane MD,daniel28@example.org,Tanzania,2019-01-10,Basic,45362.64
1860,Shirley Wright,saraterry@example.net,Guyana,2020-09-30,Standard,62445.95
1861,James Knight,christopher29@example.com,Yemen,2019-05-09,Standard,33546.82
1862,Andrea Edwards,grahamlisa@example.org,Israel,2019-09-29,Standard,42338.52
1863,Andre Pace,parkertommy@example.com,Vanuatu,2019-02-17,Premium,31834.59
1864,Leah Sullivan,justinbishop@example.org,Guadeloupe,2019-10-11,Standard,32699.42
1865,Gabriel Bennett,garciachristopher@example.net,Algeria,2025-11-30,Premium,38622.27
1866,Jeffrey Mosley,victoriasmith@example.org,Antigua and Barbuda,2022-09-11,Standard,17011.21
1867,William Richardson,elizabeth10@example.org,Uganda,2020-11-29,Basic,69817.4
1868,Brett Davies,mcneilchristina@example.org,Somalia,2018-04-05,Standard,39469.66
1869,James Holder,adamskelly@example.net,Barbados,2023-12-28,Standard,6168.94
1870,Diane Brown,eric81@example.com,New Caledonia,2016-06-07,Standard,11358.34
1871,Drew Long,elizabeth77@example.com,Zambia,2017-10-15,Standard,22705.55
1872,Elaine Thornton,pbutler@example.com,Papua New Guinea,2015-07-15,Standard,22337.25
1873,David Hernandez,benjaminbrown@example.org,Cameroon,2020-10-03,Standard,68818.33
1874,Jerry Hernandez,campbellmarvin@example.com,Mozambique,2016-01-23,Premium,32012.29
1875,John Ortiz,sharon37@example.net,Antigua and Barbuda,2024-02-12,Standard,54093.17
1876,James Reed,johnsonmelissa@example.com,Iceland,2015-12-01,Standard,19300.8
1877,Jonathan Barrett,ubowers@example.com,Burkina Faso,2023-04-22,Basic,1466.08
1878,Nichole Zimmerman,susan92@example.org,Trinidad and Tobago,2017-01-16,Standard,13671.53
1879,Tiffany Perry,vhutchinson@example.org,Armenia,2019-09-01,Basic,3633.09
1880,Cynthia Munoz,rebecca26@example.org,Sierra Leone,2021-08-02,Basic,22499.15
1881,Isaac Cooper,matthew17@example.net,Cook Islands,2020-01-17,Basic,56862.23
1882,Gary Hopkins,alyssa89@example.net,Vanuatu,2025-11-03,Standard,20064.31
1883,Jessica Dodson,gibsonjennifer@example.net,French Guiana,2017-05-14,Basic,60797.95
1884,Nicole Williams,andrew91@example.com,Switzerland,2021-10-10,Standard,56090.44
1885,Tanya Sloan,sandradavenport@example.org,Korea,2019-11-12,Standard,50587.3
1886,Steven Phelps,elizabethriley@example.com,Estonia,2016-04-22,Standard,687.07
1887,Daryl Walker,aallen@example.com,Australia,2020-02-28,Premium,49271.12
1888,Rebekah Hill,usmith@example.net,Solomon Islands,2025-10-30,Standard,65191.34
1889,Kyle Williams,amandatran@example.org,Timor-Leste,2018-05-25,Basic,54511.88
1890,William Castro,gregory30@example.net,Japan,2019-01-17,Standard,73050.66
1891,Matthew Potts,garciasarah@example.net,Eritrea,2022-07-28,Standard,72244.84
1892,Eduardo Scott,rebeccaharris@example.org,Guyana,2016-05-27,Standard,22873.59
1893,Timothy Collins,joneseric@example.org,Timor-Leste,2024-02-25,Premium,14512.46
1894,Tiffany Jones,tammy17@example.com,British Virgin Islands,2024-08-19,Premium,72796.4
1895,Sandy Nichols,olsonchristina@example.org,Guinea-Bissau,2016-08-17,Premium,36213.51
1896,Heather Hughes,amywright@example.org,United States Minor Outlying Islands,2022-01-08,Standard,32825.19
1897,Regina Mcguire,gayfrancis@example.com,Central African Republic,2015-12-19,Basic,40509.04
1898,Melissa Lee,anthony66@example.org,Sri Lanka,2020-04-25,Standard,34891.06
1899,Robin Lewis,christinewebb@example.net,San Marino,2025-02-13,Standard,8955.3
1900,Vanessa Garner,dgrant@example.com,Gibraltar,2025-10-22,Standard,52769.21
1901,Christina Williams,klopez@example.com,Andorra,2020-01-16,Standard,1717.18
1902,Taylor Wong MD,montesmichelle@example.org,Burkina Faso,2021-05-21,Standard,15300.05
1903,Linda Hoffman,watkinsthomas@example.net,Micronesia,2018-09-29,Basic,29532.07
1904,Gina Weber,hartmandanielle@example.org,Georgia,2022-12-30,Premium,47373.14
1905,Jessica Williams,brownkevin@example.org,Qatar,2020-07-23,Standard,31322.52
1906,James Hernandez,melissa18@example.com,Belarus,2021-03-20,Basic,44789.01
1907,Dr. Jason Johnson IV,jenniferkane@example.net,Netherlands,2019-06-26,Basic,3017.04
1908,Ariel Wilson,katrina51@example.org,Morocco,2021-11-09,Standard,44430.19
1909,Robert Hall,larry88@example.org,Sudan,2024-09-23,Basic,67904.22
1910,Taylor Berg,rebecca41@example.com,Sao Tome and Principe,2020-12-03,Standard,53643.2
1911,Emily Humphrey,barrettjoseph@example.org,Burundi,2021-03-16,Premium,43336.15
1912,Travis Chapman,vancebrad@example.com,Iraq,2019-09-05,Premium,66992.57
1913,Deborah Garza,christopherjackson@example.net,Uruguay,2021-12-25,Basic,8991.32
1914,Sharon Mccoy,ruizjessica@example.org,Chile,2022-10-28,Basic,26170.62
1915,Samantha Fleming,veronicasmith@example.net,Turkey,2023-02-22,Standard,12309.67
1916,Robert Parsons,travisyoung@example.com,Croatia,2017-08-08,Standard,25952.59
1917,Jasmine Bryan,max69@example.com,United States Minor Outlying Islands,2022-09-06,Standard,44177.49
1918,Debra Jensen,mannjonathan@example.net,Luxembourg,2024-06-12,Standard,45256.98
1919,Brian Garza,hayley92@example.net,Mozambique,2024-11-26,Basic,35267.93
1920,Michael Anderson,halljohn@example.org,Saint Martin,2025-10-06,Standard,53426.04
1921,James Sanford,susan90@example.net,Cote d'Ivoire,2022-04-26,Standard,70604.48
1922,Sandra Smith,petersonsergio@example.org,Saint Kitts and Nevis,2023-12-20,Basic,59748.96
1923,Barbara Wood,hgray@example.net,Falkland Islands (Malvinas),2017-04-28,Basic,12361.43
1924,Dakota Reid,paullopez@example.net,Togo,2022-06-25,Standard,56256.76
1925,Dana Burns,samuel40@example.com,Kyrgyz Republic,2016-10-02,Standard,13203.51
1926,Richard Bass,nwarren@example.com,Bouvet Island (Bouvetoya),2019-08-31,Standard,7792.55
1927,Brenda Ramirez,ehammond@example.net,Bahrain,2017-08-19,Basic,37155.95
1928,Hannah Newman,rharris@example.com,Iceland,2015-03-16,Standard,3766.94
1929,John Kim,andreyoung@example.com,Hungary,2022-08-04,Standard,19745.4
1930,Travis Hicks,danielgriffith@example.net,Equatorial Guinea,2025-01-11,Standard,62139.16
1931,Denise Barrett,julie01@example.net,Turks and Caicos Islands,2018-10-15,Standard,60559.46
1932,Steven King,katherinebarnett@example.net,Togo,2016-05-09,Standard,46412.83
1933,Rebecca Moreno,courtneymadden@example.org,Canada,2018-10-25,Standard,36605.81
1934,Erin Norris,abradley@example.com,Congo,2023-08-21,Basic,57760.7
1935,Nicholas Le,zking@example.com,Namibia,2016-09-11,Basic,20244.97
1936,James Wilkinson,cody79@example.org,Tuvalu,2021-10-11,Basic,65558.75
1937,Angel Rogers,iblake@example.com,Lithuania,2025-05-23,Standard,53053.77
1938,Tyler Smith,garciapaula@example.org,Isle of Man,2025-10-18,Basic,59974.27
1939,Christine Gutierrez,garciaveronica@example.net,Kazakhstan,2016-03-09,Basic,8542.08
1940,Connie Lewis,collin40@example.net,Ireland,2024-08-16,Basic,45821.77
1941,Douglas Chapman,forozco@example.com,Uzbekistan,2015-06-21,Basic,61814.86
1942,Bryan Trujillo,bradleybarker@example.net,Chad,2016-04-28,Standard,12736.71
1943,Melissa Smith,nmontoya@example.com,Tuvalu,2016-10-05,Basic,68346.19
1944,Brandon Aguilar,aaron55@example.com,Moldova,2023-07-19,Basic,53185.21
1945,Alyssa Davis,contrerasjames@example.org,Djibouti,2016-02-11,Standard,55008.25
1946,Morgan Gonzalez,jamesphillips@example.org,Panama,2024-03-09,Standard,27439.33
1947,Luke Johnson,michaelsherman@example.com,Syrian Arab Republic,2019-12-04,Premium,63682.48
1948,Brittany Brown,thomassmith@example.com,Antigua and Barbuda,2015-01-27,Basic,57749.14
1949,Melinda Orozco,millereric@example.org,Cape Verde,2018-10-30,Standard,60733.6
1950,Jeffrey Lyons,josephmeyer@example.net,Turks and Caicos Islands,2017-12-25,Standard,13051.82
1951,Tiffany Frederick,olivia29@example.net,Panama,2019-01-17,Standard,56674.68
1952,Tiffany Coleman,qramirez@example.net,Croatia,2023-06-13,Standard,18597.48
1953,Rebecca Houston,richardbennett@example.net,Lao People's Democratic Republic,2017-07-23,Basic,31773.74
1954,Shelly Wilson,rachelhall@example.net,Martinique,2025-04-18,Premium,32304.51
1955,Ashley Mendoza,brianwhite@example.org,South Georgia and the South Sandwich Islands,2024-07-23,Standard,34541.79
1956,Terry Romero,allenandrea@example.com,Malta,2025-08-01,Standard,51244.35
1957,Debbie Rivera,mariawilliams@example.com,Thailand,2015-02-10,Premium,11132.43
1958,Brenda Tyler,holmescolleen@example.org,Jamaica,2015-10-13,Basic,38921.82
1959,Kimberly Rojas,steven45@example.org,Antigua and Barbuda,2023-08-30,Premium,23781.64
1960,Penny Rowe,royjennifer@example.org,Gibraltar,2023-07-07,Standard,4844.76
1961,Patrick Walsh,millerjames@example.org,Kazakhstan,2016-09-10,Premium,69208.28
1962,Kimberly Watson,ballvanessa@example.com,Hong Kong,2022-01-31,Basic,4571.28
1963,Rebecca Gordon,karen42@example.org,Mayotte,2024-10-27,Basic,59980.54
1964,Lindsay Ray,hmitchell@example.org,Canada,2019-07-05,Standard,22355.4
1965,Phillip Mason,edwardstaylor@example.net,Jordan,2024-10-18,Basic,52634.08
1966,Andrew Williams,nina65@example.net,Guam,2025-03-13,Standard,55766.64
1967,Nathaniel Hill,richardhart@example.org,Isle of Man,2025-02-04,Standard,62068.52
1968,Derrick Perez,mike05@example.com,Swaziland,2022-11-08,Standard,69053.68
1969,Kenneth Blair,weberbrian@example.org,Dominican Republic,2024-12-14,Standard,48379.98
1970,Scott Grant,kristin09@example.net,Zambia,2022-04-24,Standard,59178.53
1971,Tammy Lopez,brownlaurie@example.org,Tonga,2024-02-08,Standard,26057.48
1972,Ruben Martinez,greenjessica@example.net,Christmas Island,2017-03-19,Basic,30486.8
1973,Kara Gilmore,zacharygray@example.org,Marshall Islands,2021-01-10,Basic,6550.0
1974,Jennifer Allen,thomasricardo@example.net,French Polynesia,2023-04-20,Standard,54451.13
1975,Kelly Brewer,rickey20@example.org,Turkmenistan,2021-01-24,Basic,39155.11
1976,Mitchell Richardson,tlewis@example.com,Belize,2021-03-10,Standard,7188.26
1977,Andrew Price,wmoore@example.com,Saudi Arabia,2022-02-16,Standard,25717.99
1978,Shane Lopez,jenniferwood@example.net,Pitcairn Islands,2023-12-07,Standard,2334.87
1979,Corey Grimes,barnettterry@example.com,Isle of Man,2024-05-01,Standard,19587.09
1980,Sharon Palmer,ingramjessica@example.com,Dominican Republic,2020-08-31,Basic,54556.57
1981,Kathryn White,martin27@example.net,Switzerland,2019-03-08,Premium,4730.94
1982,Megan Morgan,gloria04@example.org,Costa Rica,2016-05-22,Standard,38185.58
1983,Christine Hubbard,james84@example.net,Germany,2016-05-25,Premium,48909.44
1984,Barbara Chandler,lindadavis@example.net,Netherlands Antilles,2015-01-22,Standard,43039.54
1985,John Johns,stephenscatherine@example.org,Dominican Republic,2024-01-12,Standard,73725.55
1986,Lynn Gonzalez,dennisschneider@example.org,Armenia,2023-01-06,Basic,43724.14
1987,Sarah Cummings,hullcheryl@example.net,Luxembourg,2020-12-24,Basic,47173.89
1988,Erin Price,ayu@example.net,Saint Helena,2018-05-10,Basic,17729.38
1989,Stephanie Smith,jasonjohnson@example.org,Namibia,2023-01-07,Standard,58913.0
1990,Richard Rodriguez,marywarren@example.org,Ecuador,2019-03-27,Standard,10712.87
1991,Felicia Walsh,sbaker@example.net,British Indian Ocean Territory (Chagos Archipelago),2018-09-04,Standard,18760.59
1992,Susan Rangel,peterlynch@example.com,Burkina Faso,2023-09-24,Standard,14643.51
1993,Angela Munoz,pittsdanielle@example.net,France,2022-12-24,Standard,7574.59
1994,Eduardo Hall,bcooper@example.net,Burundi,2016-01-13,Standard,31050.96
1995,Jennifer Jackson,shellyobrien@example.net,Cameroon,2020-05-04,Premium,66666.07
1996,Jerry Rogers,qjones@example.org,Qatar,2022-08-04,Standard,6085.93
1997,Monica Anderson,cshepard@example.com,Norfolk Island,2020-10-26,Standard,44220.9
1998,Ricky Young,ypatterson@example.net,Aruba,2021-07-21,Basic,65433.11
1999,Anne Francis,bdeleon@example.org,Western Sahara,2019-12-08,Standard,31900.81
2000,William Meyer,michaelsanders@example.net,Benin,2023-03-17,Standard,71099.55
2001,Pamela Hughes,vjones@example.org,Bolivia,2016-08-14,Basic,61829.93
2002,Patricia King,michael68@example.net,Cocos (Keeling) Islands,2020-02-18,Standard,36486.14
2003,Brian Sims,jcoleman@example.net,United Kingdom,2024-09-05,Premium,52913.22
2004,Daniel Warren,kelly01@example.org,Gabon,2020-02-09,Standard,52161.69
2005,Abigail Rose,vdeleon@example.com,Dominica,2025-08-02,Standard,56050.6
2006,Michael Pierce,ricklewis@example.net,Holy See (Vatican City State),2016-05-01,Standard,69146.88
2007,Becky Garcia,shannon09@example.org,Madagascar,2016-05-10,Standard,30794.33
2008,Justin Zimmerman,justin20@example.net,Korea,2020-11-11,Standard,21896.9
2009,Lauren Martin PhD,kwang@example.com,Trinidad and Tobago,2019-03-14,Standard,28017.18
2010,Elizabeth Tran,hdavis@example.com,Cameroon,2023-11-15,Standard,36572.93
2011,Holly Cruz,dylancunningham@example.com,Angola,2019-09-24,Premium,58838.49
2012,Stacy Hudson,stephaniezamora@example.org,Colombia,2024-12-20,Premium,67095.41
2013,Renee Walker,kimberlyjordan@example.net,Monaco,2023-04-18,Standard,13935.02
2014,Amy Dean,branchthomas@example.com,Northern Mariana Islands,2018-11-29,Standard,9394.01
2015,Phillip Compton,maygordon@example.org,Georgia,2020-05-24,Premium,3590.02
2016,Wendy Perez,markbates@example.com,Pakistan,2025-02-04,Standard,42540.86
2017,Travis Taylor,hufftina@example.org,Ukraine,2024-05-10,Standard,28453.6
2018,Jason Alvarado,rachelknight@example.com,Guam,2023-07-18,Basic,45526.8
2019,Robert Bowers,wgarza@example.net,Philippines,2023-07-17,Premium,47825.4
2020,Matthew Davis,wberry@example.com,Norfolk Island,2024-09-18,Standard,33818.34
2021,Ronald Smith,gstokes@example.net,Switzerland,2022-01-03,Basic,6926.29
2022,Brianna Lee,ashley14@example.org,Singapore,2017-08-11,Standard,30869.72
2023,Joshua Allen,melissa40@example.org,Syrian Arab Republic,2015-07-07,Basic,25590.09
2024,Karen Walker,contreraswillie@example.net,India,2023-04-03,Basic,66780.73
2025,Jean Murillo,basskathryn@example.net,Cook Islands,2016-11-09,Standard,6867.61
2026,Michael Olsen,madison00@example.org,Honduras,2023-12-06,Basic,43006.61
2027,Lisa Ramirez,crystal15@example.org,Korea,2022-03-27,Basic,23336.39
2028,Christopher Soto,monicaavery@example.net,Isle of Man,2017-02-27,Premium,42061.62
2029,Amber Richardson,joseph77@example.com,Netherlands Antilles,2023-07-01,Basic,40752.12
2030,Christopher Klein,umcclure@example.com,Serbia,2017-02-14,Premium,42875.77
2031,Megan Carlson,andrew17@example.net,Niue,2015-03-18,Basic,37822.25
2032,Tammy Leblanc,arianarandolph@example.org,Seychelles,2017-01-06,Premium,70229.59
2033,Alison Zuniga,carlos33@example.org,Korea,2017-04-22,Basic,20803.45
2034,Timothy Best,michael23@example.com,United States Virgin Islands,2024-12-14,Standard,52994.92
2035,Ashley Stephens,marshalljamie@example.org,Philippines,2020-12-25,Standard,6577.43
2036,Larry Smith,robinsonrobert@example.net,Paraguay,2015-07-04,Standard,30284.39
2037,John Payne,nicholas33@example.com,Belarus,2018-10-24,Standard,70055.2
2038,Kimberly Parker,barbergary@example.net,Gibraltar,2024-08-22,Standard,31266.5
2039,Sean Carter,dudleycody@example.com,Finland,2016-01-08,Standard,28805.32
2040,Cynthia Harris MD,rossamanda@example.org,United Kingdom,2016-11-19,Premium,7675.19
2041,Richard Contreras,rosejones@example.org,Northern Mariana Islands,2023-08-13,Standard,13904.5
2042,John Hoover,curtislee@example.net,Venezuela,2019-07-27,Premium,23182.87
2043,Carolyn Payne,rmueller@example.net,Kazakhstan,2025-10-11,Standard,4653.8
2044,Jeffery Mckenzie,nancycharles@example.org,Mayotte,2015-08-28,Standard,2281.05
2045,Emily Johnson,ashleycole@example.net,Angola,2016-08-06,Standard,7631.13
2046,Michael Stephens DDS,hbecker@example.com,Lesotho,2019-03-19,Standard,24485.28
2047,Jennifer Hurley,rachelholmes@example.org,Tokelau,2015-08-01,Basic,67487.74
2048,Holly Smith,christopherpittman@example.org,Czech Republic,2021-07-28,Standard,56472.0
2049,Erin Moore,qshelton@example.com,American Samoa,2020-08-28,Standard,38269.44
2050,Kimberly West,mcdanielrichard@example.org,Saint Martin,2015-09-06,Standard,8852.33
2051,Matthew Giles,holdendominic@example.net,Indonesia,2015-09-26,Standard,41595.8
2052,Nicole Friedman,joe99@example.net,France,2017-08-15,Standard,30710.16
2053,Shawna Benton,patriciajohnson@example.com,South Georgia and the South Sandwich Islands,2021-03-19,Basic,1642.06
2054,Larry Blair,mproctor@example.net,Puerto Rico,2017-10-05,Basic,50713.53
2055,Wayne Wong,nicole59@example.net,Micronesia,2016-05-29,Basic,48953.43
2056,Maria Campbell,ggarrett@example.com,Sudan,2015-12-10,Standard,30654.26
2057,Amanda Pena,kellyharold@example.net,Iran,2023-10-12,Basic,37657.32
2058,John Ryan,anthonygilbert@example.com,Hong Kong,2016-11-19,Basic,28154.57
2059,Tracey Brown,isimpson@example.com,Hungary,2019-10-02,Basic,40430.79
2060,Shannon Andrews,twagner@example.org,Taiwan,2015-06-21,Basic,41747.63
2061,Erica Ray,cgamble@example.net,Martinique,2024-04-20,Premium,34982.74
2062,Joseph Ross,faithsparks@example.com,Austria,2016-11-16,Standard,49066.15
2063,Sonya Alvarado,karla66@example.net,Niger,2020-05-29,Premium,70029.63
2064,Jesus Johnson,jacksonrachel@example.org,Slovakia (Slovak Republic),2022-08-17,Standard,19003.95
2065,Sarah Adams,sarahlong@example.net,India,2022-02-02,Standard,26518.49
2066,Harry Ochoa,jacob32@example.net,Martinique,2018-02-26,Standard,63091.14
2067,Sarah Clarke,michellelee@example.net,Vietnam,2021-04-25,Premium,55503.93
2068,Jared Green,jacob57@example.org,United States Minor Outlying Islands,2022-10-31,Premium,6956.2
2069,Jasmine Schmitt,richardlawrence@example.net,Cyprus,2021-03-29,Premium,10688.86
2070,Lawrence Parks,walkervictoria@example.net,Botswana,2017-05-13,Basic,65901.38
2071,Jeanne Diaz,ystone@example.net,Greece,2018-07-27,Standard,71816.93
2072,Frank Freeman,mallory30@example.org,Gambia,2022-02-14,Basic,70919.28
2073,Barbara Leonard,housedaniel@example.com,Netherlands Antilles,2020-01-29,Standard,56513.88
2074,Mr. Joseph Bush,josephjohnson@example.com,Cote d'Ivoire,2018-08-10,Standard,49755.21
2075,Brandon Carter,murphymark@example.org,Cuba,2021-09-21,Standard,34620.0
2076,Holly Mercado,halvarez@example.org,Dominica,2016-07-01,Standard,68572.86
2077,Jillian Stewart,moyerjoseph@example.org,Qatar,2020-05-05,Standard,403.05
2078,Rebekah Campbell,johnsonmichael@example.com,Hungary,2016-12-11,Premium,966.0
2079,Theresa Martinez,mhoffman@example.net,Syrian Arab Republic,2022-11-20,Standard,67171.3
2080,John Nelson,jimmypalmer@example.net,Togo,2015-11-29,Standard,29611.13
2081,Jennifer Wu,angela66@example.org,Zimbabwe,2015-11-14,Basic,48770.02
2082,Raymond Hunter,rryan@example.com,Tokelau,2024-02-25,Standard,66969.77
2083,Johnathan Morgan,tonya48@example.net,Guadeloupe,2018-12-16,Standard,50500.38
2084,Jennifer Cox,kristin94@example.org,Macao,2021-09-28,Basic,28384.14
2085,Tyler Lozano,burnettronnie@example.com,Anguilla,2023-08-12,Standard,13494.7
2086,Samuel Khan,moorekurt@example.net,Denmark,2016-05-26,Basic,73788.71
2087,Sherry Jones,davidwiley@example.org,South Georgia and the South Sandwich Islands,2019-12-26,Standard,70234.53
2088,Evan Clark,matthew08@example.org,North Macedonia,2023-07-04,Premium,55800.05
2089,Kristi White,campbelljustin@example.net,Malta,2019-01-05,Standard,69124.55
2090,Janice Harvey,sthomas@example.org,Jamaica,2022-01-04,Standard,61266.99
2091,Mark Alexander,dawn20@example.org,Haiti,2017-08-17,Standard,53906.26
2092,Victoria Padilla,keith18@example.org,Sri Lanka,2015-05-31,Basic,72555.41
2093,Michelle Morton,mclaughlinjames@example.org,Brunei Darussalam,2022-12-05,Standard,67861.94
2094,Charles Randall,simsclaire@example.org,Honduras,2024-03-17,Standard,783.37
2095,Stacey Stone,kbaker@example.org,Saint Barthelemy,2018-02-10,Standard,8543.25
2096,Haley Patel,tpowell@example.org,Papua New Guinea,2021-03-10,Standard,37177.35
2097,Richard Yoder,qmarshall@example.net,Guyana,2022-07-16,Standard,55476.41
2098,Deborah Taylor,michellemcmahon@example.com,Cambodia,2015-09-25,Standard,42494.23
2099,Kayla Rowe,qreyes@example.net,Dominican Republic,2016-06-05,Standard,56011.51
2100,Jenna Dunn,jenniferhorne@example.net,Latvia,2017-07-22,Standard,42850.27
2101,Jim Lewis,ucobb@example.org,Vanuatu,2018-01-28,Basic,54735.19
2102,Lauren Lopez,nguyengerald@example.net,Zimbabwe,2025-11-16,Standard,50928.91
2103,Lisa Figueroa,stephanieoconnor@example.com,Palestinian Territory,2017-11-01,Standard,40087.38
2104,Angela Turner,joeljackson@example.net,Haiti,2015-01-09,Standard,66261.87
2105,Dana Lane,lukecase@example.com,Israel,2025-07-29,Basic,48162.23
2106,Nathaniel Ford,zrobinson@example.com,French Guiana,2018-08-16,Standard,64076.02
2107,Alejandro Cook,becky79@example.net,Saint Kitts and Nevis,2018-01-27,Standard,74634.21
2108,Steven Munoz,ksmith@example.org,Kazakhstan,2020-07-22,Premium,38992.57
2109,Anthony Wright,fwolf@example.net,Bouvet Island (Bouvetoya),2024-11-29,Standard,56986.87
2110,Michael Roth,bethanygrant@example.net,Ecuador,2025-04-19,Basic,3760.61
2111,Alfred Leonard,taylormichael@example.net,Somalia,2015-01-22,Standard,33802.4
2112,Amy Lopez,warejoseph@example.net,Liechtenstein,2024-11-13,Standard,25269.26
2113,Teresa Dyer,nbailey@example.net,Saint Vincent and the Grenadines,2023-04-09,Standard,2146.55
2114,Sherry Contreras,jack86@example.org,South Georgia and the South Sandwich Islands,2025-09-28,Standard,51793.79
2115,Nicole Bright,harrisjoshua@example.com,Dominica,2016-11-04,Premium,18936.32
2116,Maria Briggs,daniel15@example.org,Zimbabwe,2022-01-05,Standard,4947.6
2117,Nicholas Roach,johnsonedward@example.net,Chad,2024-01-23,Premium,36127.49
2118,Monica Matthews,elizabeth14@example.org,Lesotho,2025-06-27,Premium,59842.26
2119,Sean Dixon,salazarjames@example.org,Morocco,2016-03-17,Standard,18968.11
2120,John Clark,hdavis@example.org,Indonesia,2024-05-02,Standard,71920.5
2121,Chris Hernandez,ericdelacruz@example.net,Kuwait,2023-11-27,Premium,25185.74
2122,Paul Taylor,obrienjulie@example.org,Brazil,2021-09-23,Standard,5700.09
2123,James Anderson,bobbywilliamson@example.org,Kiribati,2022-01-05,Standard,57366.37
2124,Grant Newton,mrandolph@example.net,San Marino,2025-12-05,Standard,9580.77
2125,Amanda Armstrong,njames@example.net,American Samoa,2018-07-07,Premium,2742.44
2126,Jordan Mcdowell,kimberly12@example.com,Christmas Island,2023-10-11,Basic,52078.93
2127,Duane Clarke,igarrett@example.com,Tokelau,2019-12-16,Premium,68953.91
2128,Maurice Hendrix,caitlynbennett@example.org,Tajikistan,2019-11-04,Premium,45902.71
2129,Cheryl Bradford,jennifer10@example.org,Saint Barthelemy,2021-04-09,Premium,50897.94
2130,Linda Anderson,xcolon@example.org,Denmark,2019-07-04,Premium,63782.22
2131,Barbara Hill,jmcconnell@example.com,Mauritius,2017-08-12,Premium,56459.26
2132,Eric Bradshaw,meghangreen@example.org,Tuvalu,2021-12-30,Basic,59113.74
2133,Brooke Thomas,bconrad@example.org,Guyana,2023-12-01,Premium,28948.02
2134,Karen Grant,bruce99@example.org,Kenya,2016-02-19,Standard,46610.75
2135,Tracey Reynolds,gutierrezdavid@example.com,Marshall Islands,2023-10-12,Standard,70334.47
2136,Stephanie Peterson,stephanie20@example.org,Reunion,2021-08-04,Premium,38911.66
2137,Donna Wright,smithmichael@example.com,Zimbabwe,2021-09-03,Standard,7926.05
2138,Thomas Bowman MD,cindy57@example.net,Philippines,2024-06-05,Basic,44568.27
2139,Hannah Mitchell,sonyaking@example.org,Burundi,2022-02-23,Standard,43097.61
2140,Danielle Hamilton,williamsbrian@example.org,South Georgia and the South Sandwich Islands,2020-05-25,Standard,26815.49
2141,Barbara Clark,gspencer@example.com,Iran,2017-09-22,Basic,33485.67
2142,Tony Burns,iblack@example.org,Maldives,2016-06-06,Premium,3544.29
2143,Nicholas Diaz,hernandezanthony@example.net,Botswana,2025-10-06,Standard,32829.65
2144,Michele Ford,williamortiz@example.org,Egypt,2021-07-18,Standard,26991.34
2145,Micheal Cook,hesskeith@example.net,Zimbabwe,2016-08-26,Basic,58218.3
2146,Eric Owen,dannygonzalez@example.org,Mongolia,2018-04-07,Standard,45348.88
2147,Gregory Villarreal,sean69@example.com,Luxembourg,2021-07-30,Standard,854.12
2148,Bryan Smith,yvonnelara@example.org,New Caledonia,2017-08-30,Standard,11058.88
2149,Rodney Calhoun,bweeks@example.com,Jordan,2024-08-18,Standard,62679.33
2150,Angela Richards,mariahlyons@example.com,Andorra,2025-12-13,Premium,25950.25
2151,William Powell,vgarcia@example.net,Namibia,2023-10-22,Standard,68160.39
2152,Barry Wilson,qchapman@example.com,British Virgin Islands,2020-05-02,Premium,14404.33
2153,Amanda Curry,brenda88@example.org,Swaziland,2021-09-22,Standard,73648.76
2154,Nicole Hodge,audrey53@example.net,Russian Federation,2021-05-07,Standard,63937.65
2155,Richard Williams,mortonkenneth@example.net,Swaziland,2019-09-11,Basic,46303.71
2156,Thomas Logan MD,pfowler@example.org,Congo,2024-10-28,Standard,8087.38
2157,Jeffrey Martinez,jreyes@example.net,French Guiana,2017-06-17,Basic,3403.86
2158,Terry Moses,javiermitchell@example.org,Libyan Arab Jamahiriya,2022-10-10,Basic,47997.84
2159,Derek Hall,kathleenkim@example.org,Saint Pierre and Miquelon,2017-09-06,Standard,46888.02
2160,Kaylee Garza,brandi19@example.com,Sri Lanka,2024-02-19,Standard,57684.04
2161,Michael Bartlett,nicolecharles@example.net,Burundi,2017-04-20,Standard,55571.08
2162,John Robertson,danieljenkins@example.org,Panama,2015-01-28,Standard,61999.8
2163,Alyssa Pratt,cody81@example.org,Heard Island and McDonald Islands,2015-05-03,Standard,5761.4
2164,Nicole Duncan,hlester@example.org,Kenya,2019-12-09,Standard,10894.55
2165,Monica Medina,sarah80@example.org,Mayotte,2023-08-02,Standard,44030.06
2166,Stephanie Torres,eugenemartinez@example.com,Mali,2017-03-26,Standard,73154.37
2167,Tammy Duncan,xcompton@example.com,Venezuela,2024-12-05,Standard,13267.46
2168,Christopher Cain,amber67@example.com,Lebanon,2024-07-03,Standard,13277.77
2169,Sandra White,omarmiller@example.net,Iraq,2015-03-30,Standard,13595.97
2170,Matthew Miller,williamporter@example.net,Faroe Islands,2016-02-19,Standard,19818.7
2171,Lindsay Henderson,stevengoodwin@example.net,Western Sahara,2019-04-02,Premium,50889.57
2172,Dr. Karen Reid MD,jerome14@example.org,Somalia,2018-10-18,Standard,66404.61
2173,Ashley Simmons,plam@example.org,Christmas Island,2017-09-10,Basic,23054.16
2174,Mr. Robert Tran,mathewbennett@example.org,Slovakia (Slovak Republic),2016-12-02,Standard,28083.18
2175,Lauren Trevino,owhite@example.org,Turks and Caicos Islands,2021-12-27,Basic,73288.36
2176,Jennifer Bowman,preyes@example.net,Estonia,2015-09-25,Basic,65909.49
2177,Jessica Baker,edward70@example.org,Monaco,2016-06-19,Premium,66233.55
2178,James Moore,bethany36@example.com,Mauritius,2019-03-30,Basic,14578.18
2179,April Ponce,josephross@example.net,Macao,2019-10-26,Standard,24016.88
2180,Andrew Graham,randall28@example.com,Netherlands,2015-07-09,Basic,18530.09
2181,Jessica Hanson,davischarles@example.org,Namibia,2024-07-31,Basic,44152.61
2182,Wendy Wright,yolandamarks@example.net,Ireland,2018-09-04,Standard,59271.69
2183,Daniel Cortez,petersontina@example.org,Uruguay,2018-02-21,Standard,47302.07
2184,Justin Davis,kimberly02@example.com,United States of America,2025-11-10,Basic,63899.82
2185,Nicole Simpson,david16@example.com,Pakistan,2023-02-27,Standard,36802.05
2186,Corey Roberts,frenchrobert@example.org,Latvia,2022-06-10,Premium,35432.38
2187,Kari Buck,bartondavid@example.com,Nepal,2019-05-09,Standard,12765.66
2188,Nicole Mccoy,clinesteven@example.net,Cameroon,2020-09-16,Basic,48469.1
2189,Bobby Nelson,cobbmary@example.net,Colombia,2017-01-03,Standard,39037.2
2190,Lori Valentine,ijensen@example.net,Sri Lanka,2022-10-15,Standard,28197.43
2191,Melissa Perkins,gcollins@example.com,Montenegro,2020-04-24,Standard,71692.45
2192,Steven Davis,brianna50@example.org,British Virgin Islands,2025-05-01,Standard,30220.72
2193,Miranda Frazier,kirkkimberly@example.com,Egypt,2017-04-28,Basic,48817.86
2194,Jane Neal,daniel71@example.com,Pitcairn Islands,2024-09-05,Standard,15424.29
2195,Crystal Carlson,uclark@example.org,Isle of Man,2019-10-07,Standard,16589.88
2196,Maria Garcia,mark90@example.com,Libyan Arab Jamahiriya,2025-06-28,Basic,42959.94
2197,Alexander Douglas,lindsay48@example.net,El Salvador,2015-12-14,Basic,19276.06
2198,Edward Bennett,rfleming@example.net,Tokelau,2019-12-26,Premium,6531.1
2199,Jessica Jimenez,murphyryan@example.org,American Samoa,2015-06-18,Standard,17455.77
2200,Tara Edwards,tracy75@example.net,Uganda,2019-10-12,Standard,46679.16
2201,Jerry Benton,tami38@example.net,Antarctica (the territory South of 60 deg S),2019-02-14,Standard,32579.8
2202,David Casey,lauren62@example.net,Colombia,2019-04-16,Basic,23947.28
2203,Gabrielle Roberts,sandersmatthew@example.net,Guatemala,2017-12-23,Premium,33266.21
2204,Anthony Neal,lmartin@example.org,China,2015-12-04,Standard,27092.2
2205,Christopher Gill,epatterson@example.net,Palestinian Territory,2021-02-17,Standard,37756.93
2206,James Gallagher,pricedale@example.org,Fiji,2025-05-23,Standard,58994.03
2207,Ariel Watson,amanda86@example.org,Albania,2019-01-15,Standard,9114.44
2208,Veronica Smith,zchapman@example.com,Rwanda,2017-03-16,Premium,15222.92
2209,Justin Gonzalez Jr.,scott04@example.com,Burkina Faso,2023-05-11,Standard,18939.27
2210,Jennifer Baker MD,ujones@example.org,Uruguay,2018-01-29,Basic,51344.56
2211,Damon King,bpeterson@example.com,Qatar,2016-07-18,Standard,45401.54
2212,Janice Goodwin,murraymichael@example.net,Chile,2023-04-19,Basic,56490.66
2213,Dennis Palmer,david83@example.net,Greece,2023-08-21,Standard,19769.87
2214,Heidi Goodwin,brandon64@example.com,Palau,2023-10-13,Standard,61717.59
2215,Matthew Morgan,mollybruce@example.org,Bouvet Island (Bouvetoya),2024-03-20,Basic,70949.67
2216,Cory Michael,imitchell@example.net,Serbia,2020-04-17,Standard,49234.31
2217,Vanessa Fleming,hayesrachel@example.com,Serbia,2025-09-02,Standard,74198.28
2218,Matthew Newman,tracyjohnson@example.net,Mauritania,2017-07-18,Premium,29963.52
2219,Christopher Jones,agomez@example.net,Mauritius,2017-08-15,Basic,15938.16
2220,Ryan Lawson,crivers@example.com,Greenland,2023-07-01,Standard,59001.6
2221,Cheyenne Hughes,markgardner@example.org,Ethiopia,2018-10-27,Standard,61126.23
2222,Crystal Abbott,alexander18@example.org,Saint Barthelemy,2017-02-08,Basic,23652.34
2223,Jessica Wagner,kirbymichael@example.org,Fiji,2019-09-07,Standard,70659.25
2224,Thomas Moses,jose08@example.org,Svalbard & Jan Mayen Islands,2021-04-06,Standard,33885.4
2225,Heidi Jones,shannonmueller@example.org,American Samoa,2024-10-18,Premium,10636.53
2226,Marilyn Lozano,john91@example.org,Mauritania,2015-02-09,Premium,70765.71
2227,Jonathan Guerrero,klara@example.net,Jamaica,2018-12-23,Standard,49498.9
2228,Kelsey Frank DVM,torrestricia@example.com,Mozambique,2022-09-09,Standard,31581.26
2229,Sara Garcia,qbecker@example.com,Djibouti,2022-09-29,Basic,57272.41
2230,Brandon Daniel,lpage@example.com,Bulgaria,2015-04-06,Standard,24624.44
2231,Sandra Wong,pmartin@example.org,Montenegro,2016-07-23,Standard,2657.62
2232,Brittany Rodriguez,kjohnson@example.net,Cote d'Ivoire,2018-09-14,Standard,71459.66
2233,Ms. Kayla Williams,garymartinez@example.org,American Samoa,2025-03-31,Standard,59986.15
2234,Christopher Smith,holtpaul@example.com,Hong Kong,2025-12-28,Standard,65054.12
2235,Thomas Romero,hespinoza@example.org,Mexico,2015-09-18,Standard,71164.78
2236,Edward Watson,robertssamantha@example.org,Ukraine,2016-03-20,Standard,14328.32
2237,Tanya Santos,lawrencekari@example.com,Falkland Islands (Malvinas),2022-03-02,Standard,72154.88
2238,Paul Chase,jamesparker@example.net,Germany,2016-03-03,Basic,7219.8
2239,Rachel Johnson,jessicavang@example.com,Syrian Arab Republic,2024-04-08,Standard,13528.3
2240,Sydney Smith,sherry96@example.com,Syrian Arab Republic,2017-02-03,Standard,36773.85
2241,Alejandro Barker,qreynolds@example.com,Jamaica,2019-04-30,Standard,68373.06
2242,Benjamin Stein,thendricks@example.org,Russian Federation,2022-05-25,Standard,17669.7
2243,Ryan Kaiser,valeriesmith@example.com,Mauritius,2019-02-18,Standard,34236.11
2244,James Meyers,kelsey70@example.net,Nicaragua,2024-08-22,Standard,13093.97
2245,Raymond Wolf,mbarnes@example.com,Micronesia,2016-03-29,Basic,29485.12
2246,Joseph Bradley,mmoore@example.com,Slovenia,2023-05-02,Premium,31526.39
2247,David Hamilton,kennedywanda@example.net,Norway,2024-09-15,Premium,71643.48
2248,Mr. Jackson Watson,dwhite@example.org,Montenegro,2018-06-22,Standard,65316.07
2249,James Steele,davidharding@example.org,Jersey,2020-04-28,Standard,53297.95
2250,Pamela Howard,omarturner@example.org,Micronesia,2018-06-25,Standard,43238.08
2251,Paige Baird,sarah17@example.com,Grenada,2022-09-06,Standard,37810.01
2252,Valerie Wilson,tbryant@example.org,Paraguay,2016-08-07,Standard,15327.28
2253,Katherine Cruz,kristendavis@example.net,South Georgia and the South Sandwich Islands,2021-10-13,Standard,61887.55
2254,Kristen Ramirez,bcase@example.com,Christmas Island,2025-03-17,Basic,39557.77
2255,Larry Woods,colelisa@example.com,Saint Helena,2020-03-10,Standard,36949.16
2256,Deborah Anderson,erin57@example.org,Ghana,2018-03-25,Standard,55362.48
2257,Jonathan Smith,davidkane@example.com,Switzerland,2018-11-21,Standard,68937.47
2258,Kenneth Hurley,brownreginald@example.net,United Arab Emirates,2018-05-03,Basic,53445.68
2259,Donald Brown,jasontaylor@example.com,Christmas Island,2024-07-12,Standard,61801.36
2260,Tamara Carr,adam17@example.net,Pakistan,2025-02-03,Standard,18872.83
2261,Ruth White,jennifer31@example.org,Italy,2019-04-25,Standard,32547.73
2262,Todd Daniels,adam10@example.com,Western Sahara,2021-05-18,Basic,13962.46
2263,Melissa Rush,wilsonnathan@example.org,New Zealand,2015-06-28,Premium,52473.7
2264,John Aguirre,edwardsronald@example.net,Turkmenistan,2018-01-26,Standard,65322.83
2265,Jack Arroyo,kbrown@example.org,Cook Islands,2022-06-23,Basic,40445.88
2266,Joel Pacheco,erin07@example.com,United Kingdom,2023-02-06,Basic,52428.79
2267,Victoria Miller,anna54@example.org,Sudan,2019-08-12,Basic,68178.05
2268,Rebecca Boyd,kwatkins@example.org,Tonga,2019-02-19,Basic,41573.59
2269,Haley Larson,sue16@example.net,Benin,2023-08-06,Premium,8115.54
2270,Rebecca Robertson,tiffanyharris@example.com,Sudan,2016-11-06,Basic,30904.68
2271,Cindy Townsend,johnsonmartin@example.org,Guinea,2020-03-08,Standard,38078.33
2272,Mary Powell,caseystafford@example.org,Turkmenistan,2022-07-30,Premium,48005.28
2273,Monica Kim,matthewhull@example.com,Marshall Islands,2023-05-14,Basic,28741.38
2274,Scott Werner,bwilliams@example.com,Congo,2015-06-04,Standard,14781.67
2275,Colleen Robbins,patricia88@example.org,Mexico,2025-04-14,Premium,8822.53
2276,Christopher Mcbride,zmorse@example.net,Thailand,2020-03-16,Premium,50354.59
2277,Thomas Fernandez,matthew77@example.com,Romania,2021-02-24,Standard,5350.73
2278,Ian Harvey,christopher62@example.org,Mongolia,2019-11-28,Standard,53590.22
2279,Roger Wheeler,rachel51@example.org,Lithuania,2024-06-09,Premium,61576.9
2280,Emily Johnson,prestoncory@example.org,Bolivia,2021-10-22,Standard,62927.56
2281,Jordan Hughes,thomaslinda@example.net,Western Sahara,2020-12-29,Premium,22237.31
2282,James Mcdaniel,garyjohnson@example.net,Niger,2022-07-13,Basic,12841.89
2283,David Roth,holly12@example.org,Uganda,2016-09-20,Basic,50884.39
2284,Chad Kim,kristen95@example.org,Algeria,2023-01-05,Standard,13551.03
2285,Jason Burnett,millerdaniel@example.org,Tokelau,2017-06-04,Premium,50709.55
2286,Catherine Johns,scott95@example.org,Kazakhstan,2022-02-13,Standard,3819.76
2287,Tyler Vasquez,ipadilla@example.com,Nepal,2023-01-13,Basic,48165.66
2288,Tara Erickson,dawn31@example.org,Algeria,2022-09-28,Standard,7933.8
2289,Mrs. Megan Robinson,kendra03@example.net,Ukraine,2015-01-20,Standard,4168.04
2290,April Bailey,johnsross@example.net,New Zealand,2017-04-06,Premium,28460.32
2291,Paige Brown,courtney13@example.net,Guadeloupe,2017-09-04,Basic,28254.69
2292,Lisa Thompson,michael35@example.net,Montenegro,2015-04-25,Standard,1448.87
2293,Angel Hughes,browntamara@example.net,Wallis and Futuna,2017-02-26,Basic,25449.47
2294,Maria Sanders,jhahn@example.org,Barbados,2025-10-02,Standard,4972.07
2295,Michelle Woods,osbornepaula@example.com,Macao,2024-04-24,Basic,59820.08
2296,Michael Moran,eileenhudson@example.com,Gambia,2015-06-30,Standard,54369.86
2297,Tracey Brooks,andrewlong@example.com,Honduras,2018-09-01,Standard,8299.37
2298,Sarah Cook,robinsoncynthia@example.org,Barbados,2022-01-02,Standard,47102.29
2299,William Edwards Jr.,gwhite@example.com,Mauritania,2025-07-12,Standard,40742.27
2300,Kevin Burton,jefferywalker@example.com,Togo,2016-03-09,Standard,17622.51
2301,Adrian Cobb,daypatricia@example.net,Aruba,2019-07-06,Standard,13228.21
2302,Aaron Duran,pdixon@example.org,Canada,2017-05-21,Standard,1145.61
2303,Audrey Cruz,irobinson@example.net,Vanuatu,2024-02-21,Standard,5184.72
2304,Steven Cook,kcook@example.net,Somalia,2015-06-29,Standard,46887.23
2305,Mrs. Shannon Valencia,jacksonjillian@example.com,Georgia,2018-05-20,Premium,16587.42
2306,Anthony Ashley,robertbrock@example.org,South Georgia and the South Sandwich Islands,2016-02-22,Basic,37593.31
2307,Michael Ellis,abigail14@example.com,Kyrgyz Republic,2025-05-05,Basic,59396.67
2308,Melissa Martinez,zwilson@example.com,Tajikistan,2025-10-03,Basic,13066.57
2309,Miguel Pierce,jaimegraves@example.org,Bolivia,2022-01-28,Premium,24495.48
2310,Lisa Keller,gomezrenee@example.org,Mali,2025-11-26,Standard,50923.06
2311,Katherine Smith,ariana61@example.org,Macao,2016-12-19,Basic,10186.62
2312,Joseph Cook,crossnicole@example.net,San Marino,2018-07-26,Standard,66326.54
2313,William Jackson,jameszachary@example.net,Australia,2015-10-04,Basic,50061.2
2314,Patricia Stark,znichols@example.net,Netherlands,2021-07-24,Standard,45737.87
2315,Andrea Werner,williamperkins@example.org,Spain,2023-04-27,Standard,38449.2
2316,Erin Macias,sandovalwendy@example.org,Chile,2015-02-24,Standard,44163.27
2317,Karen Smith,andreagilbert@example.net,Brunei Darussalam,2025-01-21,Standard,46322.06
2318,Sara Perez,briandavis@example.com,Libyan Arab Jamahiriya,2019-10-22,Premium,17920.63
2319,Miss Monique Middleton,jonesterri@example.com,Morocco,2015-09-03,Basic,46577.53
2320,Christina Smith,jillnavarro@example.org,Argentina,2017-04-07,Premium,37529.8
2321,Veronica Hill,jefferyanderson@example.net,Kazakhstan,2015-06-05,Standard,15527.8
2322,Dr. Cameron Liu II,blakefrank@example.org,Macao,2025-08-10,Standard,54466.8
2323,George Williams,randy00@example.com,Saint Barthelemy,2016-07-03,Standard,65830.56
2324,Crystal Clayton,zstevens@example.net,Bhutan,2023-07-12,Standard,48359.25
2325,Courtney Tate,pearsonvicki@example.org,Israel,2019-08-27,Premium,59435.54
2326,Robin Good,harrisonnicholas@example.net,Armenia,2015-04-08,Standard,21812.02
2327,Caitlin Curry,davidglover@example.com,Egypt,2018-11-04,Standard,55032.27
2328,Natalie Nicholson,harveyphilip@example.org,Montenegro,2025-03-02,Standard,40563.55
2329,Sean Mcmillan,gtucker@example.org,Haiti,2023-12-27,Basic,74131.13
2330,Stephen Novak,zskinner@example.com,Zimbabwe,2021-10-26,Standard,54032.79
2331,Stephanie Reyes,fspears@example.net,Malaysia,2017-01-21,Basic,39230.03
2332,Heidi Brown,kimberly44@example.net,Argentina,2024-10-02,Standard,701.69
2333,Jeffrey Petty,cassandra33@example.net,Israel,2015-08-02,Standard,71536.17
2334,Eric Munoz,shawnanderson@example.org,Hungary,2017-04-16,Standard,10829.52
2335,Stephen Wilson,tanya43@example.com,Papua New Guinea,2021-02-26,Premium,13232.27
2336,Ronald Cooper,joseph21@example.net,Malaysia,2017-08-25,Basic,69903.0
2337,Makayla Friedman,mavery@example.net,Niger,2020-03-28,Standard,32111.43
2338,Marcus Russell,jennifersolomon@example.net,Belize,2017-09-30,Standard,54195.11
2339,Laura James,jamesmorgan@example.org,Tuvalu,2018-05-26,Standard,45537.38
2340,Vincent Hays,ldickson@example.com,Papua New Guinea,2022-02-16,Standard,33758.27
2341,Joseph Walker,stacy03@example.org,Belgium,2020-05-24,Standard,64716.31
2342,Holly Barnett,xsullivan@example.net,Ethiopia,2019-06-20,Premium,72948.5
2343,John Luna,victor76@example.net,Rwanda,2019-09-28,Standard,35435.83
2344,Rebecca Adams,stacey53@example.com,Heard Island and McDonald Islands,2023-07-12,Standard,55185.88
2345,Wendy Nelson,mvelazquez@example.net,Hong Kong,2020-05-28,Standard,71543.37
2346,Amy Clark,david25@example.com,Heard Island and McDonald Islands,2024-07-30,Premium,28761.09
2347,Michael Smith,sara94@example.net,Benin,2018-05-14,Premium,68007.66
2348,Cathy Ross,marcuscase@example.net,Hong Kong,2023-02-24,Standard,11671.7
2349,Ryan White,alexanderberg@example.com,Burkina Faso,2018-06-06,Standard,28688.66
2350,Ricardo Chapman,bakerpaul@example.com,Austria,2021-10-18,Standard,28292.23
2351,Dr. Marie Silva MD,shelleyvelasquez@example.com,Singapore,2023-01-07,Standard,25159.25
2352,Eric Higgins,chavezrobert@example.net,Sierra Leone,2017-02-15,Standard,11815.65
2353,Brian Solomon,johnsondebbie@example.net,British Virgin Islands,2023-03-11,Premium,64658.72
2354,Joseph Kelly Jr.,millerjessica@example.com,Bermuda,2025-05-19,Basic,36986.17
2355,Kristin Flores,michaelmontes@example.com,Saint Vincent and the Grenadines,2023-04-29,Standard,29750.07
2356,Jessica Bullock,rgreen@example.net,Tuvalu,2022-03-10,Standard,36843.95
2357,Amber Crawford,mollypeck@example.net,Anguilla,2024-12-03,Basic,5574.77
2358,Jennifer Peterson,jeffreywallace@example.com,Bulgaria,2019-04-26,Premium,69139.84
2359,Jennifer Nguyen,jamessmith@example.com,United States Minor Outlying Islands,2023-07-23,Basic,12386.59
2360,Ronald Buckley,lisa78@example.org,Anguilla,2025-03-29,Standard,19330.57
2361,Holly Banks,johnsonsamantha@example.com,Togo,2022-12-14,Basic,26306.26
2362,Monica Jones,luisbates@example.org,British Indian Ocean Territory (Chagos Archipelago),2022-10-23,Standard,51714.58
2363,Larry Perez,hammondjeff@example.com,Marshall Islands,2019-10-03,Premium,29053.65
2364,Melissa Snyder,rebekahgonzalez@example.org,Honduras,2015-05-22,Basic,18365.88
2365,Heather Moore,uthompson@example.org,Netherlands Antilles,2022-12-04,Basic,27265.72
2366,Laura Welch,wbowers@example.org,Saint Helena,2022-03-28,Standard,52385.99
2367,Luis Wilcox,reneehernandez@example.org,Northern Mariana Islands,2025-08-03,Premium,45506.31
2368,Robin Perez,patriciamorrison@example.org,Afghanistan,2021-10-02,Standard,19258.03
2369,Samuel Vazquez,kimberlyperez@example.org,Jamaica,2016-10-23,Standard,49779.7
2370,Jordan Stanton,dsanders@example.net,Kuwait,2022-03-24,Premium,57880.17
2371,Cody Lawson,duranlindsay@example.org,Hong Kong,2022-12-02,Basic,28979.99
2372,Adrian Martinez,pgarcia@example.net,Cyprus,2020-10-24,Standard,67599.42
2373,Kristin Castro,janicestuart@example.com,Papua New Guinea,2016-11-10,Basic,65731.46
2374,Lorraine Leblanc,amanda46@example.com,Cook Islands,2018-05-22,Basic,19152.12
2375,Paul Anderson,tinabrandt@example.net,Cape Verde,2024-12-10,Standard,40106.8
2376,Christopher Joseph,walterskaren@example.com,El Salvador,2019-08-13,Standard,23271.42
2377,Hannah Mooney DVM,jenniferortega@example.net,Norfolk Island,2024-10-01,Basic,69342.96
2378,Cassandra Mullen,lbrown@example.net,Guadeloupe,2023-09-17,Premium,47804.47
2379,Matthew Mccullough,marissareid@example.net,Lesotho,2018-01-06,Basic,61113.54
2380,Dana Wyatt,schmidtjoseph@example.net,South Africa,2019-06-19,Basic,69768.76
2381,Brian Young MD,jermaine84@example.org,Palau,2016-11-20,Standard,729.92
2382,Brittany Beasley,robinsonpaul@example.com,Panama,2015-10-14,Basic,368.0
2383,Richard Beck,ashleycortez@example.net,Haiti,2019-09-04,Basic,31483.51
2384,Erik Hill,uwilliams@example.com,Montenegro,2016-11-29,Standard,55044.91
2385,Christopher Sims,richardsonronnie@example.net,Ethiopia,2016-07-04,Standard,14183.4
2386,Keith Hull,mark40@example.net,Venezuela,2025-08-20,Standard,13853.33
2387,Laura Bennett,brittanyhayes@example.com,Guinea-Bissau,2017-05-20,Premium,42640.14
2388,Amy Lara,andrewjackson@example.org,Papua New Guinea,2017-01-18,Standard,4658.91
2389,Marcus Pearson,taylordorothy@example.org,Gambia,2025-02-12,Basic,14593.39
2390,Dakota Sanchez,nbullock@example.com,Kyrgyz Republic,2025-03-28,Basic,33194.6
2391,Maria Sullivan,klewis@example.com,Liechtenstein,2016-11-11,Standard,65160.06
2392,Crystal Yates,davidpearson@example.net,Serbia,2016-05-25,Premium,6656.6
2393,Tyler Dominguez,awong@example.com,Dominica,2021-07-26,Standard,25825.86
2394,Taylor Shepard,james91@example.net,Sierra Leone,2023-07-13,Standard,36518.28
2395,Eric Johnson,hunter12@example.org,Cayman Islands,2023-06-07,Premium,4813.97
2396,Benjamin Wilkinson,tom64@example.com,Mongolia,2023-11-07,Basic,49982.84
2397,Rebecca Mitchell,dawsonaaron@example.com,Monaco,2020-11-09,Basic,7488.93
2398,Eric Gardner,tcrawford@example.net,Kiribati,2020-10-31,Basic,28331.02
2399,Tammy Dyer,barnesjames@example.com,Japan,2025-06-14,Basic,57161.96
2400,Amanda Hodge,johnsonjohn@example.com,Qatar,2021-10-11,Standard,56829.14
2401,Curtis Chapman,kproctor@example.com,Nicaragua,2024-12-25,Standard,27966.19
2402,John Miller,derrick63@example.com,Costa Rica,2017-09-08,Standard,23812.98
2403,Jacob Owens,whitemichael@example.org,Marshall Islands,2019-03-31,Basic,49964.6
2404,Jason Clark,jimmy15@example.net,French Guiana,2024-10-16,Standard,73154.05
2405,Lisa Hansen,cheryl54@example.com,Palestinian Territory,2020-02-15,Standard,7738.26
2406,Edwin Rivera,nancy43@example.com,Russian Federation,2024-05-14,Basic,30285.17
2407,Benjamin Mosley,fostersarah@example.net,Ecuador,2021-10-01,Basic,10630.01
2408,Dana Thornton,joshua74@example.org,Morocco,2025-08-31,Premium,39914.54
2409,Sherri Baker,dustinwilliams@example.com,Macao,2019-02-18,Standard,61175.12
2410,Larry Woods,vanessacaldwell@example.net,Norway,2024-10-02,Standard,51542.32
2411,Kelly Hodge,cory21@example.org,Uganda,2017-02-08,Standard,31131.21
2412,Jill Brown,dariusmendoza@example.org,Lesotho,2025-07-25,Premium,47945.98
2413,Steven Stone,justinmckinney@example.com,Heard Island and McDonald Islands,2019-01-15,Basic,1493.12
2414,Robert Anderson,benjaminsmith@example.com,Fiji,2023-04-02,Basic,72727.42
2415,Sarah James,hernandezcheryl@example.net,Austria,2021-10-21,Standard,33461.89
2416,Brenda Mclaughlin,daniel13@example.net,Tonga,2023-11-27,Standard,55505.55
2417,Scott Lin,llee@example.com,Niue,2025-06-12,Premium,32236.74
2418,Kaitlin Smith,farellano@example.net,New Zealand,2022-05-20,Basic,35840.11
2419,Benjamin Mccarthy,jaime56@example.com,Cyprus,2023-03-27,Basic,67913.91
2420,Daniel Weaver,brandon34@example.org,Comoros,2022-12-26,Standard,45636.24
2421,Brooke Lambert,arthurwright@example.com,Kuwait,2021-05-31,Premium,39124.07
2422,Derek Clark,smithjesse@example.com,Rwanda,2015-05-11,Basic,53820.76
2423,Kathy Steele,iharrington@example.org,Antigua and Barbuda,2018-05-19,Premium,59812.35
2424,Stephanie Herring,jennifer29@example.com,Hong Kong,2024-10-23,Basic,74723.78
2425,Tina Hernandez,lucasteresa@example.com,Tuvalu,2025-09-16,Standard,67256.54
2426,John Lopez,turnermckenzie@example.org,Cape Verde,2017-09-13,Premium,49782.5
2427,Riley Davenport,martinlisa@example.net,Western Sahara,2025-08-03,Standard,12989.87
2428,James White,jessica23@example.org,Burkina Faso,2019-11-17,Standard,6935.03
2429,Brittany Mcguire,taylordennis@example.com,Montserrat,2025-06-02,Basic,2434.33
2430,Cindy Rich MD,jamesortiz@example.com,Bangladesh,2023-08-05,Basic,67722.98
2431,Barbara Santana,adiaz@example.com,Togo,2022-06-20,Standard,54008.33
2432,Ricardo Lynch,karen53@example.net,Azerbaijan,2016-05-19,Standard,67338.94
2433,Martin Clark,davidgilbert@example.org,Saint Pierre and Miquelon,2022-02-08,Standard,69224.53
2434,Patricia Cabrera,jimmyrobinson@example.net,United States Virgin Islands,2022-10-04,Basic,7010.52
2435,Bonnie Martinez,stephen90@example.org,Korea,2021-06-17,Standard,16979.51
2436,Tina Stanley,kellyibarra@example.org,Kazakhstan,2022-03-22,Basic,45150.79
2437,Miranda Hendricks,donna87@example.net,Singapore,2023-05-02,Standard,68284.99
2438,Sandra Alvarez,qmorris@example.com,Botswana,2022-03-15,Basic,28778.38
2439,Sandra Walls,sarawilliams@example.com,Northern Mariana Islands,2019-11-25,Basic,72477.04
2440,Kimberly Knapp,kristinaharrison@example.org,Guadeloupe,2016-04-18,Basic,16960.42
2441,Tara White,carol95@example.com,India,2018-10-25,Standard,8575.84
2442,Diane Scott,staceywashington@example.net,Comoros,2023-05-08,Basic,70306.5
2443,Randy Jones,corymiller@example.org,British Indian Ocean Territory (Chagos Archipelago),2016-06-05,Basic,43069.72
2444,Tracy Williams,toni86@example.net,Nicaragua,2021-06-21,Basic,71566.63
2445,Thomas Daugherty,gibsonbrandon@example.com,French Guiana,2021-08-13,Basic,23482.22
2446,Rebecca Cantu,michaelmatthews@example.net,Niger,2025-12-27,Standard,63572.12
2447,Henry George,snydergerald@example.org,United Kingdom,2023-12-11,Standard,57903.25
2448,James Scott II,bwhite@example.com,Togo,2020-10-29,Standard,59793.26
2449,Charles Bennett,rshelton@example.com,Nauru,2016-03-12,Standard,44410.5
2450,Janet Rubio,jodysmith@example.net,Svalbard & Jan Mayen Islands,2020-03-01,Standard,40487.4
2451,William Phillips,bwiley@example.com,Macao,2018-04-30,Standard,61257.06
2452,Kathryn Greene,alexander70@example.org,Algeria,2020-02-10,Basic,37612.49
2453,Lisa Gray,charles53@example.net,Kiribati,2023-05-18,Premium,21433.61
2454,Marcus Mckee MD,ernestrich@example.net,Ghana,2022-11-19,Standard,60146.56
2455,Derrick Chavez,ywells@example.org,Cayman Islands,2020-08-19,Premium,24180.42
2456,Latoya Smith,blackwellmichael@example.org,Cambodia,2024-07-04,Basic,9478.93
2457,Brandi Valdez,edwardmitchell@example.org,Gibraltar,2024-04-17,Basic,36001.64
2458,Tina Mack,bobbyvargas@example.com,Saudi Arabia,2025-11-02,Standard,22039.26
2459,Lauren Hall,stevencortez@example.org,Oman,2018-09-26,Standard,73590.42
2460,Ronald Sharp,bradbennett@example.com,Panama,2024-07-05,Standard,53828.28
2461,Jose Lucas,colton31@example.org,Palau,2022-11-08,Basic,60828.79
2462,Sarah Williams,janetmoore@example.net,Belize,2023-09-14,Basic,69256.05
2463,Christian Herring,kimberlywatson@example.com,Malawi,2019-05-24,Standard,36690.97
2464,Sophia Dawson,mollystephens@example.net,Luxembourg,2025-03-26,Standard,61172.16
2465,Elizabeth Smith PhD,schmidtjose@example.net,Azerbaijan,2021-02-22,Basic,74331.98
2466,William Brady,williamspaul@example.net,Vanuatu,2020-04-23,Standard,31827.2
2467,Tara Ramos,usanchez@example.net,Greece,2019-05-21,Basic,56889.14
2468,Tina Little,sonya64@example.net,British Indian Ocean Territory (Chagos Archipelago),2018-03-02,Premium,54574.91
2469,Misty Robinson,danielthomas@example.com,Sudan,2024-08-08,Standard,14833.14
2470,Benjamin White,hannah04@example.org,New Zealand,2018-08-17,Standard,7524.64
2471,Daniel Kaufman,jessica89@example.net,Tonga,2024-01-11,Basic,43633.68
2472,John Gilbert,marciasullivan@example.net,Nepal,2018-05-30,Premium,70109.51
2473,Diamond Vazquez,pearsonwillie@example.org,Bouvet Island (Bouvetoya),2016-07-17,Standard,12486.16
2474,Alicia Robinson,bhenderson@example.net,Portugal,2025-01-23,Standard,36312.52
2475,Michelle Brown,sharon28@example.com,Congo,2023-05-24,Premium,16555.7
2476,Chelsea Davis,crystal52@example.com,Ecuador,2019-01-23,Standard,48930.04
2477,Stephanie Pierce,mcconnellangela@example.org,Uzbekistan,2022-08-10,Basic,43282.24
2478,Robert Jackson,brownraymond@example.net,Jersey,2019-03-23,Basic,64417.7
2479,Jim Graham,michaelathompson@example.net,Tuvalu,2024-06-09,Basic,32176.55
2480,Shane Lynch,nnunez@example.org,Suriname,2018-12-27,Standard,4460.78
2481,Dr. Bradley Rogers,waretabitha@example.com,Christmas Island,2015-08-03,Basic,13677.56
2482,Brian Hamilton,tammy10@example.org,Comoros,2018-10-18,Premium,38778.78
2483,Jonathan Moore,jenniferhernandez@example.net,Mauritius,2022-01-12,Standard,72737.09
2484,Monique Walker,stevengreene@example.org,Marshall Islands,2016-05-01,Basic,18563.83
2485,Michael Duran,sullivanpaula@example.com,Hungary,2022-09-18,Standard,36774.79
2486,Andrew Campos,margaret20@example.net,United Arab Emirates,2023-05-11,Standard,13143.4
2487,Kelly Chase,john19@example.org,Lao People's Democratic Republic,2023-12-02,Standard,51961.67
2488,Tina Wilson,gomezbrittney@example.net,Timor-Leste,2020-03-14,Standard,6948.43
2489,Danielle Schwartz,donna20@example.net,Swaziland,2018-02-01,Basic,48860.74
2490,Meredith Bennett,wferguson@example.org,New Zealand,2015-02-17,Standard,33522.59
2491,Laura Davis,shane49@example.net,Nauru,2020-06-26,Premium,6427.12
2492,Tiffany Cooper,carrielambert@example.net,North Macedonia,2017-07-10,Standard,68158.76
2493,Jeremy Evans,bethfranklin@example.com,Ethiopia,2021-06-03,Premium,43080.4
2494,Brenda Williamson,tgarza@example.org,Serbia,2016-01-23,Standard,52106.01
2495,Malik Washington,trancaitlin@example.com,Poland,2020-06-06,Basic,13786.97
2496,Dawn Bell,richard18@example.org,Spain,2018-05-07,Basic,52779.59
2497,Kathy Turner,smurray@example.com,Maldives,2015-09-18,Standard,7683.23
2498,Gwendolyn Ross,osbornkelly@example.net,Martinique,2021-01-10,Basic,64700.23
2499,Dylan Smith,elizabethrobertson@example.com,Turkey,2015-03-22,Standard,61011.88
2500,Vincent Wilson,martindonald@example.com,Armenia,2023-10-15,Standard,61355.35
2501,Dylan Guzman,smithamy@example.com,Martinique,2020-10-26,Basic,36770.1
2502,Heather Garcia,aaronwiley@example.net,Moldova,2024-03-07,Basic,40538.89
2503,Max Williams,itorres@example.net,Dominica,2023-06-12,Basic,9525.68
2504,Nancy Green,tranrobert@example.org,American Samoa,2016-04-25,Standard,49479.03
2505,Tyler Kramer,williamsjason@example.net,Guatemala,2017-01-07,Standard,45032.92
2506,Olivia Powell,deanna05@example.com,French Guiana,2018-07-11,Premium,33680.66
2507,Dean Cunningham,qirwin@example.com,Jersey,2017-04-24,Premium,9879.0
2508,Anthony Juarez,valdezalyssa@example.org,Israel,2017-11-17,Standard,6814.61
2509,Regina Johnson,ronaldoneal@example.org,Australia,2025-12-27,Basic,2866.64
2510,Thomas Turner,david90@example.com,Liberia,2025-11-01,Premium,22568.7
2511,Grant Henderson,xcardenas@example.org,Gabon,2025-08-07,Standard,31873.09
2512,Jamie Cobb,darrylkent@example.net,Nepal,2015-07-09,Standard,18813.2
2513,John Stewart,ltate@example.org,British Virgin Islands,2023-10-12,Basic,39078.37
2514,Evelyn Lewis,scott04@example.com,Gambia,2016-07-26,Standard,40174.15
2515,Mr. Joshua Cohen,nathan39@example.com,Greece,2020-11-10,Standard,52208.84
2516,Ryan Meyers,larryburns@example.org,Burundi,2021-10-18,Basic,74760.59
2517,Nicholas Robinson,jacquelineatkins@example.net,Azerbaijan,2016-02-10,Standard,15935.5
2518,David Anderson,staceyarias@example.org,Vanuatu,2015-05-31,Standard,3593.98
2519,Kaitlyn Leblanc,cynthiaford@example.org,Jamaica,2024-05-03,Standard,22653.26
2520,Kimberly Gardner,christinapeters@example.net,Peru,2021-03-11,Standard,10282.05
2521,Frederick White,george52@example.net,Togo,2016-06-10,Standard,27090.12
2522,Jared Madden,tracy91@example.com,Bangladesh,2021-03-02,Basic,31795.62
2523,Thomas Rice,coxcarol@example.com,Kiribati,2025-02-18,Standard,28788.23
2524,Derrick Hall,danielle52@example.com,Kazakhstan,2025-08-05,Standard,34341.06
2525,Monique Castaneda,daniel71@example.com,Mozambique,2022-10-15,Standard,32044.42
2526,Robert Duncan,jordanboone@example.net,Costa Rica,2022-01-22,Premium,15481.28
2527,David Dixon,walkerdavid@example.org,Italy,2022-10-25,Basic,74653.11
2528,Richard Barker,margaretboyd@example.net,Cocos (Keeling) Islands,2021-04-27,Standard,53654.76
2529,Andrew Wells,lisahawkins@example.com,South Africa,2021-10-13,Standard,61582.99
2530,Joshua Gonzalez,margaret62@example.com,Poland,2018-07-19,Standard,61662.19
2531,Christopher Wallace,ricky35@example.net,Czech Republic,2015-04-17,Basic,32663.63
2532,Dr. Jose Garcia,kellygina@example.org,French Guiana,2018-01-11,Basic,18750.45
2533,James Miller,yramos@example.org,Nauru,2021-02-24,Premium,8471.76
2534,Leah Brown,jeffrey62@example.net,Netherlands,2015-12-31,Standard,24869.47
2535,Stacy Soto,vgreen@example.org,New Zealand,2018-01-24,Standard,25180.42
2536,Laurie Johnson,rodriguezamanda@example.net,Guam,2018-01-25,Premium,59907.78
2537,Kenneth Schmidt,marissasutton@example.com,Central African Republic,2025-11-12,Premium,28442.41
2538,Bradley Wheeler,rebecca24@example.com,Falkland Islands (Malvinas),2023-10-12,Standard,71395.77
2539,Kayla Black,caguilar@example.org,Monaco,2023-03-03,Basic,13385.92
2540,Jacqueline Rowe,tmurphy@example.net,Guernsey,2024-01-18,Basic,44264.82
2541,Beth Holmes,kirbybrett@example.org,Barbados,2022-11-09,Standard,39789.77
2542,Kevin Simon,wilkinskevin@example.net,Comoros,2018-01-15,Standard,21329.26
2543,Susan Hayes,murraysara@example.net,Marshall Islands,2016-11-30,Standard,67268.63
2544,Vincent Schaefer,tylerlaura@example.org,Jamaica,2017-01-10,Standard,56452.5
2545,Shane Mills MD,millerjessica@example.net,Antarctica (the territory South of 60 deg S),2025-11-08,Standard,55661.96
2546,Jonathan Walton,rowebelinda@example.net,Liechtenstein,2024-11-21,Basic,41487.46
2547,Angela Landry,barbara09@example.net,United States Virgin Islands,2016-06-06,Basic,35895.42
2548,Sarah Berry,marthagriffin@example.net,Australia,2022-12-31,Standard,51577.71
2549,Charles Hensley,orichards@example.com,Benin,2019-04-01,Standard,9696.03
2550,Mary Garner,webstersteven@example.net,American Samoa,2025-04-19,Standard,20235.9
2551,Maureen Lee,vsmith@example.org,British Virgin Islands,2022-12-07,Basic,73093.86
2552,Rachel Miller,susanpatel@example.net,Lebanon,2019-09-10,Basic,50946.59
2553,Matthew Edwards,sanchezronald@example.net,Bahamas,2018-12-20,Basic,13937.06
2554,Erin Nichols,foleyjennifer@example.org,Finland,2018-02-03,Basic,37791.64
2555,Shawn Evans,eclark@example.com,Venezuela,2023-01-21,Basic,39164.45
2556,Rachel Crawford,itodd@example.com,Belgium,2018-06-04,Basic,61098.24
2557,Gregory Le,ncarroll@example.com,Dominican Republic,2018-06-05,Standard,6748.94
2558,Amy Smith,amy61@example.com,North Macedonia,2016-01-05,Standard,23627.08
2559,Joanna Sanchez,michelle63@example.net,Libyan Arab Jamahiriya,2017-09-10,Standard,5982.82
2560,Heather Clarke,garciakelly@example.com,Zimbabwe,2015-08-24,Basic,12592.21
2561,Amanda Anderson,thomaswhite@example.org,Timor-Leste,2025-06-04,Premium,21617.35
2562,Kristopher Barajas,vortiz@example.org,French Polynesia,2025-10-16,Standard,65607.88
2563,Bradley Aguirre,casey61@example.org,Uganda,2025-06-16,Basic,50858.22
2564,Zachary Murray,cynthia35@example.net,Tunisia,2020-10-10,Basic,36104.28
2565,Tamara Ortiz,brad51@example.org,Comoros,2020-12-20,Standard,50838.87
2566,Kimberly Taylor,alanthomas@example.com,Cote d'Ivoire,2021-11-29,Standard,30558.99
2567,Timothy Hicks,bakerjonathon@example.com,Korea,2015-01-30,Standard,62396.96
2568,Paul Hall,laura09@example.com,Morocco,2023-05-29,Basic,52768.73
2569,Jennifer Morales,hudsonglen@example.net,Serbia,2022-06-01,Standard,74568.09
2570,Teresa Hicks,monica51@example.net,Dominica,2024-11-14,Basic,61796.41
2571,Pamela Medina,ftaylor@example.org,Korea,2015-06-23,Basic,51384.84
2572,Craig May,jshaffer@example.org,Solomon Islands,2022-07-25,Standard,72357.39
2573,James Collier,kimberly03@example.com,Yemen,2025-02-18,Basic,57337.36
2574,Jonathan Mills,hunterjamie@example.com,Kenya,2024-05-31,Standard,5865.4
2575,Heather Hunt,jasoncampbell@example.com,Korea,2015-07-28,Premium,26658.54
2576,David Hall,jacobscindy@example.org,Western Sahara,2019-03-09,Standard,28587.33
2577,Cheryl Petersen,lcosta@example.net,Brunei Darussalam,2022-08-13,Basic,25512.41
2578,Gregory Cobb,bradshawcarlos@example.org,Tokelau,2023-08-06,Standard,40549.19
2579,Stephanie Carr,shannon20@example.com,Senegal,2020-06-01,Basic,21932.34
2580,Alejandro Zimmerman,tnorris@example.com,Bolivia,2023-04-11,Standard,16176.68
2581,Caitlin Watson,maryday@example.org,Nigeria,2025-05-08,Standard,29673.21
2582,Mr. Brett Walters,douglashill@example.com,Antarctica (the territory South of 60 deg S),2022-03-18,Standard,70000.08
2583,Nancy Wells,kbird@example.com,Costa Rica,2025-06-28,Standard,67032.98
2584,Jake Braun,laura24@example.org,Estonia,2020-06-22,Standard,46426.71
2585,Melissa Nunez,robertrodriguez@example.net,Austria,2020-02-29,Premium,690.36
2586,Eric Fox,wattsjason@example.com,American Samoa,2015-01-22,Standard,26703.48
2587,James Benson,brianconrad@example.org,Antigua and Barbuda,2019-07-05,Standard,54251.91
2588,Peggy Young,egriffith@example.net,Guyana,2020-07-08,Standard,7825.0
2589,Tyler Silva,morganthomas@example.com,Antarctica (the territory South of 60 deg S),2025-01-28,Standard,39799.97
2590,Johnny Taylor,johnsonsteven@example.net,Kyrgyz Republic,2020-06-19,Standard,9507.24
2591,Paul Johnson,fjackson@example.org,Costa Rica,2017-10-21,Premium,57766.21
2592,Jamie Williams,pwilkerson@example.com,Lithuania,2018-05-10,Standard,29803.07
2593,Bryan Brock,leslie46@example.org,Lithuania,2021-01-06,Standard,66941.46
2594,Christopher Morton,wellsadam@example.com,Gambia,2019-12-02,Basic,8374.95
2595,Anthony Good,katherinecarter@example.org,Colombia,2016-07-26,Standard,33091.91
2596,Brandon Sanders,matthewlewis@example.net,Faroe Islands,2019-01-11,Standard,32688.52
2597,Brenda Oconnor,aguilarkevin@example.com,South Georgia and the South Sandwich Islands,2016-03-29,Basic,53264.15
2598,Sophia Bennett,clarkian@example.net,Niue,2019-06-05,Standard,3259.16
2599,Brandon Leblanc,portiz@example.com,Netherlands,2015-05-10,Standard,25008.21
2600,Michelle Johnson,josephcooper@example.net,Guinea-Bissau,2020-05-17,Standard,15124.65
2601,Heather Reyes,danielandrews@example.org,Ghana,2016-05-01,Basic,73723.92
2602,Kimberly Nielsen,jacksonrussell@example.com,Saudi Arabia,2023-12-21,Standard,41371.74
2603,Morgan Lang,jscott@example.com,Somalia,2023-06-04,Standard,9775.69
2604,Veronica Craig,jasongray@example.org,United States of America,2020-08-17,Basic,66162.05
2605,Joseph Collins,andrew37@example.net,Moldova,2024-04-04,Basic,55706.52
2606,Vanessa Rodriguez,henrychristine@example.net,Bulgaria,2016-03-17,Standard,8452.53
2607,Eric Williams,philliphayden@example.net,Brunei Darussalam,2018-11-10,Basic,9677.74
2608,Rachel Petty,amber86@example.com,Kiribati,2017-08-26,Standard,57612.03
2609,Amanda Moore,audreyrose@example.com,Falkland Islands (Malvinas),2019-10-26,Premium,62280.22
2610,Charles Foley,cameronjackson@example.net,Saint Lucia,2019-11-15,Basic,55373.01
2611,Todd Hernandez Jr.,aaron33@example.org,Bahamas,2015-12-05,Standard,21346.2
2612,Joshua Bennett,julia67@example.org,Nauru,2016-09-16,Basic,18769.11
2613,Aaron Black,martinezdavid@example.org,Angola,2018-02-25,Basic,14217.8
2614,Savannah Davis,loritaylor@example.com,Cook Islands,2022-11-11,Basic,64846.47
2615,Natalie Perkins,nsingh@example.org,Iceland,2017-03-23,Standard,61590.55
2616,Robert Rogers,bendermichelle@example.net,Jamaica,2016-02-27,Standard,58758.09
2617,David Sanchez,johnsoncandice@example.net,Malaysia,2017-01-12,Basic,37799.46
2618,Daniel Hamilton,sharpjohn@example.com,Belize,2022-01-20,Standard,64151.68
2619,Kelly Miller,batesangela@example.com,Puerto Rico,2016-06-25,Standard,17396.47
2620,Jonathan Malone,edward03@example.net,Eritrea,2017-02-26,Standard,20721.16
2621,Mary Jones,marioallen@example.com,Isle of Man,2021-11-30,Basic,32116.15
2622,Frank Harding,justin46@example.com,Kenya,2019-04-07,Standard,64860.17
2623,Anthony Brown,josephschneider@example.org,Sudan,2022-02-07,Standard,23156.83
2624,Randy Kent,samanthadelgado@example.net,Kiribati,2019-10-12,Basic,16827.7
2625,Pamela Donaldson,susanmyers@example.org,Marshall Islands,2022-03-22,Standard,38362.31
2626,Stephen Crawford,rebecca73@example.com,Northern Mariana Islands,2019-01-29,Premium,8476.61
2627,Jennifer Moore,maxwellgibson@example.org,French Polynesia,2019-09-09,Standard,26489.08
2628,Manuel Riddle,andrearivera@example.net,Brazil,2017-01-14,Standard,67159.19
2629,Teresa Fuller,michael04@example.net,Tonga,2023-05-09,Premium,4146.77
2630,Ashley Johnson,oguzman@example.org,Estonia,2018-02-21,Standard,21577.44
2631,Alexander Miller,alexandraellis@example.org,Benin,2017-01-27,Basic,7781.94
2632,Nichole Thompson,ashleybranch@example.net,Japan,2018-10-01,Standard,36973.65
2633,Brandon Johnson,stacey50@example.com,Saint Pierre and Miquelon,2015-02-25,Standard,7492.32
2634,Paul Walker,larry04@example.net,Christmas Island,2016-06-17,Standard,57842.16
2635,Veronica Barnes,melissaevans@example.org,Botswana,2019-01-20,Standard,55661.58
2636,Faith Smith,zball@example.net,Costa Rica,2021-10-12,Basic,44271.1
2637,Ellen Bruce,jimmy86@example.org,Liechtenstein,2017-05-10,Standard,48856.06
2638,Ms. Carla Stewart MD,margaretbarnett@example.org,India,2016-03-11,Standard,6770.53
2639,Aaron Myers,ypadilla@example.com,Venezuela,2016-05-07,Premium,55758.41
2640,Jennifer Hernandez,joshuajones@example.net,Turkmenistan,2024-11-30,Premium,72632.68
2641,Zachary Phelps,rdixon@example.net,French Polynesia,2022-11-26,Standard,14484.91
2642,Ronald Bates,fowlermichael@example.org,Isle of Man,2025-07-24,Standard,7623.15
2643,Ashley Dixon,jholder@example.org,Dominica,2023-02-19,Standard,25881.62
2644,Dillon Clark,parkerrobert@example.net,Sao Tome and Principe,2020-12-25,Standard,57133.85
2645,Christian Rodriguez,rogersdana@example.com,Netherlands,2017-02-24,Basic,3524.88
2646,Heather Kelly,andreross@example.net,Falkland Islands (Malvinas),2024-12-30,Standard,53442.33
2647,Maria Miller,garciajennifer@example.com,Singapore,2025-03-03,Basic,64044.51
2648,Joshua Schmidt,qwright@example.com,Djibouti,2019-02-08,Standard,26213.63
2649,George Willis,vincent82@example.net,Bahrain,2025-03-19,Standard,53870.11
2650,Destiny Solis,kaiserrichard@example.org,Guatemala,2020-11-15,Standard,36340.84
2651,Rose Kaiser,christopherochoa@example.com,Georgia,2015-03-31,Basic,37914.24
2652,Paul Miller,johnjohnson@example.net,Iran,2025-11-06,Standard,20742.61
2653,Logan Tapia,psmith@example.com,Cambodia,2021-05-08,Premium,3647.03
2654,Nicholas Brennan,dbrown@example.org,Central African Republic,2017-02-18,Premium,72942.43
2655,Michael Garcia,lpierce@example.net,Netherlands,2022-09-05,Basic,29962.66
2656,Amber Davis,antonio03@example.com,Uruguay,2015-11-04,Standard,38633.21
2657,Robin Allen,ladkins@example.com,Serbia,2019-04-23,Standard,56366.9
2658,Jennifer Norman,wilkersonkatherine@example.org,Senegal,2021-10-23,Standard,29420.96
2659,Heather Espinoza DVM,bowenjonathan@example.net,Oman,2016-10-17,Standard,14008.96
2660,William Owens,michelle01@example.org,Costa Rica,2015-02-06,Standard,44510.43
2661,Gina Morgan,jasminjohnson@example.org,Moldova,2020-02-09,Basic,59350.85
2662,Sharon Wallace,ruizkimberly@example.net,Senegal,2017-11-26,Standard,54113.29
2663,Darrell Rodriguez,brodriguez@example.net,Portugal,2022-12-11,Standard,16720.14
2664,Peggy Harrison,davidharris@example.net,Turkmenistan,2017-07-06,Standard,9152.98
2665,Madeline Cruz,hhenry@example.net,Congo,2015-06-10,Premium,18056.7
2666,Dr. Andrew Johns,yoderadam@example.com,Mexico,2018-02-11,Standard,70667.94
2667,Nathan Dunn,steven80@example.org,Chile,2023-11-13,Basic,20465.01
2668,Maureen Carter,jasonfoster@example.org,Central African Republic,2024-03-26,Premium,73506.77
2669,Barbara Richards,wmorrison@example.com,Micronesia,2022-04-10,Standard,8934.82
2670,Jesus Ross,zsmith@example.com,Pitcairn Islands,2019-02-20,Standard,45485.68
2671,Andrea Harvey,sanchezmelissa@example.com,Qatar,2024-11-29,Standard,70995.48
2672,Sherry Thomas,brian16@example.com,Swaziland,2019-07-31,Standard,54225.45
2673,Benjamin Castillo,robinsonmichael@example.net,Mali,2015-08-23,Basic,22293.43
2674,Stephanie Moore,jacquelineneal@example.net,Mauritania,2018-12-27,Standard,1028.01
2675,Laura Roberts,wesley30@example.org,Gabon,2016-12-24,Standard,72400.75
2676,Nancy Burke,cervantesleslie@example.org,Aruba,2022-05-16,Standard,1418.98
2677,Jacob Jones,wcortez@example.net,Mexico,2023-10-02,Basic,58419.4
2678,Melissa Powell PhD,elizabethwalls@example.com,Djibouti,2022-09-19,Standard,54264.51
2679,Brandon Smith,wilkinsnicole@example.com,United States Minor Outlying Islands,2024-10-03,Standard,49123.4
2680,Mr. Wyatt Henry PhD,hfoley@example.com,Latvia,2017-04-24,Standard,45424.54
2681,George Garner,taylorkaylee@example.com,United States of America,2018-01-05,Basic,16742.77
2682,Robert Anderson MD,vhunter@example.com,Eritrea,2024-08-16,Standard,47327.6
2683,Scott Fowler,umartin@example.com,Andorra,2017-08-07,Basic,11884.2
2684,Richard Graham,kelsey67@example.com,Cambodia,2016-08-30,Basic,32684.29
2685,Austin Garcia,gharris@example.com,British Virgin Islands,2017-01-13,Basic,7253.41
2686,Robert Fischer,pschmidt@example.org,Liberia,2016-12-22,Standard,61215.95
2687,Amy Davis,kurt38@example.org,Singapore,2023-03-07,Standard,36916.25
2688,Jeremy Nicholson,wesley57@example.net,Cocos (Keeling) Islands,2018-06-24,Standard,21332.81
2689,Christopher Thompson,kaylee68@example.com,Cameroon,2019-06-03,Standard,13535.64
2690,Charlene Black,wendy76@example.com,El Salvador,2016-08-10,Standard,14291.64
2691,Jeremy Stafford,douglasdougherty@example.net,Costa Rica,2025-03-12,Premium,18582.72
2692,Christine Kelley,salvarez@example.org,Guinea-Bissau,2023-02-14,Standard,30337.2
2693,Claudia Rice,alawson@example.net,Puerto Rico,2024-01-23,Standard,54575.66
2694,Dennis Sellers,ogarza@example.org,Azerbaijan,2019-04-22,Premium,7704.81
2695,Penny Waters,adam08@example.net,Sierra Leone,2023-07-25,Premium,62035.53
2696,Curtis Barnes,kruegermark@example.com,Japan,2016-06-25,Basic,70117.16
2697,Paula Edwards,robert07@example.net,Nepal,2016-08-07,Standard,6498.77
2698,Kathryn Morgan,erik19@example.net,Tokelau,2023-11-20,Basic,45072.88
2699,Ronald Rose,meganwoods@example.com,San Marino,2016-03-11,Basic,71831.92
2700,Joy Clark,mccarthygregory@example.net,Cameroon,2024-07-24,Standard,61414.59
2701,Mr. Benjamin Marshall,denise76@example.net,British Indian Ocean Territory (Chagos Archipelago),2020-05-21,Basic,15373.54
2702,Ashley Martin,eric85@example.org,France,2024-02-23,Basic,66956.17
2703,Juan Ray,antoniothompson@example.org,Syrian Arab Republic,2016-09-24,Standard,25048.78
2704,Kenneth Clark,jacobroach@example.net,Isle of Man,2017-12-31,Standard,40878.6
2705,Victoria Norton MD,jack64@example.com,Switzerland,2024-04-01,Standard,9449.89
2706,Jay Johnson,hayesnicole@example.org,Uruguay,2016-02-25,Premium,40962.0
2707,Zachary Ross,seanosborne@example.com,Poland,2016-08-03,Standard,62777.13
2708,Andrew Aguilar,jackconley@example.org,El Salvador,2017-07-17,Premium,17017.38
2709,Jamie Walker,royscott@example.net,Fiji,2022-05-08,Standard,11266.39
2710,Jessica Allen,fernandezsusan@example.org,Saint Vincent and the Grenadines,2022-09-04,Standard,69146.4
2711,Timothy Green,nicolegilbert@example.net,Svalbard & Jan Mayen Islands,2024-03-24,Standard,66345.74
2712,Mrs. Melissa Robinson,davidhaynes@example.com,Cocos (Keeling) Islands,2016-03-27,Basic,37013.59
2713,Angie Jacobson,shortjeffrey@example.net,Australia,2018-02-28,Standard,71745.87
2714,Raymond Montoya,martinezrussell@example.com,Korea,2016-04-29,Standard,46273.33
2715,Gary Jackson,angelatorres@example.org,Namibia,2015-12-14,Standard,69371.49
2716,Marcus Sims MD,gsharp@example.net,Jordan,2016-12-30,Basic,45436.85
2717,Aaron Goodman,karen02@example.org,Mayotte,2017-01-12,Standard,25279.59
2718,Miguel Garcia,brookemartin@example.org,United Kingdom,2022-06-26,Standard,11478.95
2719,Roger Evans,christineramirez@example.net,Montserrat,2018-03-21,Standard,46950.68
2720,Lauren Thompson,michaellee@example.org,China,2025-04-10,Standard,8018.21
2721,Christopher Howard,moorenicholas@example.net,Sri Lanka,2017-12-23,Standard,27841.16
2722,Scott Brown,veronicacampbell@example.net,Pitcairn Islands,2015-11-09,Basic,53420.17
2723,Courtney Sullivan,heather39@example.org,Saudi Arabia,2025-12-20,Basic,64663.12
2724,Cheryl Martin,phillipmartin@example.com,Bulgaria,2018-08-04,Premium,49275.1
2725,Joshua Reed,daviddecker@example.com,Sao Tome and Principe,2023-12-08,Premium,33640.48
2726,Christopher Riley,wdeleon@example.net,India,2015-10-03,Basic,36012.79
2727,Shannon Burke,stephaniewilson@example.org,Luxembourg,2023-02-24,Premium,32202.12
2728,Benjamin Stevens,joshua10@example.com,Cocos (Keeling) Islands,2016-06-06,Standard,7010.91
2729,Sharon Davidson,rachelpeterson@example.org,Namibia,2018-07-31,Standard,29030.05
2730,James Jones,corywatson@example.net,Iran,2025-11-28,Standard,36226.32
2731,Jeff Sampson,qflores@example.net,Norfolk Island,2018-09-27,Standard,59564.24
2732,Darlene Garcia,jacquelinezamora@example.com,British Indian Ocean Territory (Chagos Archipelago),2025-05-02,Premium,70816.26
2733,Randall Johnson,donnasuarez@example.com,Germany,2020-07-29,Standard,31544.81
2734,Debra Lee,brownhayley@example.com,Guinea,2021-01-05,Standard,37071.96
2735,Brandon Clark,craigbowman@example.com,Dominica,2021-07-07,Basic,29000.89
2736,Amber York,dlowery@example.net,Burundi,2023-09-16,Basic,39639.21
2737,Larry Martinez,michelle21@example.net,Mayotte,2022-11-19,Standard,56184.19
2738,Robert Fuller,isabella81@example.net,Cocos (Keeling) Islands,2017-04-12,Premium,27287.78
2739,Tracy Turner,bvasquez@example.com,North Macedonia,2021-04-06,Basic,1532.31
2740,Kenneth Nixon,katherinechapman@example.net,Jersey,2016-03-27,Standard,10236.05
2741,Hunter Williamson,martintanner@example.net,Papua New Guinea,2024-07-08,Premium,26363.73
2742,Jeffrey Brown,dana58@example.net,Congo,2016-07-24,Basic,58453.85
2743,Kimberly Kaufman,holly72@example.com,Solomon Islands,2024-07-27,Standard,11024.48
2744,Patrick Adams,lmartinez@example.org,Guyana,2019-09-21,Standard,69867.8
2745,Daniel Deleon,jillian19@example.com,Chile,2015-08-17,Standard,62129.68
2746,Carrie Kane,fischeramanda@example.com,Saint Lucia,2022-10-20,Basic,9013.38
2747,Taylor Sullivan,seth86@example.org,Namibia,2015-04-18,Basic,28465.19
2748,Shirley Lucas,rosalesgavin@example.org,Ecuador,2015-08-10,Standard,31996.98
2749,Anita Hudson,brookefrench@example.net,Reunion,2015-10-30,Basic,49790.36
2750,Jennifer Decker,awilliams@example.com,Afghanistan,2016-10-09,Standard,44645.94
2751,Ronald Cooper,mccartymichael@example.org,Colombia,2015-11-20,Premium,27552.01
2752,Russell Holland,lovechristina@example.org,Saint Pierre and Miquelon,2024-04-27,Standard,1182.71
2753,Laura Sanchez,amberthompson@example.org,French Southern Territories,2017-01-17,Basic,11441.36
2754,Anna Herring,patricksmith@example.org,Italy,2020-11-30,Standard,10723.4
2755,Tara Thomas,uhopkins@example.com,Fiji,2019-08-13,Standard,22638.2
2756,Thomas Goodman,wellsryan@example.org,India,2022-03-26,Basic,33437.03
2757,Michael Reeves,alex95@example.org,Kyrgyz Republic,2016-09-30,Standard,21685.99
2758,Devon Davis,ohopkins@example.net,Bouvet Island (Bouvetoya),2021-10-10,Premium,48273.46
2759,Sean Gonzalez,pwilson@example.net,Eritrea,2015-02-14,Basic,37871.33
2760,Brandon Graham,sheilabaldwin@example.com,Guernsey,2025-08-19,Standard,31915.65
2761,Robert Wilson,stevemarshall@example.net,Ukraine,2024-04-20,Basic,41673.16
2762,Ivan Tapia,hendersonheather@example.com,Netherlands,2018-06-07,Standard,43011.87
2763,Marcus Williams,nichole17@example.com,Togo,2016-10-04,Basic,31919.35
2764,Jorge Alexander,hufftroy@example.net,Mongolia,2019-03-27,Standard,7122.26
2765,Elijah White,justinrobinson@example.com,Ethiopia,2017-05-17,Basic,9603.72
2766,Angela Crawford,josephpatterson@example.com,South Africa,2019-05-26,Standard,4435.76
2767,Rodney Armstrong,ahudson@example.org,Guinea-Bissau,2021-04-09,Standard,56013.18
2768,Patricia Wood,nicholasjuarez@example.com,Monaco,2022-10-07,Standard,6021.39
2769,Diana Mcdonald,zacharygross@example.com,Bahrain,2022-03-14,Standard,23660.93
2770,Veronica Smith,jeremy55@example.com,Saint Vincent and the Grenadines,2015-08-12,Standard,28690.14
2771,Carrie Myers,jimmy99@example.org,Syrian Arab Republic,2017-03-08,Basic,48586.88
2772,Lauren Robinson,greenronald@example.com,Liechtenstein,2019-01-25,Standard,8053.9
2773,Madison Mclaughlin,jeffrey88@example.com,Falkland Islands (Malvinas),2015-04-25,Standard,63534.04
2774,Anthony Luna,danielsshannon@example.net,Togo,2016-03-12,Standard,12416.34
2775,Jason Kemp,yanderson@example.org,Iraq,2023-06-26,Premium,44884.03
2776,Rhonda Oconnell,richardsonkenneth@example.net,Benin,2017-04-06,Basic,14283.85
2777,Rose Francis,maysedward@example.com,Uzbekistan,2018-01-07,Standard,2669.42
2778,Laura Rodriguez,matthew78@example.com,Angola,2015-07-03,Premium,42866.68
2779,David Jenkins,cjohnson@example.org,Romania,2015-07-07,Standard,59319.37
2780,Derek Coleman,jasonsanders@example.net,Kazakhstan,2018-06-18,Premium,7217.52
2781,Alison Sullivan,kelleyderek@example.net,Cocos (Keeling) Islands,2018-03-02,Premium,26909.52
2782,Stephen Alvarez,kimberly90@example.net,Korea,2018-07-12,Basic,37641.15
2783,Katie Murphy,erica06@example.com,Sao Tome and Principe,2025-12-02,Basic,54495.19
2784,Jason Torres,heathersteele@example.net,Saudi Arabia,2018-09-19,Premium,50682.81
2785,Mr. Patrick Edwards,melanie49@example.org,Burundi,2016-02-18,Standard,55673.49
2786,Melissa Brown,whubbard@example.org,Mayotte,2015-04-08,Standard,58185.75
2787,Melanie Ramos,lmyers@example.org,Serbia,2021-07-29,Standard,28812.85
2788,Phillip Lane,wellssherry@example.net,Mozambique,2016-10-22,Basic,3046.27
2789,Russell Combs,chambersashley@example.net,Venezuela,2024-12-04,Standard,34867.19
2790,Bryan Moore,tammy33@example.com,Bermuda,2017-08-06,Standard,71473.17
2791,Thomas Smith,tshort@example.net,Estonia,2022-05-03,Basic,60608.83
2792,Kevin Moore,jennifergarza@example.net,Zimbabwe,2025-10-22,Premium,53961.95
2793,Valerie Miller,susanturner@example.net,Netherlands Antilles,2021-10-29,Standard,74422.85
2794,Ashley Howard,ycole@example.net,Christmas Island,2018-10-30,Standard,69784.48
2795,Gerald Ryan,aarongreen@example.net,Marshall Islands,2018-04-06,Standard,10057.02
2796,Zachary Hall,donna30@example.net,Cameroon,2019-10-31,Standard,64232.45
2797,Melissa Short,owensamber@example.com,Latvia,2022-08-29,Premium,53529.0
2798,Tammy Hughes,rfinley@example.net,Cyprus,2021-11-05,Standard,15859.34
2799,Hailey Brewer,garciadebra@example.com,Turkmenistan,2021-05-11,Standard,71861.67
2800,Tammy Barrett,murphyjames@example.com,Singapore,2024-01-10,Standard,37439.83
2801,John Giles,robertevans@example.com,Turkmenistan,2018-06-21,Premium,57532.22
2802,Andre Soto,holmesrachel@example.org,Korea,2023-10-06,Standard,72678.8
2803,Chris Martin,ppierce@example.com,Syrian Arab Republic,2020-02-06,Basic,37543.69
2804,Joseph Goodwin,guerreroandrew@example.org,Maldives,2016-10-23,Standard,70070.68
2805,Lauren Morgan,darleneowens@example.com,Benin,2018-12-18,Premium,43344.24
2806,Joshua Henderson,ballnicole@example.com,Togo,2023-08-28,Premium,13644.17
2807,Robert Sullivan,alexisjohnson@example.org,Tajikistan,2025-12-21,Standard,73964.21
2808,Mario Bryant,virginiafisher@example.net,United Arab Emirates,2022-04-17,Standard,65780.18
2809,Diana Robinson,lmccoy@example.net,El Salvador,2025-11-24,Basic,70502.25
2810,Joseph Nicholson,fyoder@example.org,Algeria,2024-08-19,Standard,3209.55
2811,Elizabeth Stanley,kennethsandoval@example.com,Cuba,2021-12-13,Standard,30825.23
2812,Albert Davis,summerellis@example.org,Algeria,2019-02-11,Basic,9891.57
2813,Theodore Hudson,tmorrow@example.org,Egypt,2018-07-08,Standard,46941.24
2814,Mariah Cole,samanthacarter@example.com,Ghana,2020-09-03,Standard,51244.52
2815,Phillip Norris,belljeffrey@example.com,Equatorial Guinea,2022-08-27,Standard,65836.29
2816,Angela Patel,xclarke@example.com,Philippines,2015-08-22,Premium,73313.01
2817,David Ross,mary88@example.org,British Indian Ocean Territory (Chagos Archipelago),2024-03-17,Basic,18550.05
2818,Mitchell Hayes,xwright@example.com,Wallis and Futuna,2016-03-07,Standard,11803.53
2819,Jennifer Duarte,jerryjohnson@example.com,Sri Lanka,2019-06-24,Standard,12075.88
2820,Reginald Cordova,ecampbell@example.org,Holy See (Vatican City State),2024-10-20,Basic,16923.08
2821,Latasha Washington,denniswilliams@example.com,Colombia,2020-03-23,Standard,7239.36
2822,Jasmine Martin,ielliott@example.org,Hungary,2024-03-05,Standard,40249.9
2823,Benjamin Chavez,wthompson@example.com,New Zealand,2023-03-17,Standard,6665.24
2824,Dr. Theresa Sandoval,briannamclaughlin@example.net,Mexico,2019-06-14,Premium,71976.22
2825,Frank Tran,zgrimes@example.net,Malaysia,2018-09-08,Basic,15160.46
2826,Jon Carr,sabrina60@example.com,British Virgin Islands,2021-10-11,Premium,25846.16
2827,Joseph Williams,paula31@example.com,Cook Islands,2020-05-04,Standard,52746.24
2828,Nichole Cherry,mooredavid@example.org,Antarctica (the territory South of 60 deg S),2021-02-10,Premium,34229.75
2829,Austin Evans,jspears@example.net,Saint Kitts and Nevis,2022-03-07,Standard,35380.07
2830,Andrea Sparks,melissaharrell@example.net,Vietnam,2021-09-28,Standard,42723.44
2831,Claudia Wilson,zacharyandrews@example.com,Canada,2024-01-25,Basic,4914.42
2832,Sarah Harrison,vargasamber@example.net,Greece,2020-04-23,Standard,32400.7
2833,Janet Moore,kennethsmith@example.net,Russian Federation,2015-04-04,Standard,16059.09
2834,Amy White,marie09@example.com,Japan,2018-01-10,Basic,51354.44
2835,Tommy Garcia,angelica96@example.org,United States Virgin Islands,2016-08-03,Standard,13413.9
2836,Teresa Wilcox,banksmeredith@example.com,Martinique,2018-05-06,Premium,30528.87
2837,Aaron Wells,john07@example.net,Ireland,2019-09-16,Basic,33993.71
2838,Timothy Jordan,tiffany24@example.org,Georgia,2017-11-28,Standard,50305.92
2839,Todd Henry,pagelouis@example.org,Palestinian Territory,2025-01-13,Standard,4267.24
2840,Matthew Stewart,ddavis@example.com,Liechtenstein,2023-06-13,Basic,25815.93
2841,Martin Jones DVM,bryan61@example.net,Serbia,2025-07-25,Standard,15095.75
2842,Tracy Thomas,martha99@example.net,Barbados,2022-09-22,Standard,35793.58
2843,Kelli Lee,twilliams@example.net,Colombia,2019-11-25,Basic,72427.84
2844,Sarah Collins,mmitchell@example.org,Slovakia (Slovak Republic),2019-05-13,Standard,52044.38
2845,Jeffrey Wallace,xcline@example.org,Germany,2025-01-08,Basic,42177.91
2846,Dr. Stacey Holt,egutierrez@example.net,Barbados,2022-06-28,Standard,6066.2
2847,Lori Madden,christopher32@example.net,Nauru,2022-06-13,Standard,11060.14
2848,Derrick Reyes,benjamin18@example.com,Malawi,2023-05-01,Basic,70437.94
2849,Gregory Harmon,morrismary@example.com,Faroe Islands,2015-02-28,Basic,55051.21
2850,Lisa Caldwell,carriewilson@example.com,Australia,2016-08-27,Standard,34534.77
2851,Samantha Smith,alex30@example.net,Georgia,2023-11-19,Standard,23901.49
2852,Eric Ryan,vangjohn@example.net,Mayotte,2020-11-02,Basic,30627.4
2853,Brad Ryan,briannalong@example.org,Seychelles,2025-07-30,Basic,74120.84
2854,Monique Allen,rose88@example.com,Poland,2020-01-15,Basic,9647.36
2855,Lori Steele,kelleramanda@example.org,Canada,2015-05-30,Standard,43483.68
2856,Christopher Wolfe,arellanopatrick@example.net,Jordan,2019-09-18,Standard,73432.64
2857,Christine Harris,matthewbutler@example.org,Azerbaijan,2021-09-27,Standard,58135.23
2858,Lisa Mcdonald,melissa88@example.org,Serbia,2025-09-05,Standard,26269.4
2859,Jessica Williams,criddle@example.net,Chile,2025-09-17,Standard,51052.21
2860,Michael Wilson,fernandezjennifer@example.net,Norfolk Island,2015-03-08,Premium,61080.01
2861,Diane Walker,gonzalezmelissa@example.org,Sudan,2024-03-08,Standard,23195.67
2862,Brett Rogers,angela80@example.com,Central African Republic,2022-04-11,Basic,52523.96
2863,Daisy Barrett,wheelerrichard@example.com,Korea,2018-12-11,Basic,31200.52
2864,Megan Moore,edwardscaroline@example.com,Philippines,2020-11-12,Standard,40799.41
2865,John Nelson,kenneth08@example.net,Uganda,2025-05-22,Basic,25353.04
2866,Brenda Davidson,christopherchristensen@example.com,Iceland,2016-12-25,Standard,32271.68
2867,Samantha Armstrong,barbarafisher@example.com,Spain,2019-11-21,Standard,12408.62
2868,Jason Salas,johnwarner@example.net,Honduras,2022-09-21,Standard,63420.6
2869,Heidi Cherry,kaitlynjones@example.net,Gabon,2022-11-15,Standard,47649.52
2870,James Hess,ysmith@example.net,Iran,2024-08-11,Standard,69403.89
2871,Timothy Williams,bobfoster@example.com,Switzerland,2024-05-22,Premium,6799.61
2872,Andrew Simon,hollandroy@example.org,Nigeria,2021-11-29,Premium,48809.44
2873,Barbara Heath,vargasvanessa@example.org,Sri Lanka,2023-05-30,Basic,7999.73
2874,Margaret Thomas,andrewbaker@example.org,Portugal,2016-02-13,Basic,69560.36
2875,Tommy Sherman,xhorton@example.org,Togo,2024-01-14,Standard,37876.27
2876,Matthew Lopez,nwilliams@example.net,Martinique,2019-09-19,Premium,21920.36
2877,Casey Rasmussen,samantha74@example.net,Gibraltar,2021-03-09,Standard,58321.8
2878,Donald Mccoy,bradleymitchell@example.net,Netherlands,2020-04-07,Standard,14868.13
2879,Dustin Murphy,martinezallen@example.net,British Indian Ocean Territory (Chagos Archipelago),2023-11-26,Basic,26458.37
2880,Linda Bailey,alyssa44@example.com,Indonesia,2024-03-14,Basic,31116.87
2881,Mrs. Carol Bauer,edward79@example.com,Austria,2019-06-10,Standard,58901.48
2882,Jason Smith,agarcia@example.org,Georgia,2017-07-06,Premium,28254.62
2883,Amanda Smith,jshields@example.com,United Arab Emirates,2022-05-21,Standard,20253.78
2884,Alexis Gonzalez,diazmichael@example.org,Holy See (Vatican City State),2023-12-01,Standard,62926.69
2885,Melanie Jones,erinwalters@example.org,Jamaica,2015-01-18,Basic,50579.24
2886,Brandon Henderson MD,xarmstrong@example.org,Christmas Island,2015-03-05,Basic,31238.11
2887,Benjamin Sanchez,kyle94@example.org,Russian Federation,2024-06-05,Premium,59340.63
2888,Dennis Mcgee,coltoncain@example.net,Wallis and Futuna,2021-09-23,Basic,61547.57
2889,Mrs. Amy Sharp,armstrongjill@example.net,Venezuela,2021-06-01,Standard,12988.2
2890,Laura Sanders,melanie69@example.org,Japan,2025-12-01,Basic,18326.88
2891,Stephen Spencer,nicolereeves@example.com,Estonia,2019-05-31,Standard,46316.03
2892,Kristin Foster,brookstaylor@example.org,Ecuador,2021-06-24,Basic,60149.54
2893,Melissa Abbott PhD,weaverjohn@example.org,Sri Lanka,2019-05-19,Standard,70469.53
2894,Kristy Martin,ryan33@example.org,Thailand,2025-02-20,Basic,13235.37
2895,Melissa Munoz,rlewis@example.org,Cote d'Ivoire,2017-08-04,Standard,12093.66
2896,Shannon Roberts,lopezann@example.org,Gibraltar,2020-08-27,Premium,60137.61
2897,Christopher Foster,lbennett@example.net,Colombia,2019-05-25,Premium,43375.8
2898,Jeffrey Sellers,jeffreynichols@example.com,Pakistan,2017-12-01,Basic,47142.05
2899,Chad Parks,johnstonjohn@example.org,Bahrain,2018-08-13,Basic,12139.22
2900,Colin Juarez,zacharycarter@example.org,French Southern Territories,2019-11-27,Standard,7221.59
2901,Benjamin Garza Jr.,marshtimothy@example.com,Tokelau,2016-09-18,Premium,57809.91
2902,Ryan Vaughn,peggybrown@example.com,Gibraltar,2025-04-28,Premium,53141.3
2903,Michael Dean,andreawalker@example.org,Afghanistan,2015-04-14,Basic,42991.59
2904,Jennifer Mitchell,jasonmoore@example.com,Niue,2020-02-02,Basic,10008.46
2905,Brittany Anderson,nmcdonald@example.org,Wallis and Futuna,2017-02-03,Standard,58374.83
2906,Stephen Hunter,friedmanrichard@example.com,Saint Lucia,2018-05-01,Standard,67368.72
2907,Timothy Ramos,angelicawilliams@example.com,South Georgia and the South Sandwich Islands,2023-02-22,Standard,63074.15
2908,Lucas Jackson,derek41@example.net,Swaziland,2023-08-22,Basic,59007.1
2909,John Erickson,andersontyler@example.org,Peru,2015-12-06,Standard,4118.23
2910,Jessica Harrington,william67@example.com,Burundi,2022-02-27,Basic,47150.99
2911,Timothy Wilkinson,agreer@example.org,Ecuador,2016-03-30,Basic,65053.69
2912,Cheryl Romero,cynthia64@example.com,Saint Lucia,2016-03-14,Standard,44793.11
2913,Kenneth Adams,nbrewer@example.org,Mali,2017-01-09,Premium,19834.1
2914,Veronica Hale,igoodman@example.net,Fiji,2019-01-20,Premium,37194.82
2915,Linda Jones,vjohnson@example.net,Tuvalu,2016-02-17,Basic,15795.94
2916,Erik Delacruz,douglasbutler@example.com,French Polynesia,2015-10-29,Standard,1891.28
2917,Carlos Walker,patricia12@example.org,Cayman Islands,2017-05-11,Standard,47019.79
2918,Laurie Michael,guerrerorenee@example.com,Nicaragua,2018-07-08,Standard,28300.26
2919,Timothy Perez,smithcharles@example.net,Korea,2016-10-21,Standard,33953.17
2920,Michael Calhoun,derricklee@example.net,Marshall Islands,2017-01-01,Standard,1007.99
2921,Elizabeth Jimenez,margarethickman@example.org,Guam,2024-08-02,Standard,47433.2
2922,Joel Gordon,gbrown@example.net,Malta,2018-11-21,Premium,73199.71
2923,Vincent Harris,qbrown@example.net,Thailand,2021-02-16,Standard,46146.87
2924,James Williams,archerjames@example.net,Equatorial Guinea,2017-11-08,Premium,39250.7
2925,Jacqueline Torres,peter58@example.com,Poland,2015-05-02,Basic,14665.18
2926,Derrick Hampton,rlee@example.net,Dominican Republic,2023-07-14,Standard,38970.12
2927,Selena Hodge,zmoore@example.org,Australia,2016-04-15,Standard,65048.85
2928,Amy Beard,zmiller@example.org,Albania,2016-07-21,Basic,2454.95
2929,Frank Santana,acohen@example.com,Greenland,2025-07-16,Standard,54648.86
2930,Dr. Travis Morris DDS,pamela51@example.org,Equatorial Guinea,2017-03-27,Premium,20706.57
2931,Donald Smith,vmills@example.net,Solomon Islands,2021-03-08,Basic,26304.37
2932,Rhonda Foley,felicia51@example.com,Hong Kong,2024-01-27,Standard,35161.52
2933,Frederick Moore,michelle41@example.net,Namibia,2019-06-27,Standard,38571.08
2934,Tasha Smith,jamesrussell@example.net,Japan,2017-03-21,Basic,18944.46
2935,Reginald Copeland,ucamacho@example.org,Korea,2018-02-25,Standard,66576.79
2936,David Lee,lisa42@example.org,Malaysia,2023-11-23,Basic,7941.37
2937,Amy Williams,jessica89@example.net,Martinique,2023-11-27,Basic,23540.99
2938,William Frank,julie34@example.net,Mozambique,2019-11-11,Standard,54224.01
2939,Randy Little,kcarlson@example.com,Burkina Faso,2023-05-19,Basic,31924.36
2940,Gabrielle Hernandez,daniel56@example.net,Faroe Islands,2016-03-16,Standard,24076.46
2941,Elizabeth Rocha,wharris@example.com,Sao Tome and Principe,2021-05-12,Standard,32341.14
2942,Elizabeth Hicks,berrytyrone@example.net,Zimbabwe,2024-03-10,Standard,67367.63
2943,David Smith,breanna80@example.org,Palestinian Territory,2015-05-19,Premium,12751.87
2944,Mrs. Michelle King,debrastokes@example.org,Spain,2019-08-06,Basic,19166.51
2945,Brandon Pruitt,martinramirez@example.org,Lao People's Democratic Republic,2022-03-27,Standard,62044.81
2946,Erik Williams,elliottscott@example.com,Latvia,2019-06-20,Basic,39904.74
2947,Jeffrey Cox,stephanie14@example.org,Malaysia,2018-08-14,Premium,13697.84
2948,Nancy Holder,jamesmason@example.net,Bulgaria,2017-10-01,Standard,14147.14
2949,Erica Davidson,zhorton@example.com,Botswana,2019-03-04,Premium,49357.36
2950,Caitlin Lucas,garysnow@example.org,Saint Pierre and Miquelon,2015-02-09,Premium,23755.35
2951,Miranda Bennett,gabriel67@example.com,Vanuatu,2018-09-09,Standard,1064.85
2952,Annette Hendrix,hollycruz@example.org,Tajikistan,2018-08-10,Standard,42668.33
2953,Mary May,watsontina@example.net,Uzbekistan,2019-04-29,Basic,42232.63
2954,Pamela Harrison,kenneththomas@example.com,Swaziland,2017-06-09,Standard,16110.09
2955,Gerald Edwards,mahoneysarah@example.org,Burkina Faso,2021-10-25,Premium,21034.12
2956,Charles Valdez,colewayne@example.net,Anguilla,2022-07-12,Basic,60605.13
2957,Dr. Crystal Shelton,johnsonlisa@example.com,Germany,2019-09-24,Premium,66976.64
2958,Shelley Klein,jbrown@example.com,Sudan,2024-02-14,Standard,32781.62
2959,Jeremy Morris,chad76@example.com,Germany,2024-01-01,Standard,14984.96
2960,Kevin Jones,cameronkaitlyn@example.com,Malaysia,2018-01-29,Standard,3747.69
2961,Kevin Flores,grantkevin@example.net,New Caledonia,2016-12-01,Standard,9525.93
2962,Lori Jackson,williampierce@example.com,Isle of Man,2017-08-26,Standard,44440.04
2963,Alexander Moore,jenningsraymond@example.org,Dominica,2022-03-21,Standard,21556.51
2964,Melanie White,chenmatthew@example.org,Mexico,2015-01-20,Basic,43287.97
2965,Kimberly Moore,yboone@example.org,Malawi,2024-06-09,Basic,21506.34
2966,Robin Johnson,zsmith@example.com,Saint Barthelemy,2020-12-25,Basic,3016.36
2967,Tracie Johnson,williamsbrenda@example.org,Liberia,2022-03-26,Basic,3174.24
2968,Leah Thomas,jeffreywhitehead@example.net,Panama,2024-04-22,Premium,35374.53
2969,Jessica Torres,pmorse@example.net,Germany,2018-01-30,Basic,54313.21
2970,John Stevens,yatkins@example.net,Tonga,2015-11-23,Standard,26100.38
2971,William Morgan,fsmith@example.com,Dominica,2021-11-13,Standard,23659.81
2972,Pamela Larsen,craigmurphy@example.net,Armenia,2020-02-05,Premium,22558.68
2973,Patricia Gonzales,howarddawn@example.net,Lesotho,2025-03-18,Standard,48172.01
2974,Megan Stevenson,jennifer44@example.org,Georgia,2021-12-06,Premium,28199.48
2975,Jordan Clark,collinskyle@example.com,Zambia,2024-04-04,Premium,16995.07
2976,Thomas Garcia,sharonlevine@example.com,Thailand,2018-08-15,Premium,8108.89
2977,James Mooney,nguyenkaren@example.net,Netherlands,2017-07-16,Basic,54387.94
2978,Andrew Fowler,iwilliamson@example.org,Tunisia,2025-02-12,Standard,14539.19
2979,Crystal Beltran,michael84@example.com,Isle of Man,2021-01-10,Basic,61257.03
2980,Laura Carter,lorihenderson@example.com,Zimbabwe,2024-09-25,Basic,70074.75
2981,Alex Reynolds,christiecastillo@example.com,Madagascar,2015-06-26,Premium,66278.12
2982,Sheila Kelly,tdiaz@example.org,Netherlands Antilles,2015-11-04,Premium,71049.08
2983,Maureen Bates,danlong@example.net,Singapore,2023-11-17,Standard,51672.14
2984,Michelle Taylor,riveramicheal@example.net,Panama,2016-11-28,Basic,20425.93
2985,Christopher Underwood,gregorydavis@example.net,Holy See (Vatican City State),2016-05-06,Basic,43863.13
2986,Gregory Rodgers,brandyrobles@example.org,Yemen,2023-06-12,Premium,64676.64
2987,Daniel Carter,tbradford@example.com,Iceland,2025-01-15,Standard,63798.99
2988,Bryan Paul,amy17@example.com,Saint Vincent and the Grenadines,2016-05-16,Standard,33646.79
2989,Tanya Wilson,ramosmatthew@example.org,Ukraine,2020-05-11,Standard,18229.13
2990,Jose Davis,brewersherri@example.org,Denmark,2018-08-11,Standard,73232.12
2991,Elizabeth Hill,dhughes@example.net,Nauru,2016-01-12,Basic,36332.3
2992,Justin Benson,vroberts@example.org,Nauru,2015-12-06,Standard,22393.51
2993,Shannon Herrera,elizabeth33@example.org,Sudan,2017-09-19,Standard,62706.77
2994,Vernon Walters,andrewsdebbie@example.com,Russian Federation,2017-04-23,Standard,55211.3
2995,Audrey Macdonald,dbennett@example.org,Netherlands Antilles,2020-07-18,Standard,5867.04
2996,Wanda Gutierrez,smithwendy@example.net,India,2017-06-04,Premium,1231.33
2997,Diana Shepherd,taylormelinda@example.org,Burkina Faso,2020-06-20,Standard,29033.25
2998,Veronica Adams,jonesvanessa@example.net,Kazakhstan,2021-08-15,Premium,15847.44
2999,Kristen Vance,vhoward@example.org,Bhutan,2018-07-07,Basic,38666.07
3000,Jesse Jones,cynthiahill@example.com,British Indian Ocean Territory (Chagos Archipelago),2020-02-03,Basic,23558.95
3001,Alexander Martin,kimberlybell@example.com,Gabon,2016-03-08,Standard,63623.57
3002,Susan Hamilton,donald60@example.org,Mexico,2019-01-29,Basic,16604.17
3003,John Anderson,carlrichards@example.com,Saint Pierre and Miquelon,2021-12-16,Standard,34069.28
3004,Jane Salazar,michael22@example.com,Poland,2017-02-08,Standard,58556.57
3005,Samuel Baker,evansbrady@example.org,Vanuatu,2022-09-11,Premium,31876.28
3006,Rebecca Olsen,aaron25@example.com,Bahrain,2022-04-09,Standard,65269.9
3007,Veronica Decker,kimberly48@example.com,Liberia,2016-03-14,Premium,34706.32
3008,Joseph Herrera,turnerkari@example.org,Bahrain,2025-01-10,Basic,18232.04
3009,Isaiah Gray,brookstimothy@example.net,Switzerland,2020-05-04,Standard,20190.06
3010,Hunter Wilson,dfox@example.net,Swaziland,2017-12-23,Standard,34084.91
3011,Arthur Golden,robertsbrandy@example.com,Ecuador,2018-12-22,Premium,41385.24
3012,Matthew Coleman,brettrice@example.com,Macao,2020-08-18,Standard,11508.85
3013,Brett Horton,fhanna@example.com,Costa Rica,2019-12-13,Standard,25197.03
3014,Erika Mays,jeremy78@example.com,Chile,2022-04-10,Standard,7561.5
3015,Theresa Smith,dunnconnor@example.net,Paraguay,2017-03-05,Standard,69619.49
3016,Joseph Henderson,markgibson@example.org,Ireland,2021-08-30,Standard,30351.23
3017,Marissa Smith,qshort@example.org,Ecuador,2020-10-25,Standard,45656.75
3018,Mikayla Watson,harold30@example.com,Antigua and Barbuda,2022-04-01,Standard,51166.75
3019,Cory Lopez,psawyer@example.net,Western Sahara,2016-04-16,Standard,8553.44
3020,Michael Leonard,garyyang@example.org,French Guiana,2017-12-26,Premium,2917.67
3021,Alyssa Ortiz,garciacharles@example.com,Saint Vincent and the Grenadines,2018-02-02,Standard,40026.85
3022,Brenda Davis,pcoleman@example.org,Thailand,2023-01-11,Standard,46611.5
3023,Brenda Taylor,joshuajohnson@example.com,Djibouti,2017-06-19,Standard,29618.19
3024,Laurie Lopez,brandongray@example.net,Antarctica (the territory South of 60 deg S),2018-01-03,Basic,65994.69
3025,Matthew Austin,jeffersondaniel@example.org,Equatorial Guinea,2017-04-13,Standard,13034.43
3026,Christine Johnston,jeremythompson@example.org,Maldives,2021-09-08,Standard,21777.44
3027,William Hogan,johnharper@example.com,Syrian Arab Republic,2017-01-28,Standard,482.24
3028,Meghan Cook,kevinmason@example.com,Sierra Leone,2020-05-06,Standard,52610.22
3029,Lisa Patterson,thompsonbrandy@example.com,Japan,2022-09-18,Basic,63979.15
3030,Christopher Brown,john77@example.net,United Kingdom,2015-10-12,Standard,23804.66
3031,Dana Stanley,gregory73@example.com,Iraq,2020-02-08,Standard,25078.61
3032,Anna Barker,zholden@example.com,Suriname,2020-04-27,Premium,1201.93
3033,Ryan Adams,xhorne@example.org,Tunisia,2025-12-05,Standard,1806.81
3034,Amy Hendricks,revans@example.com,Slovenia,2022-08-14,Standard,6004.04
3035,Colleen Powell DDS,erik74@example.com,Jordan,2018-12-13,Basic,977.61
3036,Mary Morgan,omartinez@example.net,Micronesia,2020-06-23,Basic,43841.12
3037,Nicole Moore,nataliemann@example.com,Lithuania,2015-07-05,Basic,35574.48
3038,Brittany Garcia,pmiller@example.com,Tonga,2018-04-05,Basic,42653.19
3039,Taylor Tapia,mariolewis@example.net,France,2016-11-16,Basic,39513.87
3040,Gary Curry,elizabethjohnson@example.org,India,2016-02-14,Basic,58200.43
3041,Bridget Cunningham,christinagoodwin@example.net,Solomon Islands,2020-01-28,Standard,55279.94
3042,Jennifer Gomez,emilyporter@example.org,India,2021-02-13,Standard,26470.88
3043,Kaylee Gonzalez,pdavis@example.org,Luxembourg,2019-02-01,Standard,36615.38
3044,Kara Gray,xvazquez@example.org,Western Sahara,2018-05-18,Standard,62124.27
3045,Joshua Henderson,thaley@example.org,Moldova,2023-09-08,Basic,66880.09
3046,Jasmine Hill,davidkrause@example.com,Indonesia,2024-06-17,Standard,64918.3
3047,Leslie Evans,usanders@example.net,Fiji,2022-09-09,Standard,8678.89
3048,Nicole Frey,paulpark@example.com,Sao Tome and Principe,2016-08-28,Standard,48075.07
3049,Thomas Lee,stevenskaitlin@example.net,Tokelau,2022-05-24,Basic,64255.85
3050,Lydia Turner,randallarmstrong@example.net,Tanzania,2015-05-07,Basic,26950.28
3051,Wendy Rodriguez,ypark@example.net,French Guiana,2025-11-30,Standard,55640.68
3052,Ann Ortiz,jenkinspamela@example.org,Cuba,2016-01-01,Standard,15671.49
3053,Kyle Johnson,wrodriguez@example.net,Antarctica (the territory South of 60 deg S),2022-03-01,Standard,71622.38
3054,Ricardo Wright,jessica01@example.org,Czech Republic,2022-01-11,Premium,20725.81
3055,William Lewis,qwhitaker@example.org,Zimbabwe,2020-01-15,Standard,67466.8
3056,Kim Garcia,petersenamy@example.net,Estonia,2016-12-17,Basic,65737.94
3057,Antonio Jones,nsnyder@example.org,Barbados,2024-12-16,Standard,51010.21
3058,Susan Davis MD,beth91@example.org,Australia,2025-08-07,Standard,44288.8
3059,Mary Livingston,hernandezanna@example.com,Timor-Leste,2015-06-18,Basic,23371.92
3060,Bryan Moon,adkinscharles@example.net,Netherlands,2024-05-09,Standard,52712.21
3061,Edgar Martinez,jonathanwoodard@example.com,Gabon,2020-02-07,Standard,32651.11
3062,Stacy Davies,luisjones@example.org,Qatar,2018-11-22,Standard,59491.29
3063,William Davis,harrisamy@example.org,Belgium,2020-08-05,Standard,72717.87
3064,John Wyatt,gibbsdarren@example.org,Slovenia,2022-08-21,Basic,11248.05
3065,Lauren Parker,davieskevin@example.com,Paraguay,2021-12-30,Standard,72508.69
3066,Candice Cantu,robertsdavid@example.net,Kuwait,2020-06-17,Standard,12404.86
3067,Elizabeth Taylor,epeck@example.net,Croatia,2015-03-05,Standard,60033.93
3068,Karen Hicks,bjames@example.org,Netherlands,2024-04-04,Standard,16495.07
3069,Julian Maynard,hardinvictor@example.net,Bouvet Island (Bouvetoya),2018-06-06,Standard,4226.2
3070,Jamie Patton,gary21@example.com,Finland,2024-05-09,Premium,26581.1
3071,Angela Young,jeff06@example.net,Panama,2018-12-05,Premium,19044.65
3072,Matthew Price,wkelley@example.com,Chad,2020-08-18,Basic,58948.43
3073,Mrs. Mary Singh DVM,taylormichael@example.com,Saint Helena,2016-09-27,Standard,57724.18
3074,Taylor Owens,abigail56@example.com,Netherlands,2016-08-07,Basic,53561.48
3075,Kelly Herring,tinajohnson@example.org,Nauru,2021-07-25,Basic,14955.37
3076,Mercedes Peterson MD,xclark@example.net,French Polynesia,2015-05-12,Basic,21987.45
3077,Sarah Lopez,bryantpeter@example.org,Senegal,2024-02-07,Standard,26758.76
3078,Jennifer Johnson,esawyer@example.org,Panama,2019-06-23,Standard,29121.5
3079,Edward Duarte,daniel30@example.com,Malawi,2017-12-06,Basic,7585.87
3080,Tonya Callahan,billy87@example.org,Turkey,2016-12-10,Basic,44878.65
3081,Warren Hooper,mortiz@example.org,Peru,2018-08-13,Standard,50999.51
3082,William Malone,jtaylor@example.org,Latvia,2023-08-11,Basic,10653.43
3083,Corey Cortez,belllaura@example.org,Burundi,2021-03-20,Standard,10392.88
3084,Juan White,justinherrera@example.com,Greece,2018-05-02,Standard,23048.46
3085,Kelly Howard,anthony41@example.org,Saint Kitts and Nevis,2021-02-13,Standard,47216.83
3086,Debra Jacobs,perezpamela@example.org,Romania,2024-05-08,Standard,58734.83
3087,David Estrada,james72@example.org,Seychelles,2019-12-16,Standard,10611.09
3088,Leslie Mclean,moodysamuel@example.org,Northern Mariana Islands,2022-09-07,Standard,37910.18
3089,Mary Huber,georgesteven@example.org,Antarctica (the territory South of 60 deg S),2019-10-18,Basic,35261.32
3090,Joshua York,jacobsoncurtis@example.com,United States of America,2020-03-04,Standard,72118.16
3091,Terri Sanchez,austinmonica@example.org,Solomon Islands,2025-09-26,Premium,42028.46
3092,Paige Davis,keith86@example.com,France,2016-07-29,Basic,6860.07
3093,Lori Pierce,christopherhicks@example.net,Vanuatu,2017-09-20,Standard,22853.65
3094,Alison Walker,tyler80@example.net,Denmark,2021-12-18,Standard,28140.06
3095,Kevin Wilson,connorholloway@example.net,Saint Kitts and Nevis,2018-04-16,Standard,42526.7
3096,Jill Velazquez,lynnpowell@example.net,American Samoa,2016-05-30,Premium,63421.77
3097,Gary Morris,robyn59@example.net,Gambia,2024-01-21,Standard,694.98
3098,Alisha Malone,barbaradoyle@example.com,Netherlands,2024-05-30,Basic,38971.12
3099,Lacey Williams,michael28@example.net,Spain,2024-04-22,Premium,4338.28
3100,Alexis Jones,pricerobert@example.org,Djibouti,2021-08-31,Basic,8251.91
3101,Donald Wallace,millerlucas@example.com,Israel,2020-05-26,Premium,21970.63
3102,Daniel Beck,evansrachel@example.org,Burundi,2016-05-12,Standard,64857.48
3103,Mark Hunt,timothyross@example.net,Central African Republic,2023-04-17,Basic,50662.37
3104,Sarah Phillips,steve72@example.com,Spain,2020-10-15,Basic,52692.56
3105,Alexa Campbell,johntaylor@example.com,China,2020-07-21,Premium,55596.7
3106,Jose Wang,christopher24@example.org,Saint Helena,2022-03-05,Premium,67155.16
3107,David Marks,murphymatthew@example.com,Finland,2018-06-27,Basic,22741.69
3108,Lauren Johnson,maryhart@example.com,American Samoa,2024-01-13,Basic,70255.71
3109,Christopher Chavez,wendylewis@example.net,Cambodia,2016-04-14,Standard,51661.16
3110,Gail Greene,howard31@example.com,Northern Mariana Islands,2024-11-13,Premium,11688.4
3111,Rita Fox,brandonsmith@example.org,Netherlands,2017-04-16,Premium,7490.56
3112,Clinton Macias,ramoscory@example.com,Zambia,2020-09-02,Premium,2093.06
3113,Charles Anderson,christopher78@example.org,United Kingdom,2016-05-13,Standard,4410.07
3114,Michael Garza,nreyes@example.com,Togo,2017-01-23,Standard,36408.03
3115,Abigail Walker MD,karen31@example.org,Namibia,2021-02-17,Basic,63168.63
3116,Andrew Schmidt,adrian20@example.com,Bhutan,2019-12-04,Standard,46053.81
3117,Amber Ray,jasonmontgomery@example.com,Netherlands,2019-11-06,Basic,46382.6
3118,Mr. Aaron Lucas,jeannewong@example.com,Bolivia,2016-08-03,Premium,1868.93
3119,Clinton Peterson,holly18@example.net,Heard Island and McDonald Islands,2016-11-30,Basic,49395.54
3120,Kyle Smith,nriley@example.org,Denmark,2017-03-31,Standard,52547.24
3121,Riley Cooper,derrickyoung@example.com,Pakistan,2022-06-27,Standard,21930.21
3122,Julie Casey,mitchellnicholas@example.com,Saint Martin,2019-02-13,Premium,44260.09
3123,David Smith,mendezsierra@example.com,Congo,2022-10-28,Standard,29491.39
3124,Melissa Garcia,santiagoterri@example.com,Italy,2024-02-15,Basic,34931.29
3125,Gina Cooper,wwong@example.com,Bangladesh,2020-02-16,Standard,2340.81
3126,Richard Moore,underwooddeborah@example.com,Mexico,2021-07-05,Premium,29359.85
3127,Matthew Robles,moorejohn@example.net,Brazil,2025-01-06,Standard,48471.9
3128,Mark Frazier,ojohnson@example.com,Norfolk Island,2025-03-08,Standard,33474.83
3129,George Taylor,gabriellamartinez@example.com,Myanmar,2020-03-31,Basic,72219.04
3130,Sean Gray,deborah56@example.org,United States Minor Outlying Islands,2015-02-07,Basic,34511.68
3131,Mr. Ryan Obrien Jr.,johnsonjulie@example.com,Switzerland,2024-08-06,Basic,26991.64
3132,Terry Hudson,morganwarner@example.org,Cote d'Ivoire,2025-02-13,Basic,16005.82
3133,Jeffrey Greene,njames@example.org,Lesotho,2015-09-15,Basic,29449.17
3134,Kimberly Scott,mhopkins@example.net,Luxembourg,2022-05-10,Standard,11567.35
3135,Kelly Khan,paula82@example.org,Bhutan,2023-01-08,Basic,25612.01
3136,Donald Harrell,klara@example.net,Japan,2023-10-21,Basic,10717.94
3137,Clinton Wallace,monicawood@example.org,Libyan Arab Jamahiriya,2019-06-02,Basic,22894.01
3138,Douglas Hahn,suzannebrowning@example.com,Zambia,2020-06-04,Premium,62989.58
3139,Megan Edwards,aaustin@example.com,Marshall Islands,2022-05-23,Standard,35513.49
3140,Edward Simmons,joshuapham@example.com,Russian Federation,2020-09-07,Standard,53210.39
3141,Bryan Parker,lesliebenjamin@example.net,Bulgaria,2016-06-14,Basic,39526.18
3142,Jennifer Reyes,michele20@example.com,Seychelles,2021-07-06,Standard,44266.69
3143,Jermaine Butler,owhite@example.net,Ghana,2019-07-12,Standard,46406.26
3144,Lisa Silva,jonathanwiley@example.org,Barbados,2023-03-21,Premium,2456.76
3145,Brian Kim,rachel22@example.org,French Guiana,2016-03-11,Standard,7466.4
3146,Julia Riggs,mitchellmichael@example.com,Saint Kitts and Nevis,2018-08-18,Standard,51029.34
3147,Shannon Taylor,shieldskelly@example.net,Austria,2024-01-25,Basic,73604.3
3148,Dalton Santos,claytonchavez@example.net,Tajikistan,2016-03-07,Basic,59721.47
3149,Victoria Thomas,jamesbrewer@example.org,Puerto Rico,2025-01-03,Basic,13256.35
3150,Keith Warner,caleb67@example.com,Seychelles,2025-05-06,Standard,73005.65
3151,Alexandra Gonzalez,emilyallison@example.net,Japan,2016-04-13,Premium,45989.8
3152,Brian Hinton,anthonyavery@example.org,Uganda,2019-12-14,Premium,56307.64
3153,Megan Carter,david48@example.org,Costa Rica,2024-06-05,Basic,45588.36
3154,Christy Sweeney DDS,yjohnson@example.net,Chad,2016-03-16,Premium,13261.53
3155,Melissa Jacobs,ocummings@example.org,Qatar,2022-02-23,Standard,28477.76
3156,Adam Rogers,catherine46@example.net,Burkina Faso,2017-10-31,Standard,15180.15
3157,William Stark,ashley01@example.org,Cameroon,2017-07-12,Standard,50993.96
3158,Jacob Camacho,neilsummers@example.org,Belarus,2024-02-16,Standard,12366.2
3159,Gary Myers,hcooper@example.net,Portugal,2015-12-19,Standard,59302.82
3160,Maria Fernandez,robinsonalexandria@example.net,Morocco,2022-07-01,Standard,47276.4
3161,Monica Johnson,danielle04@example.org,Faroe Islands,2016-07-29,Premium,2734.63
3162,Gregory Cruz,charles35@example.org,Mali,2019-07-30,Basic,27127.18
3163,Ashley Robertson,thomasellis@example.com,Madagascar,2018-10-27,Standard,64870.71
3164,Andrew Fowler,weekszachary@example.com,Hong Kong,2025-03-20,Standard,54815.79
3165,Brian Randall,cdunn@example.org,Vanuatu,2017-02-17,Basic,39729.55
3166,Brittney Ford,sullivancatherine@example.net,Monaco,2020-04-24,Basic,42885.16
3167,Christina Miles,xdavis@example.net,Vanuatu,2025-02-02,Standard,26897.27
3168,William Holmes,krodriguez@example.net,Latvia,2015-10-03,Standard,10556.05
3169,Janice Kelly,elizabethmoore@example.org,Lebanon,2024-10-19,Standard,47003.93
3170,Michelle Hancock,tara83@example.com,Comoros,2023-10-10,Premium,6091.25
3171,Mason Jones,robert72@example.net,Heard Island and McDonald Islands,2020-08-04,Standard,7793.25
3172,Trevor Archer,justinhughes@example.net,Cambodia,2018-09-17,Standard,45211.35
3173,Taylor Graves,anita15@example.net,Suriname,2018-04-02,Premium,61644.25
3174,Jeffery Kelley,adamgolden@example.org,Albania,2022-11-20,Basic,19040.79
3175,Jose Harris,wwhite@example.com,Jersey,2016-10-08,Standard,65465.08
3176,Roberta Walker,chad50@example.org,Ghana,2021-06-14,Basic,5839.59
3177,Joseph Harding,prodriguez@example.org,Spain,2021-11-08,Standard,38952.54
3178,Sabrina Pugh,nicholsanne@example.com,Brunei Darussalam,2015-08-21,Standard,30091.67
3179,Sarah Fowler,angelaespinoza@example.org,Zambia,2021-07-15,Standard,66912.68
3180,Mr. Jesus Burgess,martinezkathleen@example.com,Burundi,2017-12-13,Standard,68825.0
3181,Michael Castillo,xgonzalez@example.net,Bahamas,2019-09-23,Standard,2662.54
3182,Terry Thomas,wilcoxjennifer@example.com,Cambodia,2023-07-30,Standard,25256.96
3183,Michael Burns,baileydonna@example.net,Panama,2024-02-28,Premium,15516.44
3184,John Todd,rmichael@example.net,Myanmar,2022-06-10,Basic,69332.03
3185,Ashley Diaz,zbailey@example.com,Sierra Leone,2020-07-14,Basic,4909.06
3186,Edward Lawson,pwarren@example.org,France,2025-02-21,Premium,71112.82
3187,Alexis Gilbert,edwin42@example.net,Hong Kong,2024-01-21,Standard,62666.51
3188,Holly Deleon,susanwhite@example.org,Mozambique,2025-08-26,Premium,73583.94
3189,David Riggs,ellismichael@example.com,Lesotho,2025-06-03,Standard,55511.88
3190,Jennifer Farmer,trevor91@example.org,United States of America,2025-08-13,Premium,41469.04
3191,Amanda Park,jonesjeanne@example.org,Italy,2016-03-02,Premium,54318.9
3192,Jonathan Taylor,ann34@example.com,United States of America,2022-04-17,Premium,38193.42
3193,Jesus Hawkins,jeffreyroberts@example.net,Rwanda,2023-10-07,Standard,35950.05
3194,John Davis,danielduncan@example.com,Montenegro,2015-03-29,Basic,72867.06
3195,David Sanchez,ymercer@example.com,Philippines,2023-10-08,Basic,2219.95
3196,Robin Johnson,christophercooley@example.com,Puerto Rico,2024-08-24,Basic,40180.39
3197,Matthew Henderson,kimberlythomas@example.com,Mauritania,2015-03-16,Standard,51348.73
3198,Scott Vargas,vanessajimenez@example.org,French Guiana,2023-08-03,Standard,4147.5
3199,Robert Norris,andrewmyers@example.org,Benin,2022-11-12,Standard,9611.5
3200,Paul Tyler,christopher08@example.com,Fiji,2019-11-29,Standard,10548.34
3201,Charles Rich,mbest@example.net,Azerbaijan,2025-02-17,Premium,46270.08
3202,Melissa Gonzalez,lukefisher@example.net,United States of America,2019-11-24,Standard,14725.01
3203,Kyle Farmer,lisadavis@example.org,Azerbaijan,2016-01-12,Basic,18053.22
3204,Leah Fox,cameronramos@example.org,Saint Lucia,2023-05-20,Standard,17227.66
3205,Todd Nash,thompsondawn@example.org,Grenada,2021-01-05,Basic,60628.19
3206,Diana Rogers,colleenwilliams@example.net,Denmark,2015-03-03,Standard,74322.67
3207,Dennis Walker,fbutler@example.org,Sierra Leone,2015-08-21,Basic,18931.7
3208,Christopher Hendricks,huntlisa@example.org,Burundi,2017-01-09,Premium,9722.01
3209,Jessica Jones,kimberly47@example.org,Tunisia,2021-10-03,Standard,23730.91
3210,Mitchell Jones,johnsonmichael@example.net,Yemen,2018-04-12,Standard,18507.26
3211,Richard Sanchez,mcrawford@example.net,Kiribati,2022-05-17,Premium,29986.94
3212,Donna Taylor,burgessdonald@example.com,New Caledonia,2017-10-21,Premium,5991.09
3213,Zachary Quinn,deborah16@example.com,Japan,2022-11-28,Basic,15638.11
3214,Sean Hicks,isanders@example.net,Marshall Islands,2025-04-06,Basic,26932.63
3215,Tina Ortiz,ryanfox@example.net,Papua New Guinea,2018-05-24,Basic,33404.75
3216,Brandon Pena,stevemorales@example.net,Cayman Islands,2018-04-13,Basic,58570.58
3217,Jeffrey Wallace,hudsongwendolyn@example.com,Norway,2025-01-05,Basic,18504.38
3218,Travis Mayo,gary89@example.net,Uganda,2020-08-24,Standard,52408.43
3219,Tracy Smith,beverly35@example.net,Mauritania,2019-08-10,Premium,26161.0
3220,Frank Dean,bmarshall@example.com,Netherlands,2018-02-19,Basic,46734.92
3221,Jamie Johnson,rhondawood@example.net,Martinique,2024-06-08,Premium,68425.68
3222,Allen Jones,david71@example.com,Greenland,2023-04-27,Basic,17482.56
3223,Mr. Kenneth Ashley,brittanyrush@example.com,Trinidad and Tobago,2023-02-17,Standard,9425.42
3224,Robert Ferguson,hmiller@example.com,Malta,2025-12-19,Basic,10861.6
3225,Anthony Pearson,smithcarrie@example.com,Faroe Islands,2023-07-28,Standard,33160.74
3226,Margaret Mills,fhoffman@example.com,Northern Mariana Islands,2020-08-05,Standard,8789.34
3227,Anthony Hall,schroederbrittany@example.org,British Virgin Islands,2021-08-06,Basic,20454.82
3228,Shawn Morgan,brownwilliam@example.net,Argentina,2015-12-13,Standard,62081.62
3229,Christopher Webster Jr.,edward22@example.org,Thailand,2019-04-22,Premium,64129.42
3230,Larry Nicholson,cruzolivia@example.org,Slovenia,2019-04-25,Standard,64742.27
3231,Margaret Smith,lisafloyd@example.com,Pakistan,2019-04-03,Standard,17027.52
3232,Brenda Miles,ecox@example.net,North Macedonia,2015-08-03,Standard,32473.6
3233,Alexander Lamb,shenson@example.org,Sri Lanka,2023-07-23,Standard,2590.13
3234,Destiny Myers,rachel74@example.org,Saint Helena,2021-10-29,Standard,2192.91
3235,Steven Mccormick,debbie45@example.org,Equatorial Guinea,2024-04-15,Basic,25382.32
3236,Austin James,ikemp@example.net,Swaziland,2021-08-17,Basic,60815.72
3237,Timothy Palmer,william48@example.net,Togo,2023-02-20,Standard,2294.05
3238,Todd Gomez,asoto@example.com,Cuba,2019-10-18,Basic,32697.18
3239,James Evans,john07@example.com,Haiti,2023-06-09,Basic,69660.34
3240,Abigail Romero,john69@example.net,Cuba,2019-05-09,Premium,8413.46
3241,Mariah Turner,sshea@example.com,Tonga,2018-03-23,Basic,69952.33
3242,Heather Hines,luis05@example.net,Antigua and Barbuda,2020-03-13,Basic,70363.71
3243,Kim Morales,jessicasmith@example.com,Congo,2023-08-16,Standard,54011.71
3244,Thomas Chang,ashleyterry@example.com,Denmark,2019-04-11,Standard,12400.53
3245,Katherine Thomas,joseph50@example.org,Monaco,2017-09-02,Standard,74447.83
3246,Amy Taylor,daniel02@example.net,Qatar,2023-12-20,Premium,1384.96
3247,Elizabeth Cooper,susandavis@example.org,Guam,2017-10-20,Standard,20760.86
3248,Austin Stout,kelsey33@example.com,Niger,2021-05-28,Basic,22362.91
3249,Olivia Lopez,rodriguezjohn@example.com,Morocco,2019-01-21,Standard,46262.16
3250,Xavier Jackson,jack74@example.org,Micronesia,2022-04-28,Standard,18975.87
3251,Michael Escobar,daniel08@example.com,Lithuania,2016-05-24,Basic,45697.94
3252,Corey Espinoza,michael51@example.com,Norfolk Island,2024-05-17,Standard,49643.04
3253,Vanessa Yates,richardsmario@example.org,Lesotho,2020-03-10,Standard,13614.13
3254,Tammy Cooper,larry37@example.net,Antigua and Barbuda,2015-06-01,Premium,913.08
3255,Jennifer Wells,perryjames@example.com,El Salvador,2024-06-20,Basic,36145.54
3256,Zachary Taylor,contrerasmaria@example.com,Jamaica,2021-07-01,Standard,30793.66
3257,Pamela Burgess,gscott@example.org,Sao Tome and Principe,2021-11-04,Basic,20914.31
3258,Jose Fox,amyers@example.net,Nigeria,2019-12-10,Standard,71508.67
3259,Jessica Young,yallen@example.org,Uzbekistan,2018-02-05,Standard,57506.77
3260,Gabriella Jones,teverett@example.com,Antigua and Barbuda,2017-07-20,Standard,37245.94
3261,Michelle Underwood,samanthamartinez@example.net,Romania,2021-12-06,Standard,11230.91
3262,Jessica Rhodes,mezastephanie@example.org,Fiji,2022-05-05,Standard,17642.27
3263,Samantha Schmidt,parkermax@example.org,Palestinian Territory,2024-08-25,Premium,51411.99
3264,Christian Thomas,richarddiaz@example.net,Cameroon,2021-03-16,Standard,23970.75
3265,Rachel Young,jonathanruiz@example.com,Kenya,2023-01-05,Basic,4795.76
3266,Cody Lynch,higginskelly@example.org,San Marino,2015-03-08,Basic,73152.35
3267,David Woodard,deborahwright@example.net,Holy See (Vatican City State),2018-12-18,Standard,64347.4
3268,Robert Tanner,elizabethrichards@example.com,British Indian Ocean Territory (Chagos Archipelago),2017-08-19,Standard,3593.8
3269,Ashley Smith,feliciawilson@example.net,Vietnam,2019-12-23,Standard,6041.57
3270,Cameron Berger,lisa73@example.org,Malawi,2017-04-15,Premium,6039.4
3271,Jeffery Jennings,manningjessica@example.com,Denmark,2024-03-23,Standard,28009.11
3272,Brittney Garcia,randyyoder@example.com,Kenya,2019-10-13,Standard,5586.64
3273,Joe Strickland,mejiamichael@example.net,Malaysia,2018-08-30,Basic,10945.19
3274,Katherine Ramos,michael99@example.net,Belgium,2025-12-08,Standard,27181.45
3275,Craig King,brent20@example.org,Singapore,2020-04-11,Standard,48985.37
3276,Natalie Meyer,cpeters@example.org,Samoa,2015-05-08,Basic,22231.21
3277,Margaret Gilmore,brookeshaw@example.com,Senegal,2025-06-07,Standard,3584.64
3278,David Maxwell,alan34@example.com,Poland,2016-03-11,Standard,44444.25
3279,Meghan Evans,herrerajennifer@example.org,Solomon Islands,2020-09-23,Standard,60650.56
3280,Jonathan Williams,mariaortega@example.com,China,2023-10-15,Basic,55717.75
3281,Seth Edwards,johnbrooks@example.org,Mayotte,2017-05-30,Standard,25967.94
3282,Chase Garcia,michaelyoung@example.org,Sierra Leone,2022-05-15,Standard,43805.8
3283,Christina Simon,umills@example.net,Isle of Man,2022-04-13,Basic,28736.45
3284,Ryan Young,wongjacqueline@example.org,Saint Pierre and Miquelon,2025-06-28,Premium,6029.03
3285,Adam Curry,deborah67@example.org,Aruba,2021-06-10,Basic,42513.83
3286,Hayden Miller,deleontammy@example.org,Korea,2021-01-16,Standard,55112.86
3287,David Castro,baueremily@example.net,Gibraltar,2020-12-01,Basic,63607.73
3288,Daniel Smith,christopher19@example.org,Nigeria,2022-05-24,Basic,45630.88
3289,Marvin Cox,robert72@example.net,Indonesia,2018-01-07,Standard,33216.05
3290,James Wilson,shawnjimenez@example.org,Kazakhstan,2025-03-20,Standard,43249.47
3291,Michael Wilson,bbrady@example.org,Myanmar,2023-08-11,Standard,18419.73
3292,Brian Harmon,cmclean@example.net,Cyprus,2018-07-13,Basic,17509.08
3293,Jacqueline Snyder,igarcia@example.net,Lesotho,2017-09-14,Basic,8877.41
3294,Samantha Williams,jeffrios@example.net,Senegal,2019-08-07,Standard,71831.24
3295,Mary Ali,kenneth66@example.org,Lithuania,2020-09-02,Standard,26560.85
3296,Nicholas Smith,jonesstephen@example.org,Poland,2020-06-06,Premium,27331.7
3297,Mark Garcia,kennethperez@example.net,Indonesia,2019-09-12,Standard,33810.36
3298,Nancy Clark DVM,timothy46@example.com,Honduras,2016-05-28,Standard,62129.63
3299,Krystal Watkins,nmcintosh@example.com,Micronesia,2025-03-13,Basic,18559.56
3300,Tonya Smith,amber79@example.net,Denmark,2016-07-19,Standard,43960.46
3301,Darrell Cameron,barbara22@example.net,Yemen,2018-10-31,Standard,59740.23
3302,Mary Jackson,reyescarmen@example.com,Bahrain,2019-09-21,Standard,6342.57
3303,Dennis Bennett,bethmiller@example.com,Chile,2020-07-17,Standard,11342.79
3304,Christopher Castillo,andrewherrera@example.com,Qatar,2025-02-02,Standard,58005.21
3305,Virginia Morales,charlestimothy@example.net,Kiribati,2016-11-14,Standard,34191.67
3306,Monica Copeland,marissa74@example.net,Nicaragua,2021-03-21,Premium,19937.37
3307,Kyle Stewart,danielmartinez@example.com,Mayotte,2016-02-18,Basic,35372.06
3308,Rachel Travis,zachary18@example.net,Martinique,2019-11-03,Premium,2797.16
3309,Wendy Vance,reynoldstravis@example.net,Spain,2015-10-27,Premium,12728.44
3310,Tina Mann,ghensley@example.com,Cook Islands,2025-04-20,Premium,65049.28
3311,Carol Murray,marissa72@example.net,Tonga,2016-06-06,Standard,31821.31
3312,Ashley Carlson,jrobinson@example.net,Barbados,2022-12-26,Standard,41881.32
3313,Ryan Lewis,myerstiffany@example.org,Qatar,2024-04-01,Standard,25426.42
3314,Phillip Day,porterronald@example.com,Guernsey,2021-11-30,Basic,44462.98
3315,Michael Jackson,swalker@example.org,Italy,2015-10-30,Premium,54232.92
3316,Rebekah Allen,haustin@example.com,Ethiopia,2020-01-13,Basic,26783.08
3317,Nicole Williams,sanchezemily@example.net,Guinea-Bissau,2023-04-22,Basic,47404.69
3318,Jacqueline Frank,matthewfisher@example.org,Pitcairn Islands,2020-05-08,Basic,21874.51
3319,Laurie Blake,hernandezmelissa@example.net,Cuba,2023-02-12,Basic,55074.87
3320,Brittany Bartlett,daniel41@example.net,Reunion,2025-07-03,Basic,68746.55
3321,Erica Gilmore,sotomegan@example.com,Syrian Arab Republic,2015-02-01,Standard,11631.17
3322,Jason White DVM,jasminesullivan@example.org,British Virgin Islands,2022-04-13,Standard,27898.07
3323,Jennifer Duncan,michael13@example.net,Sierra Leone,2016-12-24,Standard,24202.66
3324,Emily Davis,drobinson@example.net,Ecuador,2025-08-05,Standard,44209.05
3325,Raymond Ruiz,vboyd@example.com,Singapore,2020-07-13,Basic,17611.7
3326,Amber Matthews,michael98@example.com,Burkina Faso,2025-01-23,Standard,42418.82
3327,Suzanne Johnson,jacquelinemurray@example.net,Singapore,2025-05-29,Standard,38240.03
3328,Erin Bautista,barneswilliam@example.org,Turkey,2018-07-28,Standard,24379.31
3329,Victor Ruiz,echavez@example.net,Burkina Faso,2015-06-21,Basic,71525.15
3330,Matthew Mann,mccarthyhenry@example.org,Pakistan,2023-03-14,Basic,55163.27
3331,Christopher Rosales,clifford98@example.net,Denmark,2021-06-13,Standard,39055.34
3332,Amy Nunez,jackyoung@example.com,Gambia,2018-11-23,Basic,23748.96
3333,Anna Stephens,kelly24@example.net,Tunisia,2018-01-26,Standard,9111.69
3334,Brittney Galloway,moorejoshua@example.com,Albania,2016-11-24,Standard,16966.59
3335,Elizabeth Jenkins,wilsonjill@example.com,Palestinian Territory,2021-10-18,Standard,68847.56
3336,George Fritz,salazarbarbara@example.org,Georgia,2022-06-22,Basic,69357.56
3337,Corey Ryan DDS,taylorflores@example.net,Burkina Faso,2021-03-11,Standard,7424.21
3338,Frederick Davis,romeromakayla@example.com,Tokelau,2015-04-23,Basic,56676.14
3339,Steven Chan,daylucas@example.com,Nicaragua,2024-12-27,Standard,3220.94
3340,Paul Wheeler,austinfrye@example.org,Lesotho,2015-01-28,Standard,59974.65
3341,James Aguilar,xgreene@example.org,Montenegro,2019-02-22,Standard,61724.27
3342,David Reyes,christopher18@example.org,New Caledonia,2021-05-28,Standard,70650.0
3343,Sara Mcguire,david24@example.org,Honduras,2016-05-31,Standard,33500.64
3344,Christopher Garner,robert34@example.net,Maldives,2016-03-24,Basic,22296.88
3345,Crystal Young,thomasgarcia@example.net,Malta,2016-05-06,Basic,68958.98
3346,Steven King,romerokimberly@example.com,Sudan,2017-12-13,Standard,32561.88
3347,Duane Luna,patrickoliver@example.org,Micronesia,2018-02-14,Premium,10477.15
3348,Alex Adams,lori09@example.com,Central African Republic,2018-12-19,Basic,8955.58
3349,Sarah Schultz,chelsea70@example.org,Montenegro,2017-06-30,Basic,55884.75
3350,Tanner Russo,ncampbell@example.com,Netherlands Antilles,2020-09-07,Basic,24701.9
3351,Scott Sullivan,greendavid@example.net,Mali,2023-04-01,Standard,34146.44
3352,Andrew Vargas,joshua88@example.com,Croatia,2022-12-05,Standard,58334.16
3353,Victoria Stevenson,hestrada@example.com,Jersey,2015-06-07,Standard,66947.37
3354,Joshua Riley,ssmith@example.org,Kuwait,2023-11-28,Standard,69944.51
3355,Sarah Johnson,fsilva@example.com,Nigeria,2021-04-05,Standard,14482.3
3356,Bradley Johnson,laurengreen@example.net,Venezuela,2015-05-26,Standard,65848.62
3357,Ashley Myers,robert50@example.net,Guadeloupe,2017-10-04,Basic,47139.56
3358,Nicholas Henderson,parkspatrick@example.net,French Guiana,2025-07-30,Premium,28371.63
3359,Stephen Vega,justinclark@example.com,New Zealand,2020-04-09,Standard,14876.95
3360,Victoria Johnston,andrew45@example.org,Oman,2023-03-24,Standard,61086.7
3361,Jason Vincent,toddcollins@example.org,Sweden,2022-02-13,Standard,10101.45
3362,Stephanie Santana,sjones@example.net,Namibia,2024-08-11,Basic,71324.75
3363,Gary Griffin,susan25@example.org,Tokelau,2019-11-14,Basic,16260.63
3364,Cynthia Morris,lpatterson@example.com,Tunisia,2017-05-04,Premium,41940.85
3365,Kayla Clarke,phodges@example.net,Oman,2022-09-18,Basic,3151.25
3366,David Goodman,lambertjames@example.net,Guernsey,2021-07-19,Standard,28676.69
3367,Nathan Miller,horndonald@example.net,Morocco,2020-12-12,Standard,26315.61
3368,Gavin Rasmussen,aaroncarter@example.net,Tokelau,2018-05-14,Standard,13709.81
3369,Terry Mckee,hstevens@example.com,Senegal,2022-06-29,Basic,65659.17
3370,Steven Hughes,mthomas@example.net,Jamaica,2019-05-26,Standard,59806.78
3371,Eric Campbell,richard96@example.net,Saint Vincent and the Grenadines,2018-04-25,Standard,40870.15
3372,Crystal Medina,jameswood@example.net,Italy,2024-11-17,Premium,8649.46
3373,Miguel Newton,westjeffrey@example.org,Turks and Caicos Islands,2019-09-15,Basic,57354.26
3374,Douglas Howard,lmercado@example.net,Isle of Man,2022-06-06,Basic,24573.43
3375,Jasmine Hahn,smedina@example.org,Malawi,2025-09-22,Standard,13420.53
3376,Susan Melendez,qcervantes@example.com,Sierra Leone,2022-10-25,Standard,8736.84
3377,Lisa Sutton,shelleycombs@example.net,Grenada,2024-11-22,Standard,9822.33
3378,Hector Lee,bcobb@example.org,Lebanon,2020-06-26,Standard,60402.92
3379,Jason Alvarez,bakeredward@example.com,Italy,2015-04-29,Standard,51619.84
3380,Bobby Carlson,james11@example.com,Saudi Arabia,2024-12-23,Standard,38184.68
3381,Daniel Waters,howellbrian@example.org,Norway,2021-04-22,Basic,30823.19
3382,Laura Ramirez,hogannathan@example.com,Saint Kitts and Nevis,2018-07-24,Basic,19804.99
3383,Dana Roberts,matthew85@example.net,Palestinian Territory,2019-10-08,Standard,60725.03
3384,David Mckay,michelleanderson@example.com,Jersey,2018-01-04,Standard,68449.56
3385,Miss Suzanne Lambert,hensleybenjamin@example.com,Antarctica (the territory South of 60 deg S),2022-02-19,Standard,16616.38
3386,Laura Miller,fitzgeraldlisa@example.net,Sao Tome and Principe,2019-08-06,Basic,23311.17
3387,Samantha Miller,fbass@example.org,Mexico,2021-01-04,Standard,65702.74
3388,Stephen Shaw,rcobb@example.com,Japan,2025-08-18,Standard,46990.17
3389,Nicholas Ruiz,gmclean@example.net,Serbia,2016-06-13,Basic,45903.67
3390,Kayla Caldwell,jennifer96@example.com,Paraguay,2023-02-06,Standard,1739.01
3391,Rachael Reyes,jeansmith@example.com,Rwanda,2023-10-02,Premium,28594.31
3392,Jared Spence,alvin91@example.com,Saint Barthelemy,2023-08-07,Basic,68439.09
3393,David Hall,audreylopez@example.com,United States of America,2015-07-21,Basic,4993.99
3394,Alan Ramirez,nbecker@example.net,Jamaica,2017-03-23,Standard,27316.81
3395,Christopher King,carlos18@example.com,Honduras,2019-06-09,Basic,62901.64
3396,John Hayes,jasongarza@example.org,El Salvador,2023-12-27,Basic,17392.75
3397,Patrick Morgan,spencer42@example.org,Comoros,2019-08-21,Standard,28197.53
3398,Dennis Garcia,sabrinaperez@example.net,Liberia,2025-07-17,Standard,55066.74
3399,Sara Gay,fgutierrez@example.com,Gabon,2023-06-20,Premium,63449.78
3400,Brandon Harris,charles30@example.org,Guinea,2019-06-18,Basic,7913.42
3401,Christina Lester,ibarton@example.org,Guernsey,2018-03-05,Basic,3410.82
3402,Marco Rose,dana17@example.net,Netherlands,2023-08-30,Standard,17442.89
3403,Shawn Roman,lambalexandra@example.net,Turks and Caicos Islands,2023-05-30,Standard,2774.91
3404,Valerie Rangel,zrivera@example.net,Taiwan,2022-05-08,Premium,58858.01
3405,Sharon Bennett,katherine23@example.net,Costa Rica,2024-10-30,Standard,61417.62
3406,Anne Robinson,kelleyjennifer@example.org,Saint Martin,2015-10-30,Standard,6597.52
3407,Craig Patel,michelle34@example.org,Romania,2023-03-20,Standard,52835.82
3408,Rose Collins,curtisfranklin@example.com,Morocco,2024-04-23,Standard,1351.95
3409,Ryan Spence,pittmanjill@example.org,China,2016-01-27,Standard,68943.35
3410,Ernest Kennedy,kennethbranch@example.com,Saint Kitts and Nevis,2017-03-06,Basic,59498.35
3411,Craig Miller,michael01@example.com,Czech Republic,2023-10-20,Basic,64482.9
3412,Anthony Parker,coleamanda@example.net,Rwanda,2015-04-06,Standard,38548.58
3413,Anthony Cooke,jward@example.com,Panama,2016-02-13,Standard,34553.2
3414,Emma Russell,zyoung@example.com,Greece,2020-04-14,Standard,49289.79
3415,Elizabeth Logan PhD,carlagarcia@example.com,Wallis and Futuna,2017-06-29,Standard,32357.71
3416,Summer Adams,brianparker@example.org,Vietnam,2020-06-02,Basic,42184.47
3417,Morgan Garcia,sbonilla@example.net,Hong Kong,2020-09-06,Standard,52790.24
3418,Mrs. Lisa Smith,ernestwright@example.net,British Virgin Islands,2020-07-28,Standard,1536.64
3419,Charles Holloway,edwinmiller@example.com,Guinea-Bissau,2023-07-22,Basic,71371.44
3420,Jennifer Santos,khouston@example.com,Zimbabwe,2017-07-06,Standard,8345.75
3421,Joseph Welch,tberry@example.org,Samoa,2023-08-25,Standard,2110.67
3422,Gregory Hall,travis28@example.net,Korea,2021-04-25,Standard,27894.17
3423,Dakota Thomas,choidonna@example.com,Monaco,2016-08-11,Premium,23468.08
3424,Johnny Anderson,angelacrosby@example.org,New Zealand,2016-01-26,Basic,73192.35
3425,Edward Lopez,riverawendy@example.net,Angola,2025-07-25,Standard,15774.22
3426,Brittany Welch,ysmith@example.org,France,2016-08-01,Standard,18935.19
3427,Carrie Mcconnell,josebarnes@example.com,Tanzania,2020-11-13,Standard,62895.76
3428,John Hayes,mschwartz@example.com,Armenia,2017-08-10,Basic,42606.28
3429,Allison Harrell,ryan43@example.org,Bhutan,2019-08-14,Premium,37132.98
3430,Erin Randall,otrujillo@example.net,Monaco,2016-09-08,Standard,25505.67
3431,Jordan Dixon DDS,sbailey@example.net,Nigeria,2021-09-18,Premium,51752.57
3432,Angela Price,butlerdavid@example.org,Tajikistan,2022-09-28,Standard,666.49
3433,Stacey Gay,angelasmith@example.com,Liberia,2020-06-24,Standard,42290.11
3434,Destiny Mullins,molinachristina@example.org,Malawi,2022-04-24,Standard,23647.96
3435,Gary Wolf,melody89@example.com,Saint Lucia,2020-06-01,Standard,34737.56
3436,Christopher Higgins,kyle91@example.com,Kuwait,2023-03-22,Standard,64434.31
3437,Monique Krueger,kyleanderson@example.org,Namibia,2022-11-04,Premium,8102.03
3438,Brandon Moss,dlewis@example.net,Greenland,2015-02-25,Premium,9764.37
3439,Beth Cross,jsmith@example.com,Tonga,2016-11-11,Standard,56174.12
3440,Kelly Briggs,vdavenport@example.com,Portugal,2016-04-10,Standard,65263.75
3441,Leslie Jackson,moniquemoore@example.org,Saint Barthelemy,2016-11-30,Premium,31957.62
3442,April Gallagher,ericbrooks@example.org,Jordan,2016-07-26,Standard,39463.03
3443,Kayla Simmons,erin67@example.com,Northern Mariana Islands,2019-06-24,Basic,41144.61
3444,Albert Avery III,timothyadams@example.com,Morocco,2018-04-20,Premium,9039.35
3445,Kenneth Cook,halldaisy@example.org,Wallis and Futuna,2018-01-15,Basic,66046.91
3446,Steven Sutton,carol28@example.net,Nigeria,2019-03-03,Standard,46228.76
3447,Joshua Ellis III,thorntonkelly@example.net,Hungary,2018-04-03,Standard,12654.44
3448,Vickie Moore,hmorris@example.net,Pakistan,2021-11-19,Standard,15533.52
3449,Luis Snyder,matthew49@example.com,Guinea-Bissau,2021-10-12,Basic,28001.18
3450,Andrea Howard,hcollins@example.net,Iraq,2025-07-01,Standard,34850.29
3451,Kyle Young,mcintyrebrendan@example.org,Guernsey,2024-07-23,Standard,56070.63
3452,Sabrina Brown,fosterjames@example.org,Belize,2023-01-07,Basic,12526.81
3453,Erin Alvarez,geraldcampbell@example.org,Malta,2019-09-02,Basic,984.13
3454,Joshua Mcgee,kelsey92@example.com,Hong Kong,2025-12-15,Standard,35419.38
3455,Anthony Fuller,ryan01@example.net,Tunisia,2017-03-27,Premium,52684.48
3456,Amanda Smith,jamesevans@example.org,Barbados,2018-09-17,Standard,40445.43
3457,Felicia Robinson,nicholasibarra@example.com,Iran,2021-08-31,Premium,46966.71
3458,Mrs. Tanya Nguyen,robert05@example.org,Myanmar,2021-04-09,Standard,26446.35
3459,James Gilbert,rwashington@example.net,Sweden,2015-02-27,Basic,26035.57
3460,Mackenzie Taylor MD,kara64@example.net,Montserrat,2024-03-15,Basic,20774.9
3461,Kyle Hernandez,riley28@example.com,Saint Pierre and Miquelon,2023-03-07,Basic,32105.88
3462,William Suarez,tara38@example.org,Tokelau,2019-07-10,Standard,46931.44
3463,Jonathan Peterson,ana12@example.com,Cocos (Keeling) Islands,2022-03-12,Basic,42193.14
3464,Daniel Lawson,gwoods@example.com,France,2016-09-16,Standard,6041.34
3465,April Hoffman,guerramaria@example.org,Papua New Guinea,2016-12-31,Premium,16429.0
3466,Kristine Hudson,lawsoncalvin@example.com,Holy See (Vatican City State),2023-12-09,Standard,7898.58
3467,Christian Byrd,kerry49@example.org,Guadeloupe,2019-04-18,Standard,48451.05
3468,Brett Hardin,abigailchambers@example.org,Maldives,2021-08-22,Standard,57955.41
3469,Gabrielle Hudson,scott65@example.com,Slovakia (Slovak Republic),2023-04-08,Standard,72507.75
3470,Steven Olson,mark94@example.net,South Africa,2020-04-23,Basic,50220.14
3471,Margaret Torres,qherrera@example.com,Bosnia and Herzegovina,2017-08-07,Standard,449.64
3472,Jason Elliott,jessicagreer@example.com,Seychelles,2024-01-04,Basic,7077.54
3473,Stephanie Tucker,kennethrodriguez@example.org,Guyana,2020-05-01,Standard,10964.17
3474,Julie Mcknight,rodriguezstephanie@example.net,El Salvador,2025-01-17,Basic,24419.51
3475,Scott Miranda,john14@example.net,Mauritania,2024-01-20,Basic,10488.88
3476,Mr. Tommy Mcdonald,richard13@example.com,Faroe Islands,2018-09-01,Standard,49946.96
3477,Monique Freeman,longmark@example.net,Holy See (Vatican City State),2017-09-13,Standard,57060.56
3478,Manuel Edwards,michelleherrera@example.com,Guernsey,2019-04-29,Standard,28453.89
3479,Sandra Craig,todd94@example.com,Guyana,2024-05-28,Basic,26785.62
3480,Anne Ortiz,moorerachael@example.net,Sierra Leone,2024-11-26,Standard,39918.74
3481,Lori Wilson,robertallen@example.net,Saint Pierre and Miquelon,2016-11-11,Standard,16238.98
3482,Tonya Turner,turnersteven@example.com,Iran,2022-12-23,Basic,62561.97
3483,Yolanda Wallace,scotttiffany@example.net,Nauru,2019-12-14,Premium,32933.93
3484,Robert Hoover II,david55@example.net,Guam,2022-09-08,Standard,59225.14
3485,Kelly Robinson DVM,jennifer60@example.org,Kyrgyz Republic,2022-04-24,Premium,67507.22
3486,Lee Price,millermichael@example.net,Antarctica (the territory South of 60 deg S),2019-02-06,Standard,2140.84
3487,Amanda Garcia,bentleysteve@example.net,Faroe Islands,2018-11-18,Basic,57863.17
3488,Katherine Reynolds,sherryedwards@example.net,Bolivia,2021-04-11,Basic,16230.05
3489,Michael Rodriguez,beth38@example.net,Jamaica,2017-02-21,Basic,69065.31
3490,Michael Gomez,krystaltucker@example.org,Heard Island and McDonald Islands,2023-05-21,Standard,13630.67
3491,Rebecca Warner,dwilliams@example.com,Brunei Darussalam,2019-01-18,Basic,14888.75
3492,Joshua Nelson,rasmussenjerry@example.com,Svalbard & Jan Mayen Islands,2018-06-25,Standard,669.69
3493,Cory Smith,jake97@example.com,Chad,2025-04-09,Standard,68350.3
3494,Eric Mendez MD,leejoseph@example.net,Montenegro,2021-10-21,Standard,69136.91
3495,Randy Wilkerson,abigail03@example.net,Seychelles,2022-03-13,Standard,48629.55
3496,Stephanie Smith,sloanemily@example.org,Spain,2022-10-19,Standard,3532.82
3497,Mark Bridges,peterjohnson@example.org,Thailand,2015-08-23,Basic,20744.49
3498,Travis Caldwell,pennyruiz@example.net,Yemen,2024-09-05,Basic,61793.6
3499,Richard Jones,lpatterson@example.org,Benin,2021-10-24,Basic,35442.99
3500,Megan Krueger,charlessims@example.org,Gibraltar,2020-04-23,Standard,36899.96
3501,Renee Miller,richardskristine@example.net,Montenegro,2021-02-12,Basic,48654.25
3502,Bridget Cook,phillip57@example.com,Norfolk Island,2015-04-29,Basic,3104.97
3503,Jamie Watson,henryparks@example.com,Fiji,2022-11-30,Standard,53569.96
3504,Billy Meyer,christopher67@example.org,Malawi,2016-06-23,Basic,65350.76
3505,Melissa Thomas,angelawong@example.net,Bolivia,2016-05-04,Premium,62596.32
3506,Cindy Monroe,xpalmer@example.org,Mauritania,2015-09-13,Premium,47901.49
3507,Diana Crawford,greenemily@example.org,Antarctica (the territory South of 60 deg S),2018-02-10,Standard,64377.3
3508,Debbie Boyd,johnadams@example.org,United Arab Emirates,2021-11-19,Basic,14765.13
3509,Cody Jackson,rhondasmith@example.org,Malawi,2022-07-15,Basic,25116.71
3510,Dr. Thomas Harrison,kwilliams@example.org,Italy,2022-12-15,Basic,23906.9
3511,Karen Rodriguez,kimberlybennett@example.net,Netherlands,2023-02-05,Standard,73973.7
3512,John Pena,fieldsjacob@example.org,Luxembourg,2025-07-19,Basic,38846.45
3513,Douglas Mills,qhoffman@example.com,Bosnia and Herzegovina,2022-06-27,Standard,31374.31
3514,Robin Walker,olivialambert@example.com,Tanzania,2024-04-02,Standard,5105.38
3515,Gary Morales,gmcdonald@example.net,New Zealand,2017-12-28,Basic,11276.67
3516,Andrew Robbins,chelseasmith@example.com,South Africa,2018-02-02,Premium,33394.07
3517,Amanda Cunningham,obrewer@example.com,Bulgaria,2019-08-04,Standard,51731.57
3518,Matthew Wilson,hfleming@example.net,Bangladesh,2024-05-24,Standard,56075.43
3519,Jacqueline Berry,randygardner@example.net,India,2021-04-15,Basic,23509.55
3520,Adam Ramirez,yusandra@example.org,Netherlands Antilles,2021-05-16,Standard,25773.57
3521,Steven Chandler,stephanie60@example.org,China,2025-06-07,Basic,6685.62
3522,Kenneth Hickman,piercewilliam@example.com,Somalia,2016-01-06,Standard,8940.56
3523,Adam Hancock,jameschaney@example.net,Djibouti,2018-07-24,Standard,6709.72
3524,Samantha Lee,smithmichael@example.org,Turks and Caicos Islands,2023-08-07,Standard,72440.98
3525,Sarah Castillo,samantha69@example.org,Sierra Leone,2022-02-26,Standard,1030.29
3526,Haley Johnson,jessicatorres@example.org,Canada,2023-02-14,Standard,6325.3
3527,Dana Miller,michael97@example.net,Mozambique,2022-08-20,Basic,23256.73
3528,Daniel Morton,fgarcia@example.org,Togo,2017-02-21,Standard,67635.57
3529,Mr. Andrew Jenkins,ksolomon@example.com,Barbados,2018-06-25,Basic,55423.76
3530,Thomas Hale,riverasylvia@example.com,Mauritius,2016-12-30,Premium,53017.07
3531,Paige Welch,jason76@example.net,Eritrea,2019-08-23,Standard,42486.74
3532,Justin Gallagher,qellis@example.com,Togo,2024-11-28,Standard,14321.34
3533,James Walker,shelly97@example.net,North Macedonia,2017-11-28,Standard,73451.05
3534,Crystal Miller,cwolf@example.org,Czech Republic,2020-06-29,Standard,20024.75
3535,Kevin Fisher,wcook@example.com,Ukraine,2023-08-30,Standard,27430.09
3536,Wendy Peterson,turnerjuan@example.net,Togo,2022-01-28,Standard,33863.07
3537,Eric Marks,nswanson@example.org,Mauritius,2025-08-25,Standard,12992.98
3538,Gregory Smith,megan27@example.org,Korea,2021-01-12,Basic,29079.63
3539,Sarah Macdonald,lisa47@example.com,Switzerland,2019-11-13,Standard,74533.23
3540,Brian Webb,cmyers@example.com,French Guiana,2023-12-06,Standard,60865.4
3541,Heather Peterson,williamtyler@example.org,Chad,2025-11-10,Standard,25828.04
3542,Kenneth Phillips,joseph03@example.net,Algeria,2023-11-28,Standard,62281.86
3543,Deanna Jennings,judith06@example.com,Saint Kitts and Nevis,2017-05-13,Standard,38617.12
3544,Linda Weeks,hjones@example.org,Venezuela,2015-05-09,Standard,35209.69
3545,Joshua Johnson,dware@example.com,Nepal,2022-01-29,Basic,38897.98
3546,Andrew Pena,othomas@example.com,Lao People's Democratic Republic,2021-07-31,Standard,10701.19
3547,Sherry Morton,yjones@example.org,Azerbaijan,2022-05-20,Standard,42391.76
3548,Olivia Mcneil,andersoncarla@example.org,Colombia,2022-11-12,Standard,2780.27
3549,Amanda Fernandez,karlmartin@example.org,Poland,2025-02-07,Premium,27076.59
3550,Dana French,christinahickman@example.com,Fiji,2018-10-02,Premium,31750.23
3551,Richard Olsen,davenportstephanie@example.com,Mongolia,2017-02-05,Standard,67747.75
3552,Mrs. Cristina Stark,psalazar@example.org,Comoros,2020-03-27,Basic,23144.1
3553,Joshua Myers,caroldavis@example.net,Guam,2019-12-04,Standard,56465.38
3554,Mike Williams,qhensley@example.com,Marshall Islands,2021-06-17,Basic,34369.31
3555,Kristi Mitchell,vchan@example.org,Botswana,2020-04-23,Standard,54888.88
3556,Kenneth Molina,scottmichael@example.com,United Kingdom,2019-03-09,Basic,19129.96
3557,Robert Nguyen,tortiz@example.org,Haiti,2019-07-02,Standard,36321.18
3558,Allen Hawkins,opierce@example.com,Mayotte,2024-11-02,Standard,72814.73
3559,Michael Williams,garywright@example.org,United States Virgin Islands,2025-05-24,Standard,70122.89
3560,Dr. Brandon Novak,ann63@example.net,Singapore,2023-09-06,Standard,31718.7
3561,Bonnie Shepherd,hmoore@example.com,Cook Islands,2021-08-26,Standard,43417.23
3562,Melissa King,lindabradley@example.com,China,2025-05-05,Premium,38537.28
3563,Ashley Sexton,hcollins@example.com,Algeria,2022-10-28,Standard,44864.62
3564,Philip Weaver,ruizandrew@example.org,Reunion,2025-11-27,Basic,15085.05
3565,Joseph Collins,hernandezandrew@example.net,Cayman Islands,2022-06-10,Standard,10681.3
3566,Mary Smith,xward@example.com,Bangladesh,2025-11-18,Standard,72003.52
3567,Joseph Harvey,brownpamela@example.com,Israel,2016-08-02,Premium,59516.54
3568,John Santos,chanmichael@example.com,Pitcairn Islands,2016-11-08,Basic,34538.84
3569,Jillian Hill,halljennifer@example.org,Liberia,2017-03-31,Standard,49480.99
3570,Pamela Carter,jamesberry@example.com,Madagascar,2015-11-26,Basic,22770.85
3571,Brenda Young,raymondmann@example.org,Japan,2019-11-24,Standard,64367.72
3572,Brandon Green,jlevine@example.org,Burkina Faso,2022-09-05,Premium,18543.76
3573,Bernard Figueroa,vincent19@example.net,Kuwait,2015-01-21,Standard,58226.74
3574,Jacob Bowen,ecrawford@example.net,Bulgaria,2020-04-12,Standard,26017.21
3575,Carl Jones,brandonallison@example.org,Mexico,2017-05-20,Standard,29705.04
3576,Heather Allen,taracole@example.org,Switzerland,2024-04-28,Basic,50215.65
3577,Matthew Gonzalez,grichards@example.org,Nauru,2025-04-13,Standard,18394.97
3578,Hailey Oconnell,robin11@example.com,Tajikistan,2023-07-23,Premium,9855.55
3579,Larry Wallace,carolyn07@example.com,Switzerland,2018-09-01,Basic,30141.3
3580,Elizabeth Villarreal,robin48@example.com,Sweden,2023-03-11,Basic,61529.38
3581,Jason Cruz,carolyn88@example.org,Puerto Rico,2020-12-27,Basic,44871.18
3582,Eric Andrews,pluna@example.net,Jordan,2023-04-21,Premium,36751.12
3583,Julia Jackson,kenneth43@example.net,Turks and Caicos Islands,2024-12-06,Basic,2260.5
3584,Eric Mosley,ymartin@example.com,Lebanon,2019-02-20,Standard,57646.33
3585,Stuart Goodwin,jeffrey80@example.org,Nicaragua,2015-01-07,Standard,37733.83
3586,Amber Shaffer,sarah04@example.org,French Polynesia,2025-04-04,Standard,56438.41
3587,Sean Woodward,leashley@example.org,Netherlands Antilles,2020-08-09,Premium,17447.99
3588,Michael Webb,sperry@example.org,Iraq,2019-11-19,Standard,16039.62
3589,Richard Benson,davidgreen@example.org,Uzbekistan,2017-01-06,Premium,28958.97
3590,Jason Greene,larsonchristopher@example.com,Uzbekistan,2019-05-04,Standard,21551.07
3591,Vanessa Gaines,eddie31@example.net,Brazil,2017-12-05,Standard,36178.74
3592,Cathy White,rhonda47@example.com,Italy,2016-10-31,Basic,31774.83
3593,Rachel Koch,boyddavid@example.net,South Georgia and the South Sandwich Islands,2016-03-11,Standard,38921.81
3594,William Bishop,shane42@example.org,Morocco,2022-09-11,Standard,6427.38
3595,Dana Bauer,christina67@example.com,South Georgia and the South Sandwich Islands,2019-07-15,Basic,49276.18
3596,Victoria Wright,clarkegabriel@example.org,Saint Vincent and the Grenadines,2018-07-30,Basic,1163.78
3597,Nicholas Young,alex32@example.net,Mongolia,2022-09-12,Premium,38146.04
3598,Andrew Mata,reynoldsmegan@example.com,Bangladesh,2025-10-06,Standard,36588.92
3599,Maria Turner,pgordon@example.net,Romania,2015-08-12,Standard,31828.67
3600,David Mays,gregory31@example.com,Niger,2022-02-10,Standard,19584.02
3601,Charles Thornton Jr.,xramos@example.com,Yemen,2025-03-09,Premium,60582.6
3602,Lisa Torres,gabriellaross@example.org,Falkland Islands (Malvinas),2020-04-23,Standard,28118.69
3603,Daniel Strickland,kyliebarker@example.org,Malaysia,2025-11-24,Basic,63351.59
3604,Michael Cook,johnyates@example.net,Bolivia,2025-12-31,Standard,58965.73
3605,Danielle Villa,joshuawright@example.net,Cote d'Ivoire,2024-10-04,Standard,57030.91
3606,William Henderson,bruceelijah@example.com,Venezuela,2018-10-12,Standard,11491.44
3607,Mark Ryan,jenniferellis@example.org,Dominican Republic,2017-11-22,Basic,53140.46
3608,Andrew Moon,pwilliams@example.org,Greece,2023-02-28,Standard,61009.42
3609,Allen Erickson,stacey58@example.com,Austria,2020-03-18,Basic,32757.88
3610,Tina Adams,hilledwin@example.net,Svalbard & Jan Mayen Islands,2020-06-28,Standard,9335.97
3611,Elizabeth Peterson,charles99@example.org,Holy See (Vatican City State),2021-09-20,Standard,3992.99
3612,Savannah Anderson,williamhess@example.com,Sierra Leone,2018-10-14,Standard,19111.43
3613,Laurie Richard,rebecca53@example.net,Portugal,2015-04-07,Standard,57570.82
3614,Tyler Huynh,jensennancy@example.org,Grenada,2019-01-01,Standard,13609.93
3615,Shannon Edwards,zavery@example.com,South Georgia and the South Sandwich Islands,2018-05-04,Standard,33646.07
3616,Tyler Welch,tinaortiz@example.org,Tajikistan,2019-01-03,Standard,44784.47
3617,Barbara Jenkins,powersmonique@example.net,Haiti,2019-06-11,Basic,39962.32
3618,Michelle Young,albertmaxwell@example.com,Jordan,2016-01-23,Standard,6532.5
3619,Emily Roberts,edwardsanna@example.com,Macao,2020-07-14,Premium,11062.16
3620,Mary Fisher,emurray@example.com,Comoros,2025-11-24,Standard,20783.54
3621,Melissa Henderson,mcgeebrittany@example.org,Aruba,2025-04-21,Standard,46388.77
3622,Dustin Webster,atkinsonjessica@example.net,Canada,2023-03-21,Basic,62660.11
3623,Mr. Jonathan Garcia,benjaminlloyd@example.com,Palestinian Territory,2015-06-16,Basic,42787.85
3624,Todd Peters,russellwilliam@example.net,Mauritania,2016-08-24,Premium,28116.45
3625,Ann Roth,sarah90@example.com,Niue,2024-02-10,Standard,54354.81
3626,Kevin Cook,iblake@example.org,Hong Kong,2025-12-29,Basic,28798.0
3627,Joseph Smith,jennifermoore@example.org,Saint Kitts and Nevis,2022-02-21,Basic,25498.51
3628,Kristen Nunez,seth37@example.org,Guinea,2015-04-02,Basic,31834.11
3629,Albert Black,chungjeffrey@example.com,Netherlands,2023-02-03,Standard,56070.84
3630,Stephen Wolf,dakota45@example.com,New Caledonia,2024-05-20,Standard,66248.67
3631,Jennifer Snow,paul49@example.org,Western Sahara,2023-11-25,Basic,72395.71
3632,Joseph Cummings,jwatson@example.com,Serbia,2018-05-26,Standard,19757.94
3633,Brian Coleman MD,bellcathy@example.com,Swaziland,2023-11-26,Standard,40552.03
3634,Zachary Wright,gordonsabrina@example.net,Kazakhstan,2019-03-13,Standard,59971.82
3635,Timothy Smith,taylorallison@example.com,Japan,2025-06-28,Standard,16336.89
3636,Richard Allen,ewarner@example.org,Andorra,2023-09-23,Standard,56078.52
3637,Ariana Simpson,yrodriguez@example.org,Taiwan,2015-07-07,Standard,37741.84
3638,Jacob Kelley,alexandergarcia@example.com,Papua New Guinea,2022-08-09,Standard,68253.54
3639,Troy Moses,matthew00@example.com,French Polynesia,2017-04-28,Standard,627.57
3640,Amanda Holder,wadebrenda@example.net,Tajikistan,2016-06-15,Premium,31220.78
3641,Ryan Morales,gyoung@example.com,Burkina Faso,2023-11-11,Standard,34817.48
3642,Brent Lewis,laureningram@example.org,Malta,2017-06-25,Basic,24032.41
3643,Michael Johnson,carterlawrence@example.net,Gambia,2017-06-24,Standard,53248.39
3644,Courtney Smith,daniel99@example.net,Isle of Man,2022-12-26,Premium,21765.39
3645,Devon Webster,williamcrawford@example.org,Guinea-Bissau,2019-09-20,Standard,34683.15
3646,Larry Gray,matthewchavez@example.com,Norfolk Island,2019-05-13,Standard,24824.21
3647,Aaron Anderson,andersonpeggy@example.com,Argentina,2018-11-05,Standard,41934.87
3648,Patrick Hayes,lopezchristian@example.com,Maldives,2019-12-26,Standard,26140.88
3649,Amanda Baker,kelseyhunter@example.org,Guadeloupe,2020-08-05,Standard,64113.11
3650,James Williams,hornjeff@example.org,Libyan Arab Jamahiriya,2022-07-19,Standard,52404.97
3651,Elizabeth Hill,silvapatrick@example.org,Israel,2022-05-30,Standard,30369.63
3652,Charles Myers,maria44@example.com,Cape Verde,2022-01-30,Basic,72587.34
3653,Christopher Rowland,johnstephens@example.com,Comoros,2015-12-07,Standard,73874.8
3654,Dana Murray,xjones@example.org,Czech Republic,2019-02-21,Standard,73868.93
3655,Sara Savage,dominguezomar@example.com,Norfolk Island,2020-01-24,Standard,56376.6
3656,Barbara Baker,munozjohn@example.net,Ireland,2022-01-03,Standard,2459.95
3657,Bradley Baker,marksashley@example.net,British Virgin Islands,2021-05-02,Standard,46913.82
3658,Robin Brock,jessicaboone@example.com,Zimbabwe,2015-04-06,Standard,74687.98
3659,Linda Beasley,jortiz@example.net,Singapore,2023-05-06,Basic,21470.6
3660,Arthur Williams,christian13@example.org,Maldives,2025-05-01,Standard,17795.21
3661,Tony Key,collinsstacy@example.com,Uruguay,2025-08-22,Standard,28537.56
3662,Michael Moore,wallacebrenda@example.org,Georgia,2017-06-13,Basic,7499.24
3663,Andrew Ward,armstrongjoshua@example.org,Sri Lanka,2018-03-31,Standard,8519.8
3664,Mrs. Ariel Guerrero DDS,chadgonzalez@example.com,Sudan,2023-09-20,Standard,12144.03
3665,Pamela Price,thomas27@example.com,Panama,2021-03-03,Basic,73422.51
3666,Linda Gibbs,bswanson@example.org,Croatia,2019-09-09,Standard,56408.25
3667,Teresa Baker,osmith@example.org,New Caledonia,2023-08-22,Basic,21096.26
3668,Darryl Adkins,christopher64@example.org,Albania,2024-12-02,Standard,8146.5
3669,Alice Jackson,ebell@example.net,Oman,2022-02-18,Standard,47575.91
3670,Hannah Schaefer,rallen@example.org,Belgium,2019-05-26,Standard,40288.12
3671,Joseph Sullivan,kenneth12@example.com,Czech Republic,2023-06-27,Standard,30446.46
3672,James Roberts,campbellkelly@example.net,Iran,2020-01-15,Standard,62003.85
3673,Eric Hoffman,william81@example.com,American Samoa,2019-06-27,Standard,65532.31
3674,Danielle Morton,mcneilsandra@example.com,South Georgia and the South Sandwich Islands,2018-09-30,Standard,40066.76
3675,Paul Wallace,desireeedwards@example.com,Nepal,2022-08-31,Basic,49300.25
3676,Dakota Branch,wallacedakota@example.org,Kenya,2022-04-29,Basic,28905.67
3677,Michael Henderson,haneyjoshua@example.org,Chile,2017-02-12,Standard,31515.65
3678,Debra Carter,matthew96@example.com,Fiji,2016-07-21,Standard,46510.98
3679,David Stanley,elizabeth65@example.com,Wallis and Futuna,2015-11-26,Standard,37876.25
3680,Keith Rodriguez,cardenasjessica@example.com,Ecuador,2025-08-08,Standard,54978.06
3681,Sherri Sherman,christina99@example.org,Hungary,2016-11-12,Premium,45833.48
3682,Veronica Lewis,vrobbins@example.net,Lesotho,2016-01-08,Standard,35525.54
3683,Joyce Garcia,krobinson@example.com,Serbia,2021-09-29,Basic,1948.28
3684,Thomas Nelson,jrobbins@example.org,Somalia,2021-03-11,Basic,49145.17
3685,Kristin Bailey,qhodge@example.org,Syrian Arab Republic,2025-03-29,Standard,14679.11
3686,Sharon Hopkins,qtran@example.org,Eritrea,2024-10-22,Standard,27837.56
3687,Wendy Haley,barbara17@example.net,Iceland,2022-12-29,Standard,35544.62
3688,Andrew Smith,anita17@example.org,Sweden,2018-04-15,Basic,24373.63
3689,Lawrence Wilson,pricematthew@example.com,Qatar,2021-06-23,Premium,2559.01
3690,Kristin Lopez,karen64@example.com,Cote d'Ivoire,2021-10-06,Standard,18567.26
3691,Kimberly Carlson,garciakenneth@example.net,Oman,2016-12-25,Standard,18330.8
3692,John Bradford,carolyoung@example.net,Bulgaria,2016-03-31,Basic,37641.07
3693,Ryan Garcia,vsanders@example.net,Canada,2024-10-12,Basic,62881.19
3694,Cameron Bass,murphychristine@example.org,Iceland,2020-03-08,Basic,12155.18
3695,Mrs. Mary Bowers,contreraskara@example.org,Svalbard & Jan Mayen Islands,2023-05-25,Basic,5470.71
3696,Benjamin Jones,qlee@example.com,Sierra Leone,2024-09-21,Premium,50846.21
3697,Lori Miller,foleyaaron@example.net,Saint Vincent and the Grenadines,2019-04-28,Standard,35398.14
3698,Brenda Gallagher,elizabeth69@example.net,Austria,2017-12-01,Premium,31427.45
3699,Melissa Preston,mwoods@example.net,Venezuela,2023-01-10,Basic,40416.27
3700,Antonio Ortega,snyderpamela@example.com,Yemen,2020-12-27,Basic,48619.93
3701,Lori Gutierrez,tara61@example.net,Burundi,2024-04-13,Basic,33029.45
3702,Benjamin Esparza,natashasmith@example.org,Sao Tome and Principe,2019-06-20,Basic,22148.99
3703,Nicholas Sanders,david61@example.net,Norfolk Island,2015-06-13,Basic,54455.0
3704,Michelle Poole,jakegreen@example.org,Portugal,2020-09-26,Standard,53817.69
3705,Lisa Henderson,logangarrett@example.net,Bahrain,2023-10-31,Standard,33143.42
3706,Joel Hill,dylanharrington@example.net,Bangladesh,2017-12-11,Premium,11162.28
3707,Morgan Barrett,donald82@example.net,Sri Lanka,2023-11-17,Basic,43590.95
3708,Jesse Garcia,pbarron@example.com,Myanmar,2019-08-19,Premium,12879.27
3709,Ryan Bradley,sharonedwards@example.net,Israel,2017-09-22,Standard,10860.77
3710,Deanna Sutton,kathleen36@example.net,Saint Lucia,2016-02-02,Basic,15953.85
3711,Katie Wiggins,joneskrista@example.org,Cyprus,2020-02-20,Standard,52105.28
3712,David Jacobs,floresvictor@example.org,Tajikistan,2017-09-29,Basic,36995.38
3713,Michael Wheeler,wiserenee@example.net,Tuvalu,2022-09-23,Basic,25847.61
3714,John Mendoza,jacksonmichael@example.org,Portugal,2022-11-05,Standard,59106.2
3715,Micheal Adams,dmckay@example.org,Brazil,2015-05-27,Standard,20828.6
3716,Stephen Levy,nhardy@example.org,Comoros,2018-03-27,Basic,11314.79
3717,Edward Nichols,thompsonluis@example.net,Niger,2021-04-27,Premium,66042.75
3718,Tiffany Mcdonald,jennifercordova@example.net,Congo,2025-08-05,Standard,22018.57
3719,Heather Burns,kathryn19@example.net,Suriname,2018-06-02,Basic,42681.08
3720,Nathan Adams,jonestimothy@example.org,India,2018-04-22,Standard,33129.71
3721,Joy Robinson,whernandez@example.com,Palau,2016-06-10,Standard,60438.6
3722,Jeffrey Garcia,stacy42@example.org,Cote d'Ivoire,2019-04-23,Premium,22101.88
3723,Adrian Williams,chuber@example.net,Yemen,2024-07-17,Standard,17286.87
3724,Brianna Maynard,virginia82@example.net,Lao People's Democratic Republic,2021-07-21,Standard,22896.0
3725,Terry Lin,williamsthomas@example.net,Mali,2020-09-14,Premium,27471.09
3726,Angela Fields,jenniferjarvis@example.com,Mayotte,2019-07-21,Basic,74709.78
3727,Clinton Kennedy,brownshane@example.org,Mexico,2025-11-26,Standard,67525.3
3728,Joshua King,kimjennifer@example.com,New Zealand,2024-07-24,Standard,11901.8
3729,Pamela Clark,knguyen@example.net,Saint Martin,2019-03-29,Standard,39369.47
3730,Heather Davis,smithmichael@example.org,Antigua and Barbuda,2016-11-23,Basic,36522.12
3731,Lisa Barker,jennifer26@example.org,Cote d'Ivoire,2020-06-05,Basic,36283.42
3732,Alexandria Barnes,ptaylor@example.com,Argentina,2025-08-14,Basic,1313.89
3733,Matthew Hall,elizabethvega@example.net,Falkland Islands (Malvinas),2017-04-25,Premium,17055.68
3734,Jesus Roman,hooperkatrina@example.org,Thailand,2023-09-22,Standard,21054.09
3735,Amanda Obrien,ofletcher@example.org,Jamaica,2017-03-17,Basic,9189.46
3736,Rachel Salazar,tacosta@example.org,Egypt,2025-03-27,Standard,34584.3
3737,Aaron Brooks,caleb06@example.org,Jordan,2023-05-15,Standard,1162.01
3738,Kevin Smith,kelly58@example.org,Bolivia,2020-11-16,Basic,58785.79
3739,Matthew Burns,douglas62@example.net,Afghanistan,2019-01-29,Basic,55668.0
3740,Elizabeth Wilson,stewartandrew@example.net,Sri Lanka,2016-02-09,Standard,30037.22
3741,Kenneth Thornton,simonkendra@example.org,Greenland,2018-01-16,Basic,38179.38
3742,Michelle Watson,heatheranderson@example.net,Vietnam,2023-04-25,Standard,40222.85
3743,Jonathan Kelley,owong@example.com,Dominica,2023-12-13,Standard,6188.69
3744,Devin Brown,tyler62@example.com,San Marino,2017-10-12,Premium,42610.99
3745,Christina Diaz,millerrobin@example.org,Svalbard & Jan Mayen Islands,2017-01-18,Standard,59845.92
3746,Jonathon Graham,stevenpadilla@example.net,Mauritania,2017-09-30,Standard,48897.84
3747,Andrew Miller,lhill@example.org,Dominica,2016-12-27,Standard,53874.18
3748,Terry Howard,mannbrittany@example.org,Taiwan,2021-03-10,Premium,45783.04
3749,Andrea Oneal,margaret22@example.net,Uganda,2023-03-23,Standard,55797.51
3750,Tyler Murphy,donna59@example.org,Aruba,2025-02-16,Basic,5009.25
3751,Ricky Elliott,fmorris@example.net,New Caledonia,2017-04-30,Premium,22881.37
3752,Mrs. Melanie Glover,andrewtorres@example.com,Lao People's Democratic Republic,2021-07-08,Standard,44029.38
3753,Charles Sawyer,katie11@example.com,Afghanistan,2024-11-20,Standard,7595.7
3754,Veronica Sweeney,cbuck@example.org,Turkey,2022-02-09,Basic,24084.66
3755,Timothy Jackson,frankjames@example.net,Mali,2019-12-16,Premium,36002.85
3756,Jamie Smith,josephreynolds@example.net,Barbados,2021-01-30,Premium,15005.37
3757,Jordan Lane,adrianmcneil@example.com,Fiji,2018-05-13,Standard,44972.46
3758,Brian Wilson,jessicaarmstrong@example.net,Lesotho,2024-08-28,Standard,43733.09
3759,Shannon Wheeler,vgarcia@example.net,India,2019-12-19,Basic,54068.61
3760,Susan Chase,jasonrhodes@example.net,Mauritius,2024-01-14,Basic,14811.21
3761,Megan Khan,williamgross@example.net,Tokelau,2015-01-03,Standard,56726.84
3762,Jennifer Pearson,kimberly97@example.com,Qatar,2018-01-13,Standard,30685.87
3763,Michael Mosley,newmanthomas@example.com,Namibia,2020-09-08,Standard,13445.76
3764,Kevin Carr,kimberly57@example.net,United Arab Emirates,2022-03-28,Standard,21460.74
3765,Dawn Marsh,daniel07@example.com,Mozambique,2017-10-16,Standard,65077.76
3766,Carolyn Simmons,vbowman@example.com,Palau,2020-08-22,Standard,50918.73
3767,Randy Greer,norrisanthony@example.net,Eritrea,2025-12-16,Standard,33143.27
3768,Kevin Gillespie,samanthablack@example.net,Northern Mariana Islands,2015-01-27,Basic,13867.98
3769,Latoya Brown,ucox@example.com,Madagascar,2020-04-11,Standard,73082.99
3770,Tammy Crawford,zwade@example.net,Barbados,2023-07-12,Standard,13614.94
3771,Joseph Ferrell,vickiebyrd@example.com,Tajikistan,2025-05-18,Standard,23021.91
3772,Christine Ferrell,drakemary@example.com,Iceland,2022-09-14,Basic,25846.77
3773,Thomas Walsh,lesliejohnson@example.net,Afghanistan,2023-09-25,Standard,13903.51
3774,Joseph Hughes Jr.,jamesdawson@example.com,Finland,2018-06-12,Premium,17577.26
3775,Tanner Ortiz,david85@example.net,Seychelles,2020-12-12,Standard,24171.19
3776,Cody Miller,sarahvega@example.com,Germany,2025-05-27,Standard,51434.79
3777,Jimmy Edwards,lisa49@example.com,Cape Verde,2016-09-25,Standard,42932.88
3778,Michael Lopez,johnolson@example.org,French Guiana,2019-06-11,Standard,14594.83
3779,Logan Mercado,jenniferedwards@example.com,Puerto Rico,2021-11-04,Basic,63963.71
3780,William Gentry,benjaminjenkins@example.com,El Salvador,2020-10-16,Standard,24594.67
3781,Jason Parker,anne76@example.org,Seychelles,2023-11-05,Basic,49098.42
3782,Juan Wright,fryedylan@example.net,Saint Martin,2017-07-25,Standard,54553.5
3783,Alexis Barnes,kimrichard@example.org,Chile,2024-08-08,Basic,35530.63
3784,Susan Weaver,dianachen@example.com,Hungary,2018-06-08,Basic,27966.64
3785,Jason Neal,emilyzuniga@example.com,Heard Island and McDonald Islands,2023-05-11,Standard,26706.53
3786,Todd Carpenter,martinezricky@example.net,Grenada,2021-04-26,Standard,23274.26
3787,Jonathan Freeman,sandra33@example.net,Burundi,2023-07-20,Standard,31429.99
3788,Scott Lee DDS,bakermadison@example.org,Antarctica (the territory South of 60 deg S),2019-08-02,Basic,4384.23
3789,Melissa Summers,ucunningham@example.net,Svalbard & Jan Mayen Islands,2025-12-07,Standard,60451.46
3790,Tiffany Coleman,whitegina@example.org,Bahamas,2024-03-06,Standard,20747.0
3791,Jade Rogers,moralesstephen@example.net,Argentina,2023-01-14,Basic,15843.53
3792,Todd Ford,blancharderika@example.org,Argentina,2015-04-07,Standard,62483.24
3793,Kevin Clark,cheryl76@example.net,Lebanon,2018-08-27,Standard,59371.27
3794,Susan Reyes,arnoldjames@example.org,Saudi Arabia,2023-12-11,Standard,55491.52
3795,Crystal Navarro,yangeric@example.com,Slovenia,2024-08-08,Standard,37845.02
3796,Bridget Smith,jeffrey71@example.org,China,2016-10-19,Standard,5813.41
3797,Amanda Brown,nicoledixon@example.net,Kyrgyz Republic,2023-02-02,Standard,36106.28
3798,Douglas Gibson,stewartchristine@example.com,Liechtenstein,2025-08-13,Standard,71415.39
3799,Kimberly Wallace,pamelamahoney@example.org,Iran,2022-09-18,Premium,49541.51
3800,Christopher Keller,choitina@example.org,Italy,2017-10-20,Basic,53060.03
3801,Kristen Valenzuela,robert65@example.net,Mozambique,2019-03-17,Standard,45601.19
3802,Patrick Nelson,ksmith@example.com,Svalbard & Jan Mayen Islands,2018-11-04,Premium,4444.56
3803,Alicia Simmons,scott45@example.org,Guyana,2025-05-11,Standard,27866.3
3804,Jesse Owens,taylor88@example.com,American Samoa,2024-11-16,Standard,35520.1
3805,Robert Lyons,robert77@example.com,Singapore,2023-09-11,Basic,24509.78
3806,Wendy Miller,jashley@example.net,Gambia,2024-10-19,Basic,61867.22
3807,Joseph Pope,williamzhang@example.com,Poland,2017-03-30,Standard,22589.46
3808,Michelle Campos,david00@example.com,Congo,2018-09-04,Standard,33010.02
3809,Angela Black,yjohnson@example.net,Saint Barthelemy,2017-12-03,Standard,57268.34
3810,Jose Norton,vaughntamara@example.com,Honduras,2022-09-25,Standard,61343.92
3811,John Berg,cynthia27@example.net,Malta,2015-10-06,Premium,57964.53
3812,Bryce Thompson,dennis53@example.com,Peru,2023-04-16,Basic,52519.04
3813,Angela Ross,millercassandra@example.net,Moldova,2025-02-24,Standard,64044.14
3814,Kristi Boyd,galvandavid@example.org,Puerto Rico,2017-05-29,Basic,56108.67
3815,Misty Morales,richardsonbenjamin@example.com,Pakistan,2020-03-02,Standard,35257.4
3816,Travis Ruiz,brian33@example.com,Mexico,2025-11-23,Standard,15124.14
3817,Monique Harper,plyons@example.com,Isle of Man,2023-05-21,Basic,19337.99
3818,Anthony Villegas,johnsonmaria@example.org,Austria,2022-03-15,Basic,10735.18
3819,Amber Rodriguez,anthony20@example.com,Australia,2020-06-15,Standard,29874.02
3820,Maurice Cunningham,ginaconrad@example.org,Romania,2015-09-04,Basic,62417.66
3821,Casey Miller,christineblackwell@example.com,United Kingdom,2015-03-08,Basic,38541.56
3822,Lindsey Adams,pcraig@example.net,Tokelau,2025-10-06,Standard,74675.17
3823,Margaret Parrish,vmorris@example.com,San Marino,2023-11-11,Standard,59921.3
3824,Ronald Jackson,patrickgregory@example.net,Serbia,2018-09-29,Standard,21377.82
3825,Maureen Martin,christopher41@example.com,Slovakia (Slovak Republic),2021-05-04,Standard,55148.93
3826,Jessica Williams,christopher33@example.com,Vietnam,2016-04-05,Premium,41982.23
3827,Lisa Hall,yclarke@example.com,Saint Vincent and the Grenadines,2024-06-28,Standard,59944.68
3828,Rachel Franklin,vferguson@example.net,United Arab Emirates,2020-04-02,Basic,43150.91
3829,Thomas Monroe,matthew17@example.com,Netherlands Antilles,2023-06-07,Standard,74472.99
3830,Rebecca Meyer,fblack@example.com,Faroe Islands,2024-03-03,Premium,51375.5
3831,Amanda Brown,wesley24@example.net,Aruba,2024-11-15,Standard,33983.82
3832,Jill Baker,cunninghambecky@example.com,Cote d'Ivoire,2018-09-15,Basic,11627.35
3833,James Sanchez,terridoyle@example.org,Bhutan,2018-10-23,Premium,48676.03
3834,Ann Estes,lauren18@example.com,Isle of Man,2023-04-17,Standard,58638.19
3835,Stephanie Lynch,candace21@example.org,Guinea-Bissau,2015-03-29,Basic,32571.69
3836,Jennifer Porter,brianhopkins@example.net,Puerto Rico,2021-12-29,Standard,22212.58
3837,Donald Giles,richbill@example.org,Cameroon,2017-07-11,Basic,1660.66
3838,Jennifer Moore,ibates@example.org,Grenada,2024-08-05,Standard,11499.5
3839,Elizabeth Mckenzie,jmorse@example.org,Saint Barthelemy,2018-08-30,Standard,50671.74
3840,Tracy Nash,thomas49@example.net,Mauritius,2017-03-31,Standard,49107.55
3841,Eric Smith,brandywalls@example.org,Liberia,2018-12-23,Basic,43189.27
3842,Tamara Fleming,christopherjordan@example.com,Cocos (Keeling) Islands,2021-06-20,Basic,53689.11
3843,Mr. Robert Cooper Jr.,rodneylin@example.com,Niger,2017-04-24,Standard,58031.15
3844,Kelly Montgomery,vshepard@example.com,Fiji,2020-12-24,Standard,7792.01
3845,David Hayes,tammy34@example.org,Brazil,2023-09-28,Standard,63391.2
3846,Tammy Taylor,robertzamora@example.org,Portugal,2015-10-11,Premium,26301.84
3847,Lance White,ecook@example.net,Mozambique,2017-07-31,Standard,23821.38
3848,James Wright,rodriguezmary@example.net,France,2016-10-30,Standard,15327.18
3849,Karen Sanchez,richard15@example.com,Micronesia,2025-07-02,Standard,20513.08
3850,Brandy Anderson,mindybrown@example.com,Antarctica (the territory South of 60 deg S),2015-04-22,Basic,57982.81
3851,Gabriela King,delacruztammy@example.org,Honduras,2019-12-06,Premium,67441.25
3852,Michael Cole,john03@example.com,Peru,2015-04-15,Premium,71114.02
3853,Stephen Santos,ajones@example.net,Pakistan,2023-04-19,Standard,55859.69
3854,Edward Brennan,robert11@example.org,Niue,2019-12-02,Standard,3928.77
3855,Joshua Smith,angelafreeman@example.org,United Kingdom,2019-04-08,Standard,15621.01
3856,Billy Terry,michael85@example.net,Iran,2025-11-14,Standard,9567.54
3857,Hayden Nguyen,christopher02@example.net,Timor-Leste,2023-02-15,Standard,68517.92
3858,Kelly Morgan,hurleyrobin@example.net,Romania,2017-05-08,Standard,12425.5
3859,Jessica Williams,mary94@example.com,Namibia,2021-10-13,Premium,36810.85
3860,Lisa Juarez,amandazamora@example.net,Tajikistan,2019-08-28,Standard,74652.98
3861,Donna Stephenson,eric31@example.net,Cyprus,2023-12-20,Standard,73890.12
3862,Carol Jensen,udavis@example.org,Cote d'Ivoire,2020-09-14,Standard,35978.93
3863,Tabitha Clark,hduffy@example.com,French Polynesia,2015-01-30,Premium,34407.29
3864,Jeremy Salas,igardner@example.com,Western Sahara,2025-10-13,Standard,31646.04
3865,Mary Morgan,dthomas@example.net,Honduras,2025-08-09,Basic,26762.41
3866,Dr. Brittany Wagner,ocole@example.com,Kazakhstan,2025-08-10,Standard,5131.59
3867,Tina Smith,elizabethperez@example.org,Ethiopia,2022-11-12,Basic,22726.91
3868,Hannah Berg,timothy56@example.org,Congo,2019-05-16,Premium,48357.75
3869,Betty Brock,tporter@example.org,Azerbaijan,2025-10-24,Basic,1434.79
3870,Daniel Schmidt,irobinson@example.com,Cyprus,2018-08-17,Standard,48640.13
3871,Maureen Martinez,lisa70@example.com,Russian Federation,2016-12-27,Premium,63594.26
3872,David Hines,markmorgan@example.com,Mali,2016-09-29,Standard,9814.14
3873,Rachel Sutton,dstafford@example.net,Argentina,2015-06-09,Premium,35368.5
3874,Brian Woods,wardbrandy@example.net,Slovenia,2024-09-18,Premium,60227.93
3875,Jennifer Newman,allisonskinner@example.com,Hong Kong,2021-12-04,Basic,22158.07
3876,Elizabeth Sanford,julie67@example.net,Denmark,2016-12-07,Standard,12021.83
3877,Michael Hanson,hannafrank@example.net,Netherlands,2016-09-12,Standard,39015.33
3878,Joseph Hardin,qjohnson@example.com,Uganda,2017-01-13,Basic,60821.4
3879,Michael Green,brandi94@example.org,Italy,2023-10-27,Standard,69390.35
3880,John Johnson,jamie12@example.net,Australia,2018-06-07,Standard,37442.27
3881,Tyler Johnston,bensonjohn@example.net,Luxembourg,2024-06-08,Standard,28145.51
3882,Peter Thomas,johncoleman@example.net,Austria,2023-10-14,Standard,24250.19
3883,Stephen Hampton,johnsonemily@example.org,Haiti,2020-04-11,Premium,2380.14
3884,Christine Ramirez,markellis@example.org,North Macedonia,2025-03-31,Premium,65434.11
3885,Katherine Dixon,ujones@example.com,Haiti,2023-07-21,Standard,40575.75
3886,Mary Richardson,michael75@example.net,Guam,2016-10-09,Standard,39509.04
3887,Jacqueline Richardson,mario36@example.org,Mongolia,2017-07-01,Premium,26312.81
3888,Angela Wilson,nancy41@example.net,Czech Republic,2016-04-05,Premium,74117.32
3889,Teresa Norris,jocelynbates@example.com,Cambodia,2019-08-28,Basic,34966.39
3890,Amy Chavez,kimberlyjones@example.net,Germany,2016-07-04,Basic,40370.36
3891,Austin Soto,christophercollier@example.com,Liechtenstein,2015-01-03,Basic,60754.53
3892,Edward Hernandez,billyroman@example.org,Lebanon,2025-02-15,Standard,35344.15
3893,Pamela Keith,gharris@example.net,Singapore,2021-01-20,Standard,24385.02
3894,Elizabeth Brown,felicia32@example.net,Vietnam,2023-01-13,Standard,46117.32
3895,Christopher Braun,alec29@example.org,Sierra Leone,2024-04-27,Premium,37086.93
3896,Dylan Houston,johnstonchristopher@example.net,Benin,2017-06-17,Basic,14922.46
3897,Stephanie Ward,michaelarmstrong@example.net,Montenegro,2016-08-07,Standard,60457.2
3898,Alexander Buckley,qfranklin@example.org,Burkina Faso,2016-01-24,Standard,6393.63
3899,Mary Strong,kevin01@example.net,United Arab Emirates,2021-11-24,Basic,21351.91
3900,Tina Harrington,laurenfigueroa@example.net,Djibouti,2017-01-26,Premium,17160.2
3901,Jonathan Richardson,harriscarolyn@example.net,Nigeria,2022-12-20,Basic,22757.83
3902,Christopher Murray,fmiller@example.org,French Guiana,2020-10-30,Basic,50209.64
3903,Audrey Wilson,mejiachristine@example.net,Russian Federation,2017-12-28,Standard,74076.31
3904,Bradley Walker,robertsmichele@example.net,Antigua and Barbuda,2019-09-25,Basic,10095.11
3905,Joseph Guzman,laneerica@example.com,Sudan,2023-04-05,Standard,11105.27
3906,Cole Summers,lowemisty@example.org,Malaysia,2025-02-28,Basic,2808.34
3907,Michael Lee,ubrandt@example.net,Costa Rica,2023-11-28,Basic,47483.05
3908,Tyler Hall,oibarra@example.com,Liechtenstein,2016-08-08,Standard,13867.39
3909,Eric Frost,pruittchristopher@example.net,Cuba,2017-09-01,Standard,62694.59
3910,Stephanie Davis,barronlaura@example.com,French Guiana,2021-06-01,Standard,24359.3
3911,Robert Johnson,jenniferharrington@example.org,Serbia,2017-02-08,Standard,64361.61
3912,Danielle Cisneros,brittany60@example.com,Belarus,2021-06-22,Standard,61319.96
3913,Joseph Carrillo,brian77@example.com,Sao Tome and Principe,2020-01-31,Standard,74454.23
3914,Heather Heath,ehernandez@example.com,Saudi Arabia,2016-04-27,Standard,41054.49
3915,Autumn Johnson,eileenmoyer@example.net,Saint Lucia,2020-10-08,Basic,49245.67
3916,Matthew Farrell,stewartpamela@example.com,Tanzania,2025-01-03,Basic,25459.78
3917,Tiffany Malone,nheath@example.org,Jamaica,2024-10-11,Standard,25738.48
3918,Joel Smith,richard96@example.com,Poland,2022-06-09,Standard,41280.33
3919,Shannon Taylor,jefferymurray@example.org,Lithuania,2023-07-24,Premium,64252.03
3920,Michael Mills,harringtonbethany@example.org,Falkland Islands (Malvinas),2019-02-05,Standard,4968.05
3921,Kristin Gonzalez,javierlewis@example.org,South Georgia and the South Sandwich Islands,2021-02-03,Standard,2149.7
3922,Gail Nichols,scarter@example.net,Puerto Rico,2020-02-17,Premium,17227.6
3923,Cheryl Hutchinson,johnrogers@example.net,Albania,2022-12-29,Basic,9240.76
3924,Katherine Thomas,robin25@example.net,Yemen,2018-06-11,Standard,65529.68
3925,Donald Stewart,lewiskayla@example.net,Zimbabwe,2025-07-15,Standard,41609.07
3926,Alexander Lewis,april23@example.com,Lithuania,2020-08-29,Premium,65055.82
3927,Susan Kelley,kgonzalez@example.net,Congo,2024-12-06,Standard,61546.99
3928,David Smith,heather64@example.com,Haiti,2024-06-02,Basic,14817.13
3929,Jennifer Roach,zachary74@example.org,India,2017-03-24,Standard,58249.37
3930,Randall Anderson,dperez@example.com,Guatemala,2021-09-27,Basic,26706.75
3931,Laura Castillo,martinezmichael@example.com,Albania,2020-12-13,Basic,42325.5
3932,Ashley Parsons,lauren57@example.org,Mayotte,2019-01-25,Standard,60069.43
3933,Eric Lewis,esnow@example.com,Mauritania,2020-12-14,Standard,52103.68
3934,Brian Hughes,heathnatalie@example.org,Benin,2022-08-18,Standard,12116.55
3935,Carol Goodman,pattonmatthew@example.net,Norfolk Island,2021-12-07,Standard,47664.87
3936,Wesley Browning,judithmason@example.org,Hong Kong,2023-01-12,Standard,69816.0
3937,Dawn Sweeney,vincentdavis@example.com,Sri Lanka,2021-11-02,Standard,70678.85
3938,Dylan Lloyd,crystal54@example.com,Tanzania,2015-07-20,Standard,15364.16
3939,Megan French,smithvictoria@example.org,Bermuda,2018-04-29,Basic,71180.21
3940,Jennifer Krause,tylerhernandez@example.org,Mali,2019-09-22,Standard,39250.71
3941,Kevin Meadows,hannahpearson@example.net,Seychelles,2016-07-11,Basic,35233.31
3942,Shane Clark,amandabarrett@example.org,Western Sahara,2015-11-03,Basic,22674.49
3943,Sara Mccoy,whitneybrenda@example.com,Antarctica (the territory South of 60 deg S),2018-06-30,Standard,41792.86
3944,Lindsey Miller,antonio11@example.org,Isle of Man,2021-08-29,Standard,55076.17
3945,Rachel Chase,allenlisa@example.net,El Salvador,2019-08-08,Basic,4676.86
3946,Chelsea Mcgee,chess@example.org,Portugal,2016-10-18,Premium,36199.68
3947,Robert Reilly,jennifer95@example.net,British Virgin Islands,2025-08-30,Basic,60572.37
3948,Christopher Blevins,justin66@example.net,Greenland,2016-10-15,Basic,29495.06
3949,Russell Pollard,skirby@example.com,Tanzania,2017-03-03,Standard,29477.22
3950,John Jackson,coffeydaniel@example.net,Tuvalu,2017-07-15,Standard,26442.95
3951,Tara Lin DDS,tharris@example.com,Mozambique,2025-01-04,Basic,20897.29
3952,Dominique Potter,jimcraig@example.com,Rwanda,2021-07-27,Standard,54516.93
3953,Darren Martin,regina89@example.com,Saint Barthelemy,2019-12-22,Basic,11600.5
3954,Tyler Phelps,davisalexander@example.net,Yemen,2018-09-03,Premium,20841.4
3955,Michael Dean,shane13@example.org,Togo,2018-06-28,Premium,9017.58
3956,Zachary Potts,anita14@example.org,Niue,2021-09-17,Standard,57931.44
3957,Mandy Preston,lawrencebell@example.org,Solomon Islands,2018-05-08,Standard,49616.5
3958,Robin Weaver DDS,ijackson@example.com,Rwanda,2021-11-03,Basic,40709.15
3959,Jared Vasquez,kellerbrandon@example.org,Israel,2025-12-23,Standard,5512.6
3960,Jamie Walsh,fdavis@example.com,Maldives,2024-10-24,Basic,54070.51
3961,Sophia Daniel,houstonmichelle@example.com,Argentina,2019-04-12,Standard,74099.97
3962,Kelly Wheeler,randolphsharon@example.com,Saint Lucia,2022-01-11,Basic,19345.06
3963,Audrey Butler,turnerrichard@example.com,Hong Kong,2024-10-29,Standard,43977.15
3964,Angela Garcia,bruceray@example.com,South Georgia and the South Sandwich Islands,2020-06-18,Basic,64946.58
3965,Nicholas Turner,ulewis@example.net,Maldives,2016-02-27,Basic,17041.35
3966,Shannon Cannon,johncooke@example.net,Liberia,2025-10-06,Premium,54949.01
3967,Kristin Roberson,dellis@example.com,Monaco,2024-09-30,Standard,27350.57
3968,Barbara Thomas,geraldvelazquez@example.org,Benin,2022-11-13,Basic,37216.25
3969,Monica Peters,piercefrank@example.org,Iraq,2022-02-26,Basic,31770.14
3970,Dr. Antonio Ortiz,bjenkins@example.org,Mauritius,2024-06-12,Premium,57803.43
3971,Thomas Bridges,marialucas@example.com,Kuwait,2017-10-27,Basic,20870.96
3972,Eric Chang,theresamack@example.org,Switzerland,2022-06-24,Standard,24830.02
3973,Michael Mcgee,collierkara@example.org,Kiribati,2015-12-07,Basic,73735.72
3974,David Meyer,rosewilliam@example.net,Israel,2020-06-11,Premium,53553.9
3975,Michele Hamilton,frankjimenez@example.net,Antigua and Barbuda,2021-08-18,Standard,37249.46
3976,Stacy Robertson,william92@example.net,Puerto Rico,2023-10-04,Standard,20115.12
3977,Katherine Torres,rgrimes@example.org,Nicaragua,2021-10-20,Basic,36717.68
3978,Anthony Wells,emily45@example.com,Ghana,2020-10-26,Basic,28342.72
3979,Jeffery Foster,christopher98@example.org,Macao,2015-06-22,Basic,50149.89
3980,Zachary Nelson,aray@example.org,Congo,2023-11-25,Standard,44378.14
3981,Phillip Fischer,lopeztheresa@example.com,New Zealand,2016-01-24,Standard,7618.61
3982,Courtney Robinson DVM,qalvarado@example.com,Chile,2019-01-17,Premium,57361.29
3983,Jacqueline Ramos,alejandrolozano@example.org,Kyrgyz Republic,2021-10-09,Standard,53270.57
3984,Sally Rowe,oconnorjeremy@example.org,Jersey,2023-05-07,Standard,29682.45
3985,Bridget Hernandez,eross@example.com,British Virgin Islands,2019-12-09,Premium,48619.86
3986,Michael Gonzalez,brownlauren@example.org,Iran,2020-11-11,Basic,43107.53
3987,Pamela Burke,jamesvasquez@example.org,Cuba,2024-01-12,Premium,30052.28
3988,Beverly Patel MD,xmoore@example.net,Djibouti,2022-07-03,Standard,58377.9
3989,Steven Wall,tylerthompson@example.com,Sao Tome and Principe,2017-01-10,Basic,16398.96
3990,Ashley Hall,jennifersummers@example.net,Qatar,2016-02-09,Premium,70959.74
3991,Amy Daniels,douglas34@example.org,Costa Rica,2015-04-27,Standard,31057.76
3992,Alexandra Gonzalez,oliviagonzalez@example.org,Norfolk Island,2017-11-04,Basic,63744.9
3993,Stacy Robertson,michael12@example.com,Oman,2018-12-14,Standard,51305.12
3994,Mr. Thomas Adams,scottvargas@example.net,Norway,2020-01-01,Basic,18840.41
3995,Nicole Mcdaniel,woodsrobert@example.net,Hungary,2022-11-03,Basic,24507.3
3996,Stephanie Delgado,tphillips@example.com,Gambia,2023-11-25,Basic,19922.23
3997,Ronnie Thomas,tracy83@example.com,Niger,2024-09-06,Standard,41996.21
3998,Jessica Johnson,jennifersoto@example.com,Congo,2019-07-02,Standard,24310.62
3999,Wanda Morrison,christina42@example.net,Moldova,2016-12-05,Basic,58627.37
4000,Robert Johnson,maustin@example.com,United States Minor Outlying Islands,2018-09-29,Basic,64284.32
4001,Megan Huffman,christopherwatson@example.org,Chad,2024-01-11,Standard,40483.05
4002,Jordan Todd,zmaynard@example.com,Slovakia (Slovak Republic),2024-04-17,Basic,17260.93
4003,Michael Johnson,alexander66@example.net,Pakistan,2016-01-06,Standard,68584.31
4004,Margaret Saunders,olucas@example.com,Lithuania,2020-07-29,Standard,23641.09
4005,Brandon Evans,jwright@example.net,Guinea-Bissau,2017-04-08,Standard,56803.19
4006,Ann Cross,allisonlopez@example.org,Togo,2018-12-07,Standard,53127.86
4007,Christopher Garcia,ashlee63@example.net,Kenya,2019-01-20,Standard,32973.24
4008,Kenneth Odom,candacescott@example.com,United States Virgin Islands,2018-08-15,Basic,71958.3
4009,Adrienne Hawkins,luke46@example.com,Jordan,2018-06-25,Premium,14436.78
4010,Marissa Gonzalez,fbrown@example.org,Antigua and Barbuda,2021-04-14,Basic,52592.07
4011,Oscar Davis,jillduffy@example.org,Hong Kong,2016-12-29,Standard,42104.11
4012,Connie Paul,michaelmyers@example.com,Costa Rica,2017-03-24,Standard,52248.8
4013,Samantha Jackson,justinwagner@example.com,Mongolia,2025-04-04,Premium,53447.0
4014,William Simmons,gsmith@example.net,British Virgin Islands,2017-12-14,Basic,30496.62
4015,Adam Dunn,ufoster@example.org,San Marino,2018-12-20,Premium,25677.26
4016,William Reese,wcollins@example.com,Singapore,2016-02-29,Standard,69114.06
4017,Stacie Burton,elizabethpalmer@example.net,Guyana,2024-10-29,Basic,55287.11
4018,Diana Washington,ynorton@example.net,Paraguay,2021-05-24,Basic,22219.94
4019,Craig Davis,xcarter@example.net,Palestinian Territory,2017-07-09,Basic,24456.76
4020,Margaret Hansen,mitchellkaren@example.org,Saint Barthelemy,2021-02-22,Standard,3297.77
4021,Jeffrey Andrews,jonathan73@example.net,Djibouti,2015-04-18,Standard,74452.63
4022,Patricia Khan,david90@example.net,Greenland,2017-06-15,Standard,62535.29
4023,Gregory Archer,scottlindsey@example.com,Saint Vincent and the Grenadines,2022-04-07,Standard,17130.99
4024,Brandon Rice,tiffanyhill@example.com,Guinea,2018-04-30,Basic,11116.91
4025,Robert Romero,wesleyfoster@example.net,Gibraltar,2021-11-12,Standard,1802.85
4026,David Hunt,zramirez@example.net,Zambia,2021-03-28,Standard,33061.5
4027,Deborah Walker,michaelrice@example.net,Greenland,2019-08-16,Standard,42714.41
4028,Brian Wilkins,paul38@example.com,Bahrain,2019-06-25,Standard,39013.21
4029,Joshua Clark,robert46@example.com,Afghanistan,2025-12-24,Standard,66673.16
4030,Laurie Brown,cpowell@example.com,Kuwait,2023-12-08,Standard,19796.55
4031,Thomas Martinez,simmonsjacob@example.org,Sudan,2017-12-15,Basic,60306.1
4032,William Young,whale@example.net,Solomon Islands,2025-05-18,Standard,27497.46
4033,Jonathan Howe,littlerebecca@example.org,Armenia,2019-01-02,Basic,24181.57
4034,Elizabeth Edwards,jasonwatson@example.net,Israel,2018-08-10,Premium,52066.63
4035,Mary Smith,zacharystewart@example.org,Seychelles,2017-10-08,Basic,73972.62
4036,Carol Morgan,hlee@example.org,Botswana,2016-01-31,Basic,43527.15
4037,Stacey Jones DVM,melissa18@example.org,United States Minor Outlying Islands,2020-09-09,Basic,58870.34
4038,Anthony Adkins,harpercathy@example.net,Brazil,2016-03-05,Basic,40268.15
4039,James Mueller,barry55@example.org,Morocco,2023-01-28,Basic,45405.85
4040,Robert Cochran,martharay@example.net,Kazakhstan,2025-12-13,Standard,52735.3
4041,Jeffrey Keller,webbamanda@example.net,Georgia,2020-03-20,Standard,73884.51
4042,Brittany Jefferson,karengould@example.net,United States of America,2020-02-29,Standard,62786.85
4043,Rachael Boyle,andre19@example.com,Belize,2019-11-22,Standard,37410.69
4044,Kevin Clark,charleslee@example.net,Guinea,2015-04-01,Premium,74685.2
4045,Chad Hart,blake03@example.com,Tunisia,2015-08-24,Standard,42034.95
4046,Taylor Ruiz,alexa56@example.org,Saint Barthelemy,2022-12-03,Basic,35877.83
4047,Joshua Price,jonessamantha@example.org,United Kingdom,2015-09-25,Premium,51230.02
4048,William Anderson,santossabrina@example.com,Nauru,2017-10-29,Basic,20887.76
4049,Jacqueline Jones MD,jacksondavid@example.com,Australia,2023-01-01,Basic,54650.1
4050,Amy Miller,contrerasdavid@example.net,Russian Federation,2023-07-28,Standard,32454.54
4051,Crystal Frazier,jameswhite@example.com,Myanmar,2017-05-31,Basic,73968.94
4052,Katie Simpson,brianfrench@example.org,Brazil,2022-10-26,Standard,23409.44
4053,Rose Peterson,speters@example.net,Reunion,2021-05-23,Standard,24957.36
4054,Sarah Garcia,keithjane@example.net,Botswana,2019-07-26,Basic,38219.63
4055,Jennifer Kelley,michael52@example.org,Bahrain,2022-08-22,Premium,40586.04
4056,Anthony Robinson,hsmith@example.com,Solomon Islands,2025-11-20,Standard,64739.37
4057,Brian Barker,kingjulie@example.com,Taiwan,2019-01-07,Standard,53480.5
4058,Joshua Jones,qmeadows@example.org,Spain,2015-10-18,Standard,58152.91
4059,Sara Nelson,joseph95@example.org,Svalbard & Jan Mayen Islands,2023-03-11,Standard,39850.46
4060,Kevin Cain,maria80@example.com,Sweden,2025-12-27,Standard,14797.77
4061,Tony Baker,jreynolds@example.org,Poland,2017-01-04,Standard,56971.87
4062,Kimberly Whitaker,freemandonald@example.com,Belgium,2025-06-01,Basic,2454.19
4063,Maurice Barrett,christine77@example.com,Christmas Island,2015-12-31,Standard,9182.63
4064,Connor Juarez,shawn69@example.org,Turkey,2022-11-11,Premium,30415.76
4065,Haley Williams,shurley@example.com,Burundi,2019-07-28,Basic,29211.97
4066,Lorraine Martinez,emily68@example.com,Myanmar,2024-07-02,Standard,35711.97
4067,Brandy Casey,zanderson@example.com,Iceland,2018-12-25,Standard,7415.78
4068,Peter Hughes,xgraham@example.org,Gambia,2017-10-29,Standard,32419.48
4069,Bethany Morton,mwalter@example.net,Solomon Islands,2019-07-03,Standard,14046.34
4070,Karen Williams,kwood@example.com,Samoa,2022-04-05,Standard,26502.25
4071,Michael Williams Jr.,lydia72@example.org,Benin,2023-06-07,Standard,25644.08
4072,Brittany Hernandez,susanpeterson@example.com,Sweden,2024-11-10,Premium,19518.15
4073,Sandra Smith,julie89@example.com,Netherlands Antilles,2015-08-31,Standard,73655.26
4074,Arthur White,stephanie05@example.org,Algeria,2015-01-08,Standard,7387.9
4075,Susan Prince,james13@example.net,British Indian Ocean Territory (Chagos Archipelago),2015-01-20,Basic,39801.79
4076,Jacqueline Gutierrez,cheyenne93@example.com,Panama,2023-12-21,Standard,23143.23
4077,Chase Swanson,smithchristopher@example.org,Uruguay,2024-08-20,Basic,42361.51
4078,Denise Scott,jessicamcguire@example.com,United States of America,2022-02-20,Premium,13136.37
4079,Rebecca Campbell,aguirreamanda@example.com,Malaysia,2017-06-13,Standard,13838.56
4080,Michael Mcbride,erinreid@example.com,Nauru,2022-08-30,Basic,7498.19
4081,Brittany Russo,avilacolin@example.org,Japan,2021-06-09,Basic,45078.94
4082,Bridget Davis,kdean@example.net,United Arab Emirates,2024-06-27,Standard,33192.14
4083,Angela Rodriguez,choilinda@example.net,Hungary,2016-09-01,Basic,13517.53
4084,Eric Mcpherson,victoria89@example.com,Sudan,2021-12-23,Basic,33521.71
4085,Gary Gordon,xcompton@example.com,Tonga,2025-09-29,Premium,40434.84
4086,Daniel Park,jamestodd@example.com,Swaziland,2025-06-23,Basic,9241.16
4087,Emily Phillips,davidmorris@example.com,Brazil,2018-11-30,Standard,22034.46
4088,John Fox,angelarivera@example.org,El Salvador,2016-11-16,Standard,44360.45
4089,David Fitzgerald,williamruiz@example.org,Estonia,2021-10-07,Basic,37449.42
4090,John James,ierickson@example.org,Mauritius,2018-10-13,Standard,46086.07
4091,Kathleen Flores,qmiller@example.org,Azerbaijan,2021-02-22,Basic,69663.33
4092,Emily Jones,jenniferprice@example.com,Netherlands,2025-08-02,Basic,58858.68
4093,Jacob Brady,randydavis@example.net,Antigua and Barbuda,2018-10-17,Premium,41696.02
4094,Mr. Steven Miller,jeffrey10@example.com,Belgium,2025-10-08,Standard,10818.26
4095,Dustin Thomas,wvelazquez@example.net,Kyrgyz Republic,2019-07-14,Basic,14328.43
4096,Timothy Lewis,hdavis@example.net,Thailand,2025-04-30,Premium,4632.16
4097,Darren Sanchez,kristen72@example.net,Jersey,2022-05-25,Standard,63309.2
4098,Julie Davis,francislatoya@example.com,Czech Republic,2016-02-09,Basic,62969.9
4099,Kyle Crawford,lisa61@example.net,Marshall Islands,2022-05-06,Basic,7048.77
4100,Anna Cantu,tbrown@example.org,Brazil,2021-06-13,Standard,39668.48
4101,Kevin Porter,jeff63@example.net,Brunei Darussalam,2023-06-28,Basic,39245.04
4102,Dylan Dillon DVM,jasonmartin@example.org,Denmark,2018-08-05,Standard,15269.67
4103,Erica Hawkins,csmith@example.org,Poland,2018-04-14,Premium,57323.32
4104,Erik David,laurenpeters@example.com,Kuwait,2019-11-18,Basic,32117.36
4105,Scott Scott,zsmith@example.com,Isle of Man,2020-07-05,Standard,36912.28
4106,Vicki Gomez,smithtammy@example.com,Saint Barthelemy,2021-11-02,Premium,42203.66
4107,Scott Dunn,davidrasmussen@example.net,Oman,2023-10-26,Standard,37446.69
4108,Barbara Calderon,michelegordon@example.net,Chad,2022-11-02,Basic,57870.49
4109,Dr. Phillip Anderson,jeanette39@example.org,Congo,2017-02-09,Premium,62386.48
4110,Susan Bowen,dawn69@example.org,Panama,2021-08-03,Basic,23207.21
4111,Stephanie Morales,rjohnson@example.net,Guinea,2016-12-11,Basic,42952.8
4112,Anna Harris DDS,jamie58@example.net,Falkland Islands (Malvinas),2020-12-28,Standard,55509.46
4113,Zoe Davis,tina65@example.org,Cape Verde,2019-04-26,Premium,72515.92
4114,Catherine Johnson,dcurry@example.net,Pitcairn Islands,2015-08-03,Standard,72322.99
4115,Peter Smith,kristinaking@example.net,Bhutan,2019-11-12,Basic,51391.36
4116,Jason Morgan,sara85@example.net,Venezuela,2016-12-31,Basic,39417.84
4117,Benjamin Wright,sandraclark@example.com,Congo,2015-07-03,Standard,51164.72
4118,Jennifer Johnston,tracymurray@example.net,Lithuania,2025-08-27,Basic,7624.14
4119,Jacob Clark,xjones@example.com,Benin,2018-08-04,Standard,16812.14
4120,Dr. Benjamin Reed,choidenise@example.com,Christmas Island,2017-04-26,Premium,15469.72
4121,John Anderson,cathysmith@example.com,Thailand,2015-07-05,Standard,46073.02
4122,Jack Johnson,jonesjeffrey@example.org,Grenada,2022-09-24,Basic,15650.73
4123,Walter Parker,karagutierrez@example.com,Luxembourg,2025-02-21,Premium,21960.52
4124,Norma Green,millermichelle@example.net,Zambia,2024-04-28,Standard,61069.42
4125,Robert Cruz,margaret90@example.com,Taiwan,2019-05-17,Standard,13485.07
4126,Rebecca Morrison,cooperrebecca@example.org,Marshall Islands,2024-05-24,Basic,28040.84
4127,Alyssa Gibson,omurray@example.com,Korea,2021-09-18,Standard,11905.69
4128,Andrew Lowe,williamshoward@example.org,Kuwait,2024-11-21,Standard,50222.83
4129,Eric Craig,coxlauren@example.net,Mongolia,2022-12-18,Basic,51109.58
4130,Christopher Adams,christine71@example.net,Tanzania,2017-04-19,Basic,47057.73
4131,Helen Herman,kwilliamson@example.com,Lao People's Democratic Republic,2025-03-31,Basic,49086.89
4132,Brian Rogers,basssteven@example.com,Costa Rica,2019-08-31,Standard,51848.52
4133,Catherine Copeland,lsmith@example.com,Malawi,2024-06-13,Basic,28440.6
4134,Jordan Watts,cwebster@example.net,Guam,2020-06-22,Basic,61300.17
4135,Kara David,edowns@example.net,French Polynesia,2022-10-07,Standard,1029.62
4136,Tiffany Moon,fhill@example.org,Chile,2020-01-14,Standard,52276.13
4137,Chris Foster,zbarrett@example.com,Nepal,2015-10-16,Premium,51790.08
4138,Shane Baker,april66@example.net,Eritrea,2025-02-12,Standard,8867.06
4139,Mackenzie Compton,baileymeagan@example.net,Dominican Republic,2021-01-08,Basic,5220.9
4140,Jeremy King,deborah24@example.org,Singapore,2017-11-16,Standard,70776.86
4141,Jeremy Jackson,hansenjoshua@example.net,Malta,2022-10-17,Basic,53698.0
4142,Emily Perez,marvin03@example.com,Sri Lanka,2018-03-12,Standard,40335.44
4143,Diana Camacho,mejiatimothy@example.org,Holy See (Vatican City State),2023-07-15,Basic,19797.06
4144,Daniel Daniel,sara93@example.org,Saint Helena,2024-11-29,Premium,61760.09
4145,Danielle Burke,theresa80@example.net,Uruguay,2024-06-29,Standard,6716.1
4146,Richard Wells,zclark@example.com,Benin,2015-05-27,Standard,9751.85
4147,Nathan Hughes,lisamccarthy@example.org,Germany,2017-07-25,Standard,8423.46
4148,Robert Suarez,oward@example.net,Korea,2015-12-09,Premium,29257.77
4149,Jessica Harris,sandra74@example.net,Japan,2017-09-17,Basic,60529.08
4150,William Kramer,vshields@example.org,Egypt,2023-04-13,Standard,27974.92
4151,Scott Taylor,ygonzalez@example.net,Niger,2015-06-18,Premium,44875.86
4152,Brian Wheeler,ericksonkatherine@example.com,Svalbard & Jan Mayen Islands,2025-12-05,Standard,37895.54
4153,Amy Davis,courtneygraham@example.com,Spain,2018-07-26,Standard,15979.74
4154,Melanie Carlson,myerstiffany@example.com,Nauru,2016-09-17,Premium,1312.28
4155,Karen Schultz,aprilforbes@example.org,Japan,2025-05-03,Standard,71293.48
4156,David Preston,xatkins@example.com,Romania,2025-02-09,Standard,34787.15
4157,Kelsey Clark,andrew52@example.com,Antigua and Barbuda,2016-09-19,Standard,29500.56
4158,John Barber,wcook@example.com,Bahamas,2017-07-11,Basic,38043.2
4159,Mr. Thomas Weaver,pughcarol@example.org,Turks and Caicos Islands,2022-05-19,Standard,14776.85
4160,Tammy Huffman,andersontravis@example.com,Haiti,2019-12-10,Basic,2141.9
4161,Leah Sanford,gravestammy@example.org,Luxembourg,2020-12-04,Premium,18621.77
4162,Jonathan Smith,burnscarl@example.org,Niue,2021-02-19,Standard,12292.08
4163,Jennifer Davidson,tannerlori@example.com,Armenia,2022-09-05,Basic,4489.31
4164,Vincent Rose DDS,scott48@example.org,Sri Lanka,2015-03-13,Premium,38974.04
4165,David Skinner,steven65@example.net,Finland,2025-06-17,Standard,12951.16
4166,Adrienne Carter,christine72@example.net,Azerbaijan,2025-02-09,Standard,3122.64
4167,Chelsea Camacho,latoyahartman@example.com,Ecuador,2019-04-11,Premium,17716.23
4168,Angela Vasquez,julie84@example.com,Ethiopia,2019-05-07,Premium,4616.71
4169,Krista Hopkins,wendy93@example.org,Cook Islands,2017-07-08,Basic,9193.25
4170,Valerie Johnson DDS,ryan52@example.com,Niger,2021-02-12,Basic,2880.84
4171,Amy Paul,jamiebarr@example.org,United Arab Emirates,2025-03-19,Premium,48752.48
4172,Travis Barrett,ojames@example.org,Netherlands Antilles,2019-05-01,Standard,42969.02
4173,Carmen Sanchez,agomez@example.org,Antarctica (the territory South of 60 deg S),2020-01-16,Standard,46299.67
4174,Marvin Wilson,joshua02@example.net,Kyrgyz Republic,2020-07-02,Basic,18015.76
4175,Christopher Wilson,jason85@example.org,Angola,2022-02-20,Standard,26049.68
4176,Curtis Beck,hollychang@example.net,Timor-Leste,2016-09-19,Standard,68977.13
4177,Jose Morton,turnernancy@example.net,Antigua and Barbuda,2017-07-05,Standard,65988.46
4178,Susan Brown,kenneth47@example.org,United States Virgin Islands,2016-12-15,Premium,47872.72
4179,Jill Summers,ldyer@example.net,Wallis and Futuna,2017-11-19,Basic,29286.77
4180,Denise Moran,joel15@example.org,Mauritania,2015-03-27,Basic,27763.84
4181,Charles Gregory,samuelhill@example.org,Namibia,2015-06-24,Standard,22664.36
4182,Tyler Gordon,monicadiaz@example.com,Poland,2021-01-26,Standard,53373.77
4183,Joseph Fox,rogersmatthew@example.org,Ecuador,2016-05-27,Basic,74064.83
4184,Jose Andrews,megan48@example.com,Iceland,2025-07-24,Basic,26632.37
4185,Robert Smith,william49@example.net,Brazil,2020-03-01,Standard,66300.73
4186,Sarah Mclaughlin,destinyroberts@example.net,French Guiana,2019-05-11,Basic,33430.99
4187,Thomas Johnson,xlarson@example.com,Slovenia,2022-06-18,Standard,25500.65
4188,Michael Ayala,michealcook@example.net,Belarus,2017-04-23,Standard,54317.25
4189,Katie Joseph,seanparsons@example.com,Kiribati,2021-05-17,Standard,53516.09
4190,Jodi Crawford,knelson@example.org,Heard Island and McDonald Islands,2022-05-24,Standard,65552.06
4191,Michael Martinez,shernandez@example.net,Namibia,2020-03-12,Basic,27415.26
4192,Danielle Carlson,smithbryan@example.com,Tunisia,2019-07-31,Standard,57357.25
4193,Jackson Lucero,ashley67@example.com,Uzbekistan,2019-05-29,Standard,23190.7
4194,Stephanie Graham,jameselliott@example.com,Palestinian Territory,2022-04-25,Premium,8371.6
4195,Autumn Rivera,matthewjohnson@example.org,Singapore,2025-09-19,Standard,67874.54
4196,Jeremy Hanson,bennettdavid@example.org,United States Minor Outlying Islands,2015-07-28,Basic,46863.81
4197,Brittany Hernandez,msanders@example.org,Western Sahara,2024-12-24,Standard,25491.82
4198,Jacob Wilson,joshuacrawford@example.net,Svalbard & Jan Mayen Islands,2020-10-20,Standard,28975.71
4199,Gerald Horne,angela45@example.com,Nigeria,2015-04-08,Standard,70754.15
4200,Stacy Cox,hsolis@example.com,Moldova,2022-06-25,Standard,29101.31
4201,Mary Harris,wlyons@example.com,Israel,2022-08-19,Standard,73776.53
4202,Kristina Casey,katherine49@example.org,Antarctica (the territory South of 60 deg S),2019-07-05,Standard,11900.21
4203,Olivia Williams,christopherdavis@example.com,Pitcairn Islands,2016-09-09,Standard,60112.55
4204,Frank Moore,oaguilar@example.com,Moldova,2024-09-25,Standard,35276.34
4205,Angel Hurley,monicabarnett@example.com,Argentina,2020-06-16,Basic,57255.87
4206,Tina Ware,debbie01@example.org,Heard Island and McDonald Islands,2021-11-13,Standard,69993.26
4207,Phillip Gonzalez,davismike@example.org,China,2015-05-25,Standard,47199.4
4208,Jared Williams,ginagross@example.net,Cuba,2015-12-18,Standard,59075.43
4209,Jessica Porter,lopezaaron@example.net,Tuvalu,2024-10-01,Premium,69032.84
4210,Justin West,sherrygamble@example.org,Monaco,2018-07-07,Premium,63981.92
4211,Christine Phillips,wstone@example.com,Sierra Leone,2023-05-04,Basic,26913.05
4212,Jared Adkins,nicole20@example.net,Djibouti,2024-06-05,Standard,16172.64
4213,Michael Lopez,juliasullivan@example.com,Liberia,2018-07-16,Premium,46836.57
4214,Nicholas Gutierrez,melanie47@example.net,Monaco,2020-04-29,Standard,62162.02
4215,Michael Jackson,bgreene@example.com,Dominican Republic,2018-05-27,Standard,13347.55
4216,Richard Murphy,vegaandrea@example.com,Sweden,2025-02-06,Premium,42251.09
4217,Denise Knight,paul71@example.com,Venezuela,2016-04-30,Basic,12453.44
4218,Janet Bishop,john55@example.com,Iraq,2016-10-10,Standard,46467.09
4219,Charles Gilbert,davidcourtney@example.net,Senegal,2022-11-06,Standard,47244.02
4220,Justin Cunningham,ladams@example.com,Iceland,2025-02-18,Basic,51824.79
4221,Zachary Stone,stanleyamanda@example.org,Morocco,2025-08-08,Standard,8723.69
4222,Brianna Ortega,josephcastro@example.org,Colombia,2023-06-23,Premium,33506.57
4223,Courtney Clark,xmann@example.com,Austria,2020-04-20,Premium,66047.33
4224,Miss Amy Robertson,tgillespie@example.net,Greece,2015-03-23,Standard,12991.73
4225,David Hebert DDS,breanna57@example.net,Iran,2019-01-24,Standard,74086.04
4226,Mary Gibbs,margaret78@example.com,Monaco,2017-01-14,Basic,43970.62
4227,Amy Gomez,atkinsondavid@example.com,Northern Mariana Islands,2020-07-07,Standard,1734.29
4228,Marissa Green,shelia43@example.com,United States Virgin Islands,2024-12-06,Basic,42617.03
4229,John Richardson,scottryan@example.org,Turkmenistan,2019-02-24,Standard,6604.54
4230,David Williams,edward86@example.com,El Salvador,2018-05-14,Premium,10337.02
4231,Brett Wood,wrightchristopher@example.net,Bermuda,2016-03-30,Standard,68778.11
4232,Kelsey Lambert,ballardrobert@example.net,Bolivia,2022-07-02,Basic,59374.82
4233,Eugene Phelps,brandon14@example.org,United States Minor Outlying Islands,2018-04-12,Standard,47658.15
4234,Cody Hart,anolan@example.net,Costa Rica,2015-12-07,Basic,71169.94
4235,John Garza,chandavid@example.org,Mexico,2020-07-19,Standard,73771.93
4236,James Mora,doyletravis@example.org,Haiti,2019-09-08,Premium,66855.82
4237,Larry Rice,stephen49@example.com,Guyana,2017-11-01,Basic,27549.89
4238,Alisha Boone,lsmith@example.com,Nicaragua,2020-11-01,Standard,21198.38
4239,Anna Wilson,jason83@example.org,Georgia,2018-07-28,Basic,2002.46
4240,Abigail Webb,david06@example.org,Algeria,2017-09-05,Basic,4137.83
4241,Brittany Preston,danielpierce@example.com,France,2019-11-09,Basic,19917.73
4242,Timothy Morrow,campbellsergio@example.org,Aruba,2023-07-09,Standard,20644.53
4243,Bradley Martinez,john12@example.com,Jamaica,2018-09-25,Standard,49540.94
4244,James Williams,jamesmiller@example.com,Guinea-Bissau,2025-12-20,Standard,10016.08
4245,Alex Farmer,shawn55@example.org,Italy,2021-06-07,Basic,1048.17
4246,Charles Brown,richardsnow@example.net,Azerbaijan,2025-02-21,Premium,28705.17
4247,Nathaniel Rodriguez,smallmichael@example.net,Tanzania,2022-10-18,Standard,29282.69
4248,Melinda Kim,lwilliams@example.org,Ghana,2018-10-06,Standard,52339.99
4249,Billy Jones,christophermills@example.com,Korea,2023-10-17,Standard,38565.67
4250,Linda Patrick,michaelflynn@example.net,Spain,2016-06-26,Standard,53119.22
4251,Michael Hall,joseph49@example.net,Ghana,2021-03-12,Basic,54004.0
4252,Shelby Barnes,croth@example.net,French Polynesia,2015-12-08,Standard,21302.67
4253,Scott Mccarthy,antonionelson@example.com,Pitcairn Islands,2015-12-14,Basic,68928.51
4254,Paul Mueller,jocelyn90@example.org,Saint Helena,2024-08-29,Basic,68522.29
4255,Benjamin Hampton,morriskevin@example.net,Antigua and Barbuda,2024-02-03,Standard,8736.01
4256,Annette Lawson,justinhampton@example.net,Egypt,2017-09-22,Premium,57214.24
4257,Jason Gallagher,stewartjeanne@example.com,Reunion,2016-09-22,Premium,28160.77
4258,John Harrell,laneamber@example.com,British Indian Ocean Territory (Chagos Archipelago),2015-12-24,Standard,17961.66
4259,William Hall,pjohnson@example.org,Bhutan,2015-02-25,Basic,970.98
4260,Alexandra Levy,scott12@example.com,Romania,2025-03-11,Basic,25749.83
4261,Lisa Arnold,michelleknapp@example.net,Svalbard & Jan Mayen Islands,2022-01-08,Standard,11929.22
4262,Julie Cole,oscar17@example.com,Netherlands,2022-01-28,Basic,72690.95
4263,Andrew Munoz,pcrane@example.net,Singapore,2016-03-09,Basic,59013.34
4264,Amanda Miles,jenningsjennifer@example.net,Belize,2016-07-22,Standard,4448.44
4265,Lisa Kelley,jenniferjones@example.net,Croatia,2015-11-29,Standard,56018.29
4266,Jamie Schneider MD,jennifer06@example.com,Romania,2016-01-11,Standard,53939.52
4267,Lori Reilly,maria59@example.org,Venezuela,2017-08-12,Premium,59421.56
4268,Julie Beck,ahancock@example.net,Eritrea,2019-05-04,Standard,53844.19
4269,Sean Harrison,ronald27@example.org,Mozambique,2020-05-03,Standard,39817.68
4270,Caitlin Johnson,tiffanygreer@example.net,Hungary,2020-07-21,Basic,53190.76
4271,Sabrina Brown,bhunt@example.net,British Indian Ocean Territory (Chagos Archipelago),2018-03-25,Standard,14158.35
4272,Larry Crosby,ryansmith@example.net,Bangladesh,2024-08-27,Basic,44487.95
4273,Sarah Smith,valdezbrandon@example.org,Burkina Faso,2015-01-26,Premium,14073.36
4274,Mr. Christopher Johnson DVM,fmarshall@example.com,Slovenia,2017-12-14,Premium,73070.73
4275,Donald Chapman,heidihunter@example.org,Bosnia and Herzegovina,2025-11-28,Premium,40764.38
4276,Jessica Douglas,btorres@example.com,Korea,2023-07-17,Standard,9519.77
4277,Evan Wheeler,kdominguez@example.net,Bouvet Island (Bouvetoya),2018-08-09,Premium,14231.84
4278,Ruth Hernandez MD,maddoxmicheal@example.org,Togo,2019-06-05,Basic,17271.74
4279,Sandra Peck,urobles@example.net,Slovenia,2021-09-29,Standard,44525.04
4280,Carrie Williams,bkelly@example.com,San Marino,2017-06-12,Standard,48134.47
4281,Robert Warren,ilopez@example.org,Micronesia,2023-04-01,Standard,61879.03
4282,Brian Acosta,william47@example.com,New Caledonia,2024-12-26,Standard,771.98
4283,Scott Mendez,diamond43@example.net,Dominica,2023-06-17,Basic,19062.2
4284,Larry Garza,thompsonduane@example.org,Tajikistan,2020-07-16,Standard,4856.06
4285,Curtis Terry,ronald91@example.org,Hong Kong,2021-12-13,Standard,55035.33
4286,Ashley Davis,khayden@example.org,Cote d'Ivoire,2022-07-23,Basic,32399.58
4287,Michael Lewis,sanchezangela@example.net,Cuba,2015-02-19,Basic,53779.2
4288,Martin Moreno,pbrooks@example.com,Tajikistan,2018-07-28,Basic,50668.96
4289,Jay Jackson,carmenhill@example.net,Zimbabwe,2019-01-20,Standard,68745.92
4290,John Martinez Jr.,richardbond@example.net,Congo,2025-10-04,Standard,45511.64
4291,Jacob Hayes,laurentaylor@example.org,Belize,2024-06-01,Premium,19867.19
4292,Joe Reynolds,mcguireashley@example.com,Poland,2024-02-04,Standard,27018.91
4293,Sarah Brooks,stewarttammy@example.net,Panama,2023-07-24,Standard,37602.2
4294,John Kirk Jr.,james24@example.org,Gabon,2023-05-10,Standard,41057.29
4295,Christine Wright,jonesmark@example.com,Antigua and Barbuda,2015-06-24,Standard,44145.38
4296,Brenda Novak,brendannelson@example.org,Saint Martin,2024-11-13,Standard,30877.5
4297,Jamie Miles,shannon56@example.org,Turkmenistan,2024-06-29,Standard,69277.59
4298,Christina Ray,yherrera@example.com,Albania,2024-09-28,Basic,30392.32
4299,Kimberly Nguyen,rarmstrong@example.org,Singapore,2016-08-04,Basic,34050.19
4300,Maria Nelson,brownjennifer@example.org,French Southern Territories,2025-08-25,Basic,29070.92
4301,John Goodman,mgreen@example.com,Fiji,2018-07-21,Premium,10672.54
4302,Brittany Mccall,rodriguezalicia@example.org,Madagascar,2016-09-03,Standard,65301.23
4303,Margaret Perry,lewiseric@example.net,Namibia,2023-11-16,Standard,1292.77
4304,Jerome Ashley,allisonhogan@example.net,Belarus,2016-09-10,Basic,67925.83
4305,Frederick Porter,kevinwood@example.org,Norway,2016-01-24,Standard,13997.24
4306,William Jenkins,patrickturner@example.com,United States of America,2018-01-14,Premium,35553.54
4307,Jason Martin,suzannerivas@example.com,Russian Federation,2019-05-26,Standard,1870.63
4308,James Fletcher,douglaswright@example.com,Albania,2024-07-29,Standard,62275.92
4309,Scott Potter II,jeremy66@example.org,Uruguay,2020-06-15,Standard,17273.51
4310,Lori Peterson,thomas00@example.com,Australia,2019-11-18,Standard,37560.48
4311,Danielle Duncan,williamsbelinda@example.com,Botswana,2025-11-13,Basic,12196.59
4312,George Jones,singhaaron@example.org,Chad,2016-03-10,Standard,26664.36
4313,Brian Morgan,reyesbobby@example.net,Guadeloupe,2020-05-06,Premium,24415.37
4314,Matthew Miller,joseph33@example.net,Congo,2020-10-25,Standard,10825.47
4315,Ian Lara,aprilhooper@example.net,South Georgia and the South Sandwich Islands,2019-09-02,Basic,60320.75
4316,Erin Jordan,andrea79@example.org,Papua New Guinea,2022-01-30,Standard,71775.04
4317,John Jackson,padillagregory@example.com,Nauru,2022-09-02,Standard,47376.81
4318,Bradley Richards,daycurtis@example.com,Cayman Islands,2021-09-19,Standard,45969.1
4319,Susan Nelson,robertsjustin@example.org,Cuba,2023-02-16,Premium,21321.81
4320,Tonya Steele,lvalenzuela@example.org,Mozambique,2016-06-08,Standard,51716.46
4321,Scott Gutierrez,adammartinez@example.org,Swaziland,2015-09-16,Standard,72789.7
4322,Ashley Turner,hernandezchristine@example.net,Oman,2017-10-05,Premium,27908.14
4323,Eric Montgomery,npowell@example.com,Mayotte,2017-08-14,Standard,24633.5
4324,Joshua Ford,wrightpaul@example.net,Greece,2022-02-09,Basic,67715.92
4325,Tiffany Gentry,sue91@example.com,Comoros,2023-10-28,Basic,72946.46
4326,Michelle Castro,staffordcorey@example.org,Maldives,2023-11-26,Standard,25721.61
4327,Chad Garcia,ipoole@example.org,Tuvalu,2016-06-04,Standard,14779.74
4328,Donna Daniels,acostadylan@example.net,Turkey,2021-06-02,Basic,58674.24
4329,Darlene Thompson,fwoods@example.net,Ecuador,2021-08-25,Basic,17362.27
4330,Mrs. Whitney Edwards DVM,erik86@example.com,South Georgia and the South Sandwich Islands,2017-10-17,Standard,61045.81
4331,Jerome Cruz,kendra93@example.net,North Macedonia,2015-03-21,Standard,35364.0
4332,Mary Potter,bbowman@example.net,Indonesia,2019-04-23,Standard,66084.43
4333,Elizabeth Mata,itucker@example.org,Armenia,2015-11-30,Basic,46864.62
4334,George Leon,smithmarissa@example.net,Argentina,2025-02-05,Standard,34836.02
4335,Jacqueline Jones,jlevy@example.com,South Georgia and the South Sandwich Islands,2017-12-25,Basic,71880.89
4336,William Cooper,ryanroberts@example.org,Jordan,2017-03-02,Premium,29370.84
4337,Mary Schmidt,brittneywashington@example.com,Sao Tome and Principe,2016-08-09,Basic,20896.72
4338,Nicole Reeves,holly38@example.net,Bosnia and Herzegovina,2020-04-24,Standard,58387.51
4339,Caroline Reilly,rebeccawong@example.net,Niue,2018-09-02,Standard,47571.97
4340,Roy Dunn,eblack@example.net,Uruguay,2021-04-20,Standard,46643.78
4341,Christopher Walter,rebecca73@example.org,Mali,2018-08-03,Premium,20638.63
4342,Holly Young,swansonerin@example.net,Colombia,2024-11-26,Standard,23734.08
4343,Marilyn Flores,jasmine05@example.org,Suriname,2022-03-30,Standard,61854.2
4344,Scott Rios,amendoza@example.net,Moldova,2021-10-14,Standard,69297.26
4345,Patricia Evans,donna99@example.com,Congo,2023-04-01,Premium,55073.14
4346,Joy Wagner,emartinez@example.org,Mayotte,2020-08-26,Basic,39381.79
4347,Robin Barr,charles48@example.com,Saint Vincent and the Grenadines,2019-09-29,Standard,59355.52
4348,Paul Martin,brandi51@example.org,Svalbard & Jan Mayen Islands,2018-05-06,Basic,63989.4
4349,Chelsea Johnson,cheryl54@example.org,Mozambique,2015-04-14,Standard,11018.46
4350,Matthew Gomez,johnsonrobert@example.com,Guam,2019-09-23,Premium,48388.12
4351,David Valencia,wperez@example.com,Saint Martin,2025-03-15,Premium,35004.23
4352,Terri Rogers,kingtravis@example.com,Turks and Caicos Islands,2019-04-14,Basic,33639.71
4353,Brenda Young,robertpark@example.net,Solomon Islands,2023-07-04,Standard,44639.92
4354,Sheena Rosario,nicolemckenzie@example.org,Cuba,2020-02-11,Standard,70283.5
4355,Kimberly Taylor,alexanderolivia@example.net,Suriname,2020-01-31,Standard,53045.68
4356,Molly Christensen,shirley47@example.net,Pitcairn Islands,2018-08-15,Standard,44089.41
4357,Erica Taylor,jonesevan@example.net,Ghana,2024-09-24,Basic,9512.64
4358,Jenny Todd,nvance@example.org,Benin,2016-08-03,Standard,35913.34
4359,Ryan Harris,hurstwendy@example.net,Iraq,2021-03-03,Standard,54107.47
4360,David Velasquez,kimberly94@example.net,Switzerland,2018-08-19,Premium,32710.91
4361,David Reilly,hicksandrew@example.net,Israel,2024-05-17,Standard,24664.13
4362,Trevor Espinoza,hardindavid@example.net,Cape Verde,2018-08-20,Basic,48360.67
4363,Michael Johnson,westdennis@example.com,Jamaica,2024-11-26,Standard,42747.59
4364,Mark Ruiz,omay@example.org,Colombia,2023-01-02,Standard,54277.56
4365,Diane Obrien,aatkins@example.org,Papua New Guinea,2015-10-06,Premium,5024.87
4366,Alex Lopez,elizabeth43@example.net,Costa Rica,2016-10-31,Premium,7893.43
4367,Carl Williams,carl00@example.com,Tajikistan,2023-06-19,Basic,17817.27
4368,Austin Fuller,gonzalezjimmy@example.com,Grenada,2015-11-29,Standard,26941.81
4369,Jordan Turner,lekathleen@example.org,Poland,2020-07-10,Standard,56376.09
4370,Meghan Carlson,rodney72@example.net,Belize,2019-09-02,Standard,4895.75
4371,Robert Jones MD,despinoza@example.com,Jamaica,2016-09-26,Standard,29850.27
4372,Jeffrey Watson,robinsontimothy@example.net,Belarus,2017-04-28,Standard,6938.16
4373,Daniel Herrera,christinaday@example.org,Armenia,2025-03-22,Standard,8864.87
4374,John Williams,daryl45@example.com,Saint Vincent and the Grenadines,2015-08-20,Basic,17247.86
4375,Tanya Stokes,brewerkristy@example.net,Czech Republic,2015-08-03,Standard,41936.92
4376,Joshua Roach,jimenezterri@example.net,Iraq,2020-05-14,Standard,52372.26
4377,Monica Williams,baileytodd@example.com,Malawi,2017-08-10,Premium,16620.32
4378,Corey Carroll,john62@example.org,Guyana,2016-07-17,Basic,71592.97
4379,Samantha Burke,brandywest@example.net,Mongolia,2023-06-24,Standard,24390.53
4380,Andre Jenkins,melanie70@example.org,Austria,2020-09-20,Standard,29836.71
4381,Tracey Jones,james84@example.org,Azerbaijan,2022-07-05,Basic,37043.99
4382,Hannah Fleming,jennifer35@example.com,Finland,2015-10-06,Basic,31266.67
4383,Sarah Cole,sbryant@example.net,Tunisia,2017-05-05,Premium,44327.73
4384,Valerie Matthews,dawnmerritt@example.org,South Georgia and the South Sandwich Islands,2018-12-02,Standard,36987.01
4385,Tim Yang,rchan@example.net,Algeria,2019-02-16,Basic,43723.35
4386,Alison Avila,troy11@example.org,French Polynesia,2019-06-15,Standard,62220.49
4387,Michael Richardson,amedina@example.com,Bhutan,2025-04-06,Standard,40333.19
4388,Allison Benson,andrea67@example.org,Mali,2017-12-24,Standard,46803.69
4389,Trevor Hernandez,smartinez@example.com,Swaziland,2016-10-16,Standard,38438.25
4390,Kathleen Dominguez,hharrison@example.org,British Indian Ocean Territory (Chagos Archipelago),2017-11-15,Basic,56624.32
4391,Julie Smith,ericford@example.org,Puerto Rico,2017-12-02,Standard,24697.59
4392,Edward Floyd,forddennis@example.com,Palestinian Territory,2020-01-24,Standard,48872.08
4393,Joseph Braun,qsandoval@example.net,Sudan,2022-04-22,Premium,45351.75
4394,Amy Lewis,greensusan@example.net,Bolivia,2017-04-18,Standard,57808.75
4395,Jessica Larson,joseskinner@example.org,Finland,2024-01-09,Standard,3364.09
4396,Douglas Rose,hickmanerin@example.org,Bermuda,2017-04-22,Premium,69997.99
4397,Patricia Roberts,johncervantes@example.com,Portugal,2023-05-19,Standard,42872.97
4398,Jacob Hicks,martinmichael@example.org,Ukraine,2017-05-27,Standard,51808.8
4399,Amy Sanchez,rebeccastevens@example.org,Saint Lucia,2019-01-18,Basic,61385.06
4400,Heather James,yphillips@example.net,Greenland,2017-07-30,Standard,48675.3
4401,Charles Davis,jamiejones@example.com,Eritrea,2017-10-30,Standard,66357.44
4402,Austin Vargas,bowmananthony@example.org,Liechtenstein,2015-02-20,Standard,2029.99
4403,Omar Banks,brianjohnson@example.org,Christmas Island,2018-09-29,Standard,13773.71
4404,Michael Baker,cmueller@example.net,Yemen,2019-05-11,Standard,71022.93
4405,Paul Velasquez,elizabeth56@example.org,British Virgin Islands,2019-05-20,Basic,34476.85
4406,Ashley Jennings,joseph26@example.net,Belize,2020-07-06,Standard,12602.98
4407,Sarah Rivera,samuelschroeder@example.com,Mauritania,2023-12-01,Standard,44856.34
4408,Jennifer Martinez,brian14@example.net,Mozambique,2017-10-14,Basic,64337.59
4409,Mary Ponce,laurenanderson@example.com,Moldova,2015-01-02,Premium,8267.8
4410,David Bailey,steelestacy@example.net,Venezuela,2024-08-11,Basic,46540.94
4411,Sherri Jackson,rogerssara@example.com,Germany,2015-01-01,Premium,20748.79
4412,Jonathan Wade,willisnicole@example.net,Swaziland,2021-05-15,Standard,28761.21
4413,Daniel Green,rhonda52@example.com,Romania,2019-02-16,Basic,7518.14
4414,Katherine Olson,kimberly49@example.com,Estonia,2019-09-30,Standard,14511.21
4415,Danielle Torres,lindsay06@example.org,Hungary,2018-02-20,Basic,28118.37
4416,Shelly Bradshaw,bevans@example.org,Saint Vincent and the Grenadines,2023-08-22,Standard,1923.99
4417,Helen Diaz,tylerwheeler@example.net,Guinea,2016-08-03,Premium,9225.72
4418,Sharon Delgado,gsmith@example.org,British Virgin Islands,2024-12-13,Standard,69776.9
4419,Ryan Johnson,micheleking@example.com,Saint Martin,2016-05-07,Basic,68613.81
4420,Jeffrey Davis,nbrown@example.org,Cambodia,2022-08-24,Basic,55883.47
4421,Natalie Harrison,zelliott@example.org,Guyana,2025-06-14,Basic,66051.72
4422,Stephanie Garcia,hphillips@example.net,India,2015-12-19,Standard,1322.22
4423,Claudia Watson,karagood@example.net,French Southern Territories,2024-12-09,Basic,34279.53
4424,Mark Romero,stacie27@example.net,Montserrat,2018-01-11,Standard,41919.0
4425,Michael Sanchez,hartmanvictor@example.com,Montenegro,2015-09-17,Premium,42351.49
4426,Dennis House,cassandra59@example.com,Tajikistan,2015-09-24,Basic,11708.79
4427,Jonathon Wilson,uhardy@example.org,Lithuania,2015-06-02,Standard,28462.52
4428,Donna Luna,scottrodriguez@example.org,Bulgaria,2019-08-17,Standard,62326.23
4429,Tara Ramirez,martincarol@example.org,India,2025-01-23,Standard,1241.86
4430,Suzanne Alvarez,murraysamantha@example.com,Russian Federation,2023-08-19,Premium,4960.02
4431,Melvin Good,jessica65@example.net,Haiti,2023-01-23,Basic,53315.16
4432,Christopher Gray,kruegertammie@example.com,Albania,2015-04-10,Standard,60195.09
4433,Michelle Ballard,benjaminhampton@example.com,Philippines,2017-02-09,Standard,72248.42
4434,Laurie Jackson,scottvelazquez@example.com,Liechtenstein,2015-01-08,Standard,33737.19
4435,Mr. Daniel Clark,jay37@example.org,Saint Martin,2021-04-25,Basic,3548.2
4436,Michelle Meyer,cathycarrillo@example.net,Colombia,2025-09-04,Basic,32792.0
4437,Tyler Wilson,tayloraaron@example.com,Saudi Arabia,2023-01-09,Basic,59449.29
4438,David Shannon,stephanie86@example.net,Papua New Guinea,2019-01-31,Basic,3785.27
4439,Valerie House,jay71@example.com,United Kingdom,2024-03-15,Premium,27705.46
4440,David Montes,hunter89@example.net,Congo,2022-05-21,Standard,12501.13
4441,Jesse Johnson,brett93@example.org,Lao People's Democratic Republic,2021-01-23,Basic,54533.35
4442,Ronald Perez,cherylzhang@example.com,Wallis and Futuna,2018-11-21,Premium,55205.82
4443,Eric Morgan,gabriellechavez@example.com,New Caledonia,2019-03-05,Standard,43620.83
4444,Stephanie Johnson,robertmoran@example.org,New Caledonia,2018-04-12,Standard,26220.92
4445,Chris Johnson,kmiller@example.org,Mali,2024-12-22,Premium,50531.18
4446,Nicole Ramirez,johnferrell@example.net,Gibraltar,2019-01-15,Standard,40784.58
4447,Patricia Anderson,charlesmurphy@example.net,United States of America,2017-11-03,Basic,6711.81
4448,Loretta Griffith,danny57@example.net,Antarctica (the territory South of 60 deg S),2019-01-09,Basic,25127.1
4449,Craig Fuentes,bauermichelle@example.net,Finland,2021-01-17,Standard,33944.96
4450,Julie Smith,david30@example.org,Kenya,2015-06-25,Basic,12529.64
4451,Kimberly Snyder,zachary75@example.com,Pitcairn Islands,2022-01-04,Standard,68892.83
4452,Tiffany Smith,bailey14@example.com,Aruba,2022-02-04,Premium,25788.33
4453,Ronald Kim,peterhowell@example.net,India,2023-12-16,Basic,12167.24
4454,Christopher Patterson,dan14@example.net,Burkina Faso,2023-11-20,Standard,73298.09
4455,Ricky Ellison,kathy50@example.net,Zimbabwe,2015-12-01,Standard,52067.81
4456,Susan Thomas,qmcdowell@example.net,Congo,2020-08-15,Basic,66084.05
4457,Lisa Harris,daniel67@example.com,Antigua and Barbuda,2021-06-15,Standard,39087.77
4458,Steven Castro,velliott@example.net,Ukraine,2022-06-15,Premium,70104.27
4459,Heather Edwards,christine10@example.com,Oman,2022-09-02,Basic,55543.42
4460,Jessica Davidson,froberts@example.net,Kiribati,2016-04-23,Basic,25283.76
4461,Marissa Cole,jay70@example.org,Cayman Islands,2019-03-10,Standard,62776.04
4462,Daniel Bridges,wyang@example.net,Paraguay,2022-05-14,Standard,29773.3
4463,Yvette House,tina78@example.org,Faroe Islands,2018-12-09,Basic,16625.59
4464,Edward Olson,pauljones@example.net,Taiwan,2016-03-11,Basic,51663.12
4465,James Carpenter,lyoder@example.org,Saudi Arabia,2016-09-29,Standard,48381.69
4466,Wesley Waters,elizabethfry@example.org,Latvia,2017-02-10,Basic,67168.77
4467,Tracey Parsons,thomaspedro@example.com,Colombia,2025-11-14,Basic,67015.47
4468,Brittany Wright MD,stephen89@example.com,Solomon Islands,2016-08-14,Standard,8308.11
4469,Holly Thomas,hunter66@example.org,Albania,2018-06-09,Basic,52196.57
4470,Rachel Dickerson,sabrina83@example.com,Palau,2024-04-03,Standard,30607.46
4471,Melissa Harris,racheladams@example.org,Swaziland,2025-09-02,Standard,47959.08
4472,Gina Lopez,ryan84@example.net,Tuvalu,2015-05-08,Basic,2007.04
4473,Yolanda Wallace,bvelasquez@example.net,Luxembourg,2024-04-13,Standard,15729.78
4474,Jessica Johnson,sheila14@example.org,Egypt,2017-11-04,Basic,5582.38
4475,Amanda Williams,jessica17@example.com,Uganda,2025-08-06,Standard,9141.73
4476,Christina Castro,kellerdana@example.com,Dominican Republic,2022-10-29,Standard,30374.31
4477,Michele Kim,knoxpatricia@example.net,Liechtenstein,2019-03-16,Standard,25901.93
4478,Sandra Stevenson,teresa86@example.com,British Virgin Islands,2021-08-12,Standard,32282.16
4479,Donna Ryan,rparker@example.org,Liechtenstein,2021-08-27,Basic,47732.67
4480,Sonya Burton,daniel98@example.net,Latvia,2015-05-10,Premium,36977.18
4481,Daniel Scott,christophermartin@example.org,Rwanda,2017-11-13,Standard,26524.4
4482,Sean Davenport,davidhart@example.org,American Samoa,2019-04-21,Basic,64622.82
4483,Rodney Lewis,dorothysmith@example.net,Faroe Islands,2019-09-28,Basic,57791.61
4484,Deanna Norman,ychavez@example.com,Barbados,2018-12-08,Standard,46612.32
4485,Ronald Adams,ysantos@example.com,Albania,2015-04-22,Basic,51442.4
4486,Jason Chapman,barbaramcclain@example.com,Poland,2023-07-07,Standard,72216.93
4487,Emily Alexander,yvasquez@example.net,Yemen,2021-02-05,Basic,35746.67
4488,Robert Randolph,yball@example.com,Tokelau,2024-04-25,Premium,18592.87
4489,William Williams,david85@example.net,Burundi,2020-02-06,Basic,69192.74
4490,Emily Gilmore,chadcox@example.com,Montserrat,2021-10-08,Standard,25469.36
4491,Kelly Moreno,dferrell@example.com,French Southern Territories,2018-06-22,Basic,2817.08
4492,Brenda Smith,mcdanielangela@example.net,Armenia,2020-01-23,Standard,52877.0
4493,Lawrence Larson,obowers@example.net,Malta,2015-02-12,Standard,30942.88
4494,Michael Johnson,imcbride@example.com,Israel,2022-07-28,Standard,44608.82
4495,Jessica Silva,francisdelacruz@example.com,Egypt,2019-12-26,Basic,70181.48
4496,Brandon Horton,johnsmith@example.org,Botswana,2018-01-30,Premium,13797.19
4497,Rebecca Romero,moralesjohn@example.net,Gibraltar,2025-05-16,Standard,29266.31
4498,Jonathan Watson,michael96@example.org,Guam,2017-11-03,Standard,54393.74
4499,Corey Franklin,michael83@example.com,Barbados,2020-07-04,Standard,52441.69
4500,Tina Hobbs,debrabryant@example.org,Palestinian Territory,2024-07-28,Standard,34016.51
4501,Gregory Sanders,bsloan@example.org,Palestinian Territory,2018-09-19,Standard,21948.93
4502,Dr. Kimberly Shaffer,jennifer86@example.net,El Salvador,2025-11-11,Standard,51588.85
4503,Matthew Mclean,shirley60@example.net,British Virgin Islands,2020-06-14,Basic,15134.45
4504,Nicole Kaiser,banderson@example.net,Gambia,2023-05-08,Standard,29200.95
4505,Jennifer Rush,phillipmcclure@example.net,Finland,2023-08-31,Basic,67929.39
4506,Joseph Cox,washingtonbrittany@example.org,Jordan,2017-07-04,Standard,22845.18
4507,Dr. Larry Downs,hessadam@example.net,Venezuela,2024-06-25,Standard,51306.73
4508,Kathleen Jones,frazierwendy@example.com,Togo,2024-01-25,Standard,53608.64
4509,Megan Martinez,lopezstephanie@example.com,Cayman Islands,2016-02-20,Basic,68396.23
4510,Carl Parsons,dana90@example.net,Falkland Islands (Malvinas),2025-12-23,Standard,10116.93
4511,Monique Reyes,lisa46@example.net,Cocos (Keeling) Islands,2019-11-30,Basic,42317.11
4512,Brandon Rogers,yrobinson@example.org,Netherlands,2019-10-28,Standard,59626.72
4513,Michael Johnson,keithdennis@example.com,Brunei Darussalam,2022-10-12,Premium,39506.85
4514,Michael Davis,alexis07@example.com,Germany,2019-09-11,Standard,40875.48
4515,Linda Rose,cameron42@example.org,Cambodia,2021-04-01,Standard,21097.94
4516,Kendra Lopez,brandon45@example.org,Senegal,2015-12-24,Basic,5253.66
4517,Lindsay Mclaughlin,shellyrobertson@example.net,Northern Mariana Islands,2019-01-04,Standard,71162.49
4518,Krystal Moody,taylorjoseph@example.com,Vanuatu,2017-09-23,Standard,38156.74
4519,Angelica Solomon,mcdonaldcole@example.net,China,2016-05-10,Basic,65696.09
4520,Gary Norris,katherineburns@example.net,Norway,2017-02-04,Premium,6706.72
4521,Jeffrey Cooper,csanders@example.org,Kenya,2021-02-14,Standard,33596.13
4522,Travis Morgan,angela14@example.com,Wallis and Futuna,2015-10-01,Standard,19909.75
4523,Terry Sullivan,morganfrances@example.net,Cuba,2021-07-12,Basic,49305.64
4524,Laura Berg,harold02@example.org,Guatemala,2017-08-09,Standard,42085.08
4525,Martin Clark,maria33@example.net,Australia,2023-05-17,Standard,22700.65
4526,John Bond,william47@example.com,Comoros,2015-09-03,Basic,1086.72
4527,Stephen Cunningham,carriemunoz@example.org,Cyprus,2020-11-18,Standard,1159.37
4528,Brian Burke,valeriereed@example.org,Montenegro,2015-02-06,Standard,44021.57
4529,Heidi Murray,rushlaurie@example.org,Somalia,2018-08-01,Standard,60906.77
4530,Jennifer Nunez,arthurhowe@example.com,Togo,2023-12-26,Basic,64578.78
4531,Megan George,smithjoshua@example.com,Comoros,2020-05-13,Standard,49886.72
4532,Shawn Long,john29@example.com,Namibia,2019-05-08,Standard,7653.76
4533,Charles Vaughn,welchsteven@example.org,Chad,2024-08-18,Standard,47120.48
4534,Tina Sanders,luismurray@example.org,Tanzania,2016-06-04,Basic,11171.9
4535,Stephanie Mora,elizabeth10@example.net,United States Virgin Islands,2023-07-13,Basic,11118.85
4536,Joshua Watson,smithbrianna@example.org,Papua New Guinea,2015-10-25,Premium,38625.5
4537,Mark Taylor,ebrewer@example.com,Turks and Caicos Islands,2023-06-13,Standard,18718.32
4538,James Arnold,mendozaangela@example.com,Kyrgyz Republic,2025-07-07,Standard,47015.36
4539,Daisy Hill,olittle@example.org,Rwanda,2015-09-02,Standard,19869.52
4540,James Wong,hfoley@example.com,Wallis and Futuna,2018-08-05,Basic,3457.44
4541,Ana Phillips,vnavarro@example.org,Lao People's Democratic Republic,2022-07-14,Basic,2317.98
4542,Damon Dudley,rothxavier@example.org,Solomon Islands,2020-01-17,Basic,28182.75
4543,Wendy Foster,khoward@example.com,United States Minor Outlying Islands,2023-05-25,Standard,65053.42
4544,Erin Jenkins,floyddanielle@example.org,Romania,2025-08-24,Basic,36082.59
4545,Patrick Hernandez,hdoyle@example.com,Northern Mariana Islands,2022-03-31,Basic,66683.62
4546,Adam Moore,markoconnor@example.com,Guinea,2017-09-15,Basic,47742.0
4547,Kevin Richardson,shawnanderson@example.com,Indonesia,2023-09-02,Standard,21750.17
4548,Don Mitchell,dparker@example.org,Niger,2019-09-06,Premium,45086.68
4549,Amber Jones,lmoore@example.net,Cambodia,2024-12-31,Premium,6591.99
4550,Manuel Gonzalez,larrywerner@example.org,New Caledonia,2015-06-13,Basic,58025.63
4551,Lawrence Wood,moranemily@example.com,Montenegro,2020-03-17,Standard,29646.73
4552,Casey Green,rtrujillo@example.net,Papua New Guinea,2018-10-30,Standard,74004.25
4553,Erin Morrison,nryan@example.net,Palestinian Territory,2018-09-01,Standard,40263.0
4554,Jonathan Ellis,williamstiffany@example.net,Cape Verde,2020-04-08,Basic,64189.57
4555,James Hooper,slawson@example.net,Cyprus,2024-10-08,Standard,29110.52
4556,Michael Smith,jason68@example.org,Turkey,2021-04-13,Basic,44319.69
4557,Heather Daniel,matthew25@example.net,Japan,2022-05-31,Basic,45489.06
4558,John Lopez,jcunningham@example.org,Sri Lanka,2018-10-12,Basic,10510.73
4559,Brenda West,tonychen@example.com,Saint Barthelemy,2018-11-03,Premium,36853.25
4560,Jennifer Fernandez,thomasbrown@example.net,Faroe Islands,2015-09-15,Standard,46323.41
4561,Corey Powers,jonking@example.com,Israel,2018-01-16,Standard,20298.82
4562,Angel Garcia,carol61@example.net,Australia,2017-07-22,Basic,44683.93
4563,Dr. Jennifer Shaw,vtodd@example.net,Qatar,2025-03-04,Standard,67959.36
4564,Kaitlin Whitney,josephking@example.com,Tuvalu,2025-11-26,Standard,14547.18
4565,David Mcconnell,christopher69@example.net,Gibraltar,2020-10-21,Standard,61973.71
4566,Brandon Contreras,brandon88@example.org,Qatar,2021-09-14,Standard,21069.53
4567,Sheila Stephens,martinezbeth@example.org,Ethiopia,2023-08-14,Standard,49518.56
4568,Kevin Ballard,troysnyder@example.org,Norfolk Island,2023-12-30,Standard,59070.28
4569,Kristen Smith,ernestmarsh@example.org,Hungary,2022-09-15,Basic,22302.39
4570,Jonathan Richardson,smitheric@example.net,Bolivia,2021-03-14,Standard,53518.42
4571,Daniel Hebert,lisafoster@example.net,Cuba,2021-07-10,Standard,59902.79
4572,Doris Smith,christopherwashington@example.org,Ecuador,2023-02-08,Standard,9011.5
4573,Kurt Simmons,austinrodriguez@example.net,Guernsey,2017-04-22,Basic,47985.0
4574,Stephanie Fry,alvaradostephen@example.net,Ghana,2018-10-13,Standard,47599.96
4575,Kenneth Norris,lyonshannah@example.net,Mozambique,2020-07-28,Standard,48648.93
4576,Nicole Miller,vbennett@example.org,Swaziland,2023-01-16,Standard,29524.36
4577,Teresa Horn,jonathanrobinson@example.net,United States of America,2021-01-10,Standard,42722.16
4578,Ashley Gentry,justin74@example.com,Niger,2015-10-23,Standard,19290.75
4579,John Sims,esmith@example.org,Martinique,2024-02-13,Standard,72496.9
4580,Susan Anthony,williamsjohn@example.net,Saint Helena,2015-09-30,Standard,29632.8
4581,Shannon Gardner,justinreeves@example.net,Brazil,2025-05-28,Standard,70075.62
4582,Daniel Wilson,johnsonmichelle@example.net,Croatia,2021-03-05,Standard,70122.64
4583,Michael Payne,feliciawebster@example.org,Rwanda,2021-05-13,Standard,20962.6
4584,Christopher Hernandez,hensonchristopher@example.org,Bolivia,2019-10-18,Standard,20111.17
4585,Justin Swanson,allisonwhitehead@example.org,Chad,2016-03-18,Standard,36844.58
4586,Kathleen Johnson,moraleswilliam@example.org,Spain,2016-05-04,Standard,29169.63
4587,Thomas Norton,mdoyle@example.org,Christmas Island,2023-07-11,Premium,9438.02
4588,Gary Hunter,karen67@example.org,Slovakia (Slovak Republic),2024-07-02,Basic,4324.04
4589,Christopher Mendez,christopher53@example.net,Togo,2021-01-01,Premium,8282.76
4590,Tony Smith,chrisboyd@example.org,Bahamas,2025-05-19,Standard,58844.33
4591,Alyssa Morris,aaron48@example.com,Central African Republic,2015-06-13,Basic,31888.97
4592,Jennifer Burns,halltyler@example.com,Jordan,2015-02-10,Basic,42600.91
4593,Johnathan Gross,wendysantos@example.com,Faroe Islands,2023-01-26,Premium,73268.51
4594,Sandra Morgan,marcrobbins@example.org,Belize,2017-08-02,Standard,32377.75
4595,Mr. Christopher Davidson DVM,sarahtaylor@example.org,Mongolia,2023-06-07,Standard,45373.68
4596,Ryan Payne,davidward@example.org,Sao Tome and Principe,2024-06-05,Standard,41558.03
4597,Ronald Scott,ywoodard@example.net,Antarctica (the territory South of 60 deg S),2021-07-20,Standard,1965.82
4598,Luke Williams,whiteblake@example.com,Bahrain,2024-01-14,Standard,16685.45
4599,John Reeves,melissa71@example.net,Benin,2021-01-27,Basic,28899.58
4600,Michael Nelson,sheila79@example.com,United States Minor Outlying Islands,2016-01-09,Standard,71596.88
4601,Jennifer Lee,martinstephanie@example.com,Switzerland,2025-12-03,Standard,46156.39
4602,Oscar Munoz,cynthia81@example.org,Mauritius,2016-01-27,Standard,36597.72
4603,Ms. Laura Sloan,sheastacy@example.com,Swaziland,2017-09-18,Standard,30628.56
4604,Melissa Porter,amarshall@example.org,Myanmar,2016-12-11,Standard,12631.78
4605,Beverly Cunningham,davisbenjamin@example.org,Somalia,2015-01-13,Basic,21140.43
4606,Jay Rivera,dberg@example.org,Bulgaria,2021-07-02,Standard,23309.94
4607,Mary Peters,jane53@example.com,Korea,2020-01-02,Basic,63756.82
4608,Carla Stevens,marcuslopez@example.org,Bahamas,2015-12-02,Standard,7752.4
4609,Heather Chapman,amandawarren@example.net,Lebanon,2016-09-07,Standard,33448.95
4610,Heather Shaw,tiffanybernard@example.net,New Caledonia,2021-11-24,Basic,28989.55
4611,Cheryl Fuller,jackie02@example.net,United Arab Emirates,2023-07-31,Basic,1971.24
4612,Steven Salazar,mwade@example.net,New Caledonia,2020-07-06,Standard,66165.02
4613,Elizabeth Cruz,joseph73@example.net,Moldova,2018-11-03,Standard,65667.22
4614,Nathan Long,david39@example.org,Micronesia,2021-11-26,Standard,37552.65
4615,Jennifer Gibson,kristinamoore@example.org,Grenada,2017-04-21,Standard,33303.66
4616,Sharon Rivas,patty62@example.org,Timor-Leste,2021-09-27,Standard,52833.36
4617,Jeff Sanchez,wilsonhayley@example.org,Bermuda,2016-11-20,Basic,51325.06
4618,Michael Scott,gregory63@example.com,Chile,2018-07-11,Basic,15733.04
4619,Kelsey Barnes,jamesstevens@example.com,Falkland Islands (Malvinas),2023-01-07,Standard,20742.1
4620,Jack Moran,james42@example.org,Belarus,2021-09-25,Standard,17509.44
4621,Gerald Preston,kelly95@example.com,Norway,2022-09-12,Basic,72058.97
4622,Preston Miller,hayden46@example.org,Madagascar,2022-10-28,Basic,18494.45
4623,Jacob Martin,martinezrenee@example.com,Sao Tome and Principe,2015-03-31,Premium,53551.96
4624,Leroy Barrera DDS,gregory98@example.com,China,2019-04-10,Standard,26052.52
4625,Nicholas Morris,pbrooks@example.net,Sudan,2019-12-30,Premium,32862.82
4626,David Smith,hstewart@example.com,Heard Island and McDonald Islands,2017-11-10,Basic,6937.2
4627,Miss Rebecca Robinson,timothy92@example.net,Ukraine,2025-03-22,Standard,20366.84
4628,Gerald Owens,jordansingh@example.org,Anguilla,2016-11-21,Basic,36020.17
4629,Anna King,rebecca37@example.net,Northern Mariana Islands,2020-10-19,Standard,44015.72
4630,Veronica Case,jamie01@example.com,Norfolk Island,2024-06-26,Standard,60808.13
4631,Jeffery Doyle,bwilson@example.com,Sudan,2015-07-16,Premium,28762.95
4632,Lori Allen,mgentry@example.org,Turkmenistan,2025-04-09,Basic,6975.44
4633,Rebecca Flynn,sharper@example.net,Argentina,2021-03-14,Standard,46254.88
4634,Adam Jones,samuel59@example.org,Bosnia and Herzegovina,2025-06-14,Premium,6174.34
4635,Christopher Smith,christopherwilliams@example.com,Senegal,2016-08-03,Standard,11389.94
4636,Thomas Castillo,gmccormick@example.org,Northern Mariana Islands,2025-04-09,Basic,21068.88
4637,Timothy Brown,qoneal@example.net,Reunion,2016-11-13,Standard,30857.46
4638,Elizabeth Watson,wmontgomery@example.com,Niger,2016-01-13,Standard,17578.22
4639,Mallory Hanna,frank01@example.com,Belize,2023-10-13,Standard,43052.53
4640,Derrick Scott,mayjeffrey@example.com,Chile,2025-07-23,Basic,71549.46
4641,Ryan Lowery,higginsmichael@example.com,Chile,2020-04-10,Basic,21796.16
4642,Tammy Morris,stephen57@example.net,Jordan,2017-08-25,Basic,67145.42
4643,Paul Burns,brittanyjohnson@example.com,Luxembourg,2021-10-04,Premium,72110.32
4644,John Hoover,peterhamilton@example.com,Georgia,2016-02-20,Basic,5286.81
4645,Ariana Wood,catherineblair@example.net,Bosnia and Herzegovina,2020-12-27,Standard,58789.98
4646,Raymond Roth,ashleyhester@example.com,Sri Lanka,2023-07-14,Premium,34824.65
4647,Alexander Anderson,katrina69@example.net,Hungary,2020-12-25,Standard,13624.57
4648,Adrian Williamson,michaelrhodes@example.com,Andorra,2015-02-05,Basic,18612.08
4649,Erin Miller,christopherdavis@example.com,Bulgaria,2018-01-20,Standard,13091.64
4650,Matthew James,robin80@example.org,Timor-Leste,2020-08-28,Standard,1798.67
4651,Kevin Brown,toni93@example.com,Iraq,2016-11-15,Basic,29686.97
4652,George Owen,thomaschavez@example.net,Western Sahara,2016-06-25,Premium,11904.23
4653,Amanda West,xmorse@example.com,Kuwait,2019-02-13,Standard,45770.44
4654,Katelyn Heath,jessica25@example.org,Chile,2017-10-03,Standard,21125.96
4655,Gary Meyers,robert90@example.org,Palestinian Territory,2023-01-01,Standard,53338.14
4656,Frederick Jackson Jr.,ochapman@example.org,Nigeria,2023-06-18,Standard,48100.17
4657,Michael Abbott,kmurphy@example.org,Solomon Islands,2016-07-10,Premium,73718.51
4658,Kathleen Gregory,thomaslori@example.net,Maldives,2023-12-17,Premium,34692.76
4659,Andrew Smith,katherine59@example.net,Belize,2021-03-04,Standard,56630.83
4660,Diane Perry,terry53@example.net,Mayotte,2020-11-20,Standard,30441.41
4661,Michael Harris,pbrooks@example.com,Central African Republic,2020-10-29,Standard,48639.66
4662,Jennifer Collins,badkins@example.com,Bahamas,2023-01-21,Standard,45512.41
4663,Brenda Sanders,jamesmcclure@example.org,Bangladesh,2017-10-26,Basic,30538.6
4664,Kathleen Crawford,lthomas@example.net,Hong Kong,2020-08-22,Standard,30723.95
4665,Yesenia Orozco,donnaholt@example.org,France,2015-05-30,Basic,9686.43
4666,Troy Jones,brocklinda@example.org,Ecuador,2019-02-14,Standard,45084.92
4667,Ronald Lara,bruceochoa@example.com,Finland,2025-02-20,Basic,8886.33
4668,Matthew Wright,lbrown@example.net,Andorra,2019-03-11,Standard,28351.83
4669,Tamara Miller,ilozano@example.org,Saint Martin,2023-06-01,Premium,36669.81
4670,Terry Johnson,sarahwashington@example.net,Venezuela,2022-02-28,Premium,32806.43
4671,Todd Logan,aallen@example.com,Serbia,2021-08-15,Basic,33883.05
4672,Jamie Kelly,mark03@example.com,United Arab Emirates,2022-04-12,Basic,56254.59
4673,Ashley Rivera,james11@example.org,Burundi,2016-08-05,Basic,29877.97
4674,Dan Edwards,jimmywilliams@example.net,Saint Martin,2019-12-04,Premium,17223.59
4675,Cheryl Wright,harriserika@example.org,Georgia,2022-12-29,Standard,30093.13
4676,Kelly Rogers,marshalldouglas@example.com,Andorra,2020-03-12,Standard,66208.16
4677,Robert Henderson,talexander@example.org,Ghana,2017-10-02,Premium,71981.47
4678,Barbara Summers,lisa76@example.org,Botswana,2025-05-07,Basic,67303.66
4679,Sue Fisher,anna34@example.net,Burkina Faso,2018-12-06,Premium,28209.16
4680,Shawn Snow,lwright@example.net,Finland,2022-04-30,Standard,29145.12
4681,Keith Bryan,michaelestrada@example.org,Denmark,2018-04-19,Basic,6089.73
4682,Patricia Ward,shawntate@example.org,Holy See (Vatican City State),2020-05-08,Standard,38563.97
4683,Kimberly Schmidt,vargaspamela@example.net,Namibia,2024-07-02,Premium,73606.47
4684,Elizabeth Morrison,cruzjessica@example.net,Myanmar,2017-03-03,Standard,26598.06
4685,Michael Silva,mary64@example.com,Jersey,2015-02-15,Standard,38127.14
4686,Frank Allen,johnsoncharles@example.com,Chile,2022-12-22,Basic,11158.94
4687,Christopher Liu,xsimpson@example.com,Equatorial Guinea,2020-09-17,Standard,4726.55
4688,Adam Jones MD,wgeorge@example.org,British Virgin Islands,2015-04-09,Standard,39201.55
4689,Elizabeth Hayes,goodmanchristina@example.org,Jamaica,2021-11-15,Standard,25219.56
4690,Peter Benton DVM,rebeccawolfe@example.org,South Georgia and the South Sandwich Islands,2018-03-13,Standard,46727.51
4691,Mary Murray,pooletyler@example.com,Reunion,2021-07-26,Standard,60141.49
4692,Amanda Wright,qdavis@example.com,American Samoa,2020-06-19,Premium,33020.24
4693,Laurie Anderson,cruzjoseph@example.com,Gibraltar,2022-06-22,Standard,38669.38
4694,Katherine Roberts,jenniferdawson@example.net,Tunisia,2021-05-08,Basic,54717.67
4695,Calvin Hoffman,gburns@example.com,Uruguay,2016-09-20,Standard,74898.68
4696,Henry Williams,gmeyer@example.org,Guatemala,2022-05-29,Basic,28499.89
4697,John Schwartz,mary61@example.com,Israel,2022-02-14,Basic,54925.88
4698,Lauren Turner,knightrobert@example.net,Dominican Republic,2025-04-05,Standard,10880.29
4699,Jason Smith,lee61@example.org,Cyprus,2018-02-03,Standard,46361.36
4700,Geoffrey Joyce,davidescobar@example.org,Malawi,2018-05-25,Standard,3381.4
4701,James Powell,christopherthomas@example.net,Japan,2019-09-10,Premium,10187.42
4702,Joanne Stevenson,angela69@example.com,Micronesia,2024-04-05,Standard,31464.78
4703,John Molina,fstevenson@example.net,Jamaica,2021-05-16,Basic,32161.63
4704,Amy Martin,greenjamie@example.net,Turkey,2015-01-03,Standard,68726.33
4705,Catherine Gill,hendersondean@example.org,Wallis and Futuna,2015-06-03,Basic,12463.51
4706,John Sullivan,rodriguezpeter@example.org,Sao Tome and Principe,2015-09-28,Standard,36329.18
4707,Laura Shaw,rsanchez@example.net,Andorra,2016-11-09,Standard,68656.27
4708,Heidi Reed,ysmith@example.org,China,2015-11-24,Basic,37137.8
4709,Jason Bailey,vharris@example.com,Liechtenstein,2018-11-04,Standard,60923.81
4710,James Simon,katiemeyer@example.org,Afghanistan,2024-07-16,Standard,73464.5
4711,Sheryl Massey,robinsonjulie@example.com,Costa Rica,2021-06-21,Standard,71750.15
4712,Paul Parker,jennatorres@example.net,Hong Kong,2024-02-18,Standard,66715.48
4713,Riley Anderson,kristincombs@example.org,Brazil,2018-08-30,Basic,47456.46
4714,Melissa Hernandez,maryfernandez@example.net,Tajikistan,2024-05-14,Standard,50164.45
4715,Roger Padilla,william62@example.net,Bangladesh,2018-02-16,Basic,39123.61
4716,Christina Banks,mckinneyclifford@example.org,Macao,2017-10-01,Basic,58427.63
4717,Julie Pope,pachecojason@example.com,Jamaica,2020-06-02,Standard,1911.33
4718,Darryl Curtis,timothy81@example.net,Egypt,2018-05-16,Standard,70510.52
4719,Trevor Nguyen,matthew33@example.net,Liechtenstein,2019-07-16,Standard,54389.69
4720,Michelle Contreras,vanessa03@example.com,Guyana,2023-12-28,Premium,44479.04
4721,Mark Gonzalez,kellereric@example.com,Saint Vincent and the Grenadines,2016-08-29,Basic,8210.64
4722,Ryan West,robert19@example.net,Guam,2017-06-15,Standard,63375.49
4723,Robert Bowers,brianpowell@example.com,Moldova,2025-02-24,Basic,18843.17
4724,Richard Martinez,srivera@example.net,French Guiana,2021-01-29,Standard,7620.14
4725,Lindsey Mason,laurengreene@example.net,Dominica,2019-06-26,Standard,31095.22
4726,Stephanie Blankenship,murphyjoshua@example.com,Kenya,2015-11-29,Standard,25008.18
4727,Derrick Davis MD,russellmichael@example.com,Taiwan,2025-08-21,Standard,46823.6
4728,Jordan Carney,jacquelineballard@example.com,Botswana,2018-07-09,Basic,5207.46
4729,Mary Douglas,prestonsusan@example.net,Gambia,2019-07-21,Basic,4503.5
4730,Deborah Osborne,emilygarner@example.com,Saint Vincent and the Grenadines,2020-04-22,Basic,11764.93
4731,Judith Bass,eboyer@example.net,Turkmenistan,2019-02-26,Basic,25200.49
4732,Joshua Richard,colleen00@example.net,Ukraine,2024-11-09,Premium,17867.25
4733,Ann Richardson,jennifer78@example.org,Cambodia,2019-06-12,Basic,69605.7
4734,Kristy Curtis,susan93@example.com,Sri Lanka,2024-07-11,Standard,30547.5
4735,Bruce Deleon,mooresteve@example.com,Hungary,2024-01-09,Standard,18431.88
4736,Reginald Powers,hjohnson@example.com,Martinique,2018-09-01,Standard,12149.6
4737,Timothy Taylor,anthonyhodge@example.org,Vanuatu,2016-02-17,Standard,64026.59
4738,Cindy Case,hardingeric@example.net,Niger,2015-02-04,Premium,59765.52
4739,Samuel Patterson,scottblackburn@example.org,Oman,2025-01-20,Standard,32283.56
4740,Edward Wright,valeriebennett@example.com,Liberia,2024-01-23,Premium,72762.0
4741,Martin Riley,baileydonna@example.com,Liechtenstein,2015-07-30,Standard,11603.6
4742,Sara Bradford,cburns@example.com,Eritrea,2016-06-30,Premium,13523.59
4743,Jerry Burke,longjessica@example.org,Nauru,2022-08-12,Standard,63307.59
4744,Wendy Nelson,pshannon@example.net,Lithuania,2019-01-03,Standard,62050.11
4745,Daisy Guerrero,zachary86@example.net,British Virgin Islands,2016-11-07,Standard,6792.13
4746,Christopher Lewis,taylorbrittany@example.org,Jamaica,2015-06-09,Basic,24928.09
4747,Jennifer Stewart,dwaters@example.net,Antigua and Barbuda,2015-06-11,Basic,6405.35
4748,Kelli Torres,chanpaul@example.com,New Caledonia,2017-02-26,Standard,61651.88
4749,Patricia Smith,jonesbethany@example.org,Tuvalu,2024-03-29,Basic,67304.95
4750,Joanne Stone,jonathan73@example.net,Georgia,2021-08-27,Basic,8288.5
4751,Diane Richard,lorifields@example.org,Micronesia,2015-10-21,Standard,62804.52
4752,Ashley Rodriguez,stacey67@example.org,Malta,2015-09-24,Basic,21512.25
4753,Brian Haley,kelly84@example.net,Somalia,2016-10-06,Standard,63966.56
4754,Heather Jones,levybrandi@example.org,Congo,2016-01-29,Standard,52570.72
4755,Lindsay Heath,lanegabriel@example.net,Finland,2018-03-08,Standard,16978.45
4756,Christopher Cunningham,chandlerjeremy@example.org,Egypt,2022-06-16,Premium,63948.69
4757,Michelle Shelton,bprice@example.org,Norfolk Island,2020-01-28,Standard,35581.36
4758,Christopher Luna,paula13@example.com,Andorra,2018-04-17,Standard,38288.47
4759,Kristy Meyers,ipierce@example.com,France,2019-09-09,Standard,61144.19
4760,Michael Lee,dixonrick@example.org,Portugal,2024-07-01,Basic,17825.6
4761,Mary Schultz,lthornton@example.com,Sao Tome and Principe,2017-09-12,Standard,24664.07
4762,Jordan Rich,tmartinez@example.net,Belgium,2015-05-31,Standard,52816.79
4763,Autumn Walker,jonesterry@example.com,Azerbaijan,2016-04-27,Premium,44179.31
4764,Ronald Sullivan,lsnyder@example.org,Romania,2016-05-31,Premium,74867.37
4765,Robin Hansen,kathrynbaxter@example.org,Uruguay,2023-08-22,Premium,5739.8
4766,Wayne Ritter,linda40@example.com,Macao,2017-09-06,Standard,24166.29
4767,Susan Allen,clarkalexander@example.com,Liechtenstein,2016-05-17,Basic,32791.28
4768,Ashley Wiggins,josephharper@example.net,Vanuatu,2022-07-14,Basic,50203.13
4769,Franklin Christensen,zbrown@example.com,Morocco,2025-07-06,Standard,44178.39
4770,Karen Green,cody45@example.org,Korea,2022-05-11,Basic,67195.33
4771,Christopher Ramos,teresa48@example.net,Cameroon,2017-02-23,Premium,11950.69
4772,Mrs. Michelle Pena,mannlisa@example.com,Yemen,2024-06-07,Standard,3906.19
4773,Timothy Fuentes,jill73@example.org,Mayotte,2017-02-03,Basic,19100.6
4774,Angela Stevens,jill70@example.net,Heard Island and McDonald Islands,2025-11-02,Basic,34896.92
4775,Jason Glenn,walleramy@example.net,Saint Pierre and Miquelon,2018-08-18,Standard,53258.34
4776,Barry Aguilar,ryan02@example.com,Ghana,2023-05-11,Standard,61229.64
4777,Jessica Wright,julie56@example.org,Portugal,2018-07-13,Basic,31820.54
4778,Daniel Fernandez,johnhanson@example.com,Burundi,2024-09-25,Basic,56425.68
4779,Frank Brown,stewartnicole@example.com,Saint Helena,2023-10-14,Standard,806.04
4780,Joseph Cisneros,richardnichols@example.org,Swaziland,2016-01-17,Standard,18982.38
4781,Regina Ali,stevengray@example.net,Malta,2016-08-29,Standard,74130.57
4782,Jean Martin,dcarpenter@example.net,El Salvador,2020-10-01,Premium,10740.49
4783,Dr. Christopher Mcclain,cynthiajohnson@example.net,Moldova,2025-03-05,Standard,71790.43
4784,Wyatt Harrison,sgoodwin@example.org,Isle of Man,2015-06-07,Standard,13743.34
4785,Laura Parrish,hoganeric@example.net,Montserrat,2022-12-23,Basic,47457.46
4786,Ann Bauer,sarahmiles@example.org,Malawi,2018-10-13,Standard,46212.05
4787,April Crosby,plopez@example.net,Mozambique,2024-03-30,Premium,36339.18
4788,Nicholas Pruitt,joshua54@example.org,Tajikistan,2016-08-28,Basic,15328.06
4789,Carly Ryan,christophercannon@example.org,Tuvalu,2023-04-05,Standard,49485.26
4790,James Johnson,williamjordan@example.org,Greece,2019-05-20,Basic,20690.09
4791,Shelby Smith,wriley@example.net,Zambia,2021-11-13,Basic,74523.92
4792,Jeremy Simmons,fpena@example.org,Cameroon,2023-08-19,Basic,14950.41
4793,Rebecca Brown,ithompson@example.com,United States of America,2020-02-07,Basic,60070.89
4794,Jasmin Horne,kennethhughes@example.net,Pitcairn Islands,2018-04-03,Basic,44425.39
4795,Shelley Medina,andrewjackson@example.com,Mayotte,2015-07-02,Standard,56744.07
4796,Joseph Moody,randall36@example.org,Belarus,2021-08-10,Standard,1589.14
4797,David Christian,paul17@example.org,Samoa,2020-04-27,Standard,59439.91
4798,Steven Palmer,youngjared@example.com,Georgia,2020-03-13,Basic,31439.07
4799,Kaylee Patrick,fcampbell@example.net,Bermuda,2017-08-03,Basic,45754.84
4800,Zachary King,michelefrazier@example.org,Western Sahara,2017-07-01,Basic,62651.46
4801,Micheal Norris,xjenkins@example.com,Jersey,2022-04-24,Standard,22696.12
4802,Paul Thomas,michael54@example.org,French Guiana,2022-06-30,Basic,61301.04
4803,Kim Rivera,khernandez@example.com,Belarus,2017-12-22,Basic,19247.11
4804,Ashley Smith,alison10@example.com,Saint Martin,2017-06-27,Premium,17384.26
4805,Mrs. Amanda Keller,whitepedro@example.org,French Polynesia,2019-06-15,Basic,33831.43
4806,Alan Garcia,cheyenne53@example.net,Switzerland,2015-11-08,Premium,3820.34
4807,Ashley Carson,ivance@example.com,Fiji,2024-02-18,Basic,20704.19
4808,Alexander Price,sgardner@example.com,Latvia,2015-03-08,Basic,70508.79
4809,Connie Carey,jordanbrian@example.org,United States Minor Outlying Islands,2023-11-29,Standard,71456.64
4810,Brittany Lewis,michaelnewton@example.org,Kuwait,2023-08-16,Basic,59152.54
4811,Barry Buckley,navila@example.net,Holy See (Vatican City State),2021-07-04,Standard,4076.88
4812,David Hopkins,danielle06@example.com,Kenya,2018-03-23,Standard,49681.32
4813,Joshua Young,dianeparsons@example.com,Serbia,2025-05-19,Basic,64178.73
4814,Jesse Hodges,jonathan12@example.net,Uruguay,2018-09-07,Basic,42166.41
4815,Kristen Martin,erichoover@example.org,Madagascar,2015-02-28,Standard,49293.66
4816,Stephanie Jones,brandonwillis@example.net,Guinea,2022-04-03,Standard,6205.85
4817,Ryan Salas,wilsonlisa@example.com,New Caledonia,2016-02-12,Standard,36119.87
4818,Geoffrey Williams,katherine73@example.net,Burkina Faso,2017-11-23,Premium,56268.42
4819,Thomas Brown,john32@example.com,Aruba,2017-11-19,Standard,22100.67
4820,Caroline King,ycervantes@example.org,Monaco,2017-04-15,Standard,67970.1
4821,Tyler Phillips,timothylong@example.com,Cote d'Ivoire,2023-07-31,Basic,27266.86
4822,Leslie Moore,jo03@example.org,Anguilla,2021-01-30,Basic,23384.56
4823,Margaret Nicholson,angela32@example.net,Pakistan,2015-11-09,Standard,48016.94
4824,Francisco Smith,molinajoseph@example.net,Malawi,2024-07-26,Basic,65523.28
4825,Mary Cook,huffdavid@example.org,United States Minor Outlying Islands,2015-09-28,Basic,71530.52
4826,John Garcia,webbkeith@example.com,Montserrat,2025-08-04,Basic,59633.38
4827,Laura Holt,qmartinez@example.net,Algeria,2023-07-31,Standard,13628.04
4828,Michael Kelly,rose86@example.com,Peru,2023-08-04,Standard,9327.57
4829,Nicole Mendoza,carol66@example.org,Kenya,2020-09-23,Basic,40210.74
4830,James Blair,melissa74@example.org,Cameroon,2018-02-13,Premium,50182.88
4831,Brian Smith,nblack@example.net,Northern Mariana Islands,2016-01-12,Basic,26880.36
4832,Ryan Anderson,adam39@example.org,Singapore,2017-02-14,Standard,29244.08
4833,James Taylor,timothy75@example.org,Portugal,2015-03-16,Standard,18958.12
4834,Jennifer Roberts,robinsonjoy@example.com,Congo,2025-11-14,Basic,46620.56
4835,Joseph Stevens,joseholland@example.org,Egypt,2015-09-17,Basic,6710.21
4836,John Tanner,chelseasuarez@example.net,Denmark,2020-11-08,Standard,25822.06
4837,Connie Clark,john52@example.net,Qatar,2020-05-14,Basic,40226.99
4838,Jennifer Boyd,jacob98@example.com,Turkmenistan,2018-12-10,Basic,56859.25
4839,Michael Johnson,kinglisa@example.com,Syrian Arab Republic,2023-11-21,Premium,64049.59
4840,Jordan Murphy,pharris@example.com,Togo,2020-09-29,Basic,7991.81
4841,Donald Chapman,johnstonrobert@example.net,Bangladesh,2016-11-17,Basic,30333.84
4842,Holly Conner,bailey73@example.net,Hungary,2023-09-04,Standard,47902.32
4843,Timothy Alvarado,andrew73@example.com,Mauritius,2025-12-12,Standard,52377.26
4844,Monica Davis,stonejulie@example.com,Sudan,2022-05-15,Basic,17199.65
4845,Michael Burch,ruben43@example.org,Lebanon,2021-04-02,Basic,58612.22
4846,Susan Trujillo,zstanley@example.org,Philippines,2022-03-16,Basic,29198.85
4847,Tiffany Johnston,hugheswilliam@example.org,Djibouti,2015-05-30,Standard,67522.8
4848,Eric Jones,bakermichele@example.com,Moldova,2018-12-26,Standard,528.2
4849,Jennifer Fitzpatrick,everettpaul@example.com,Puerto Rico,2019-03-06,Premium,49927.37
4850,Ronnie Tran,marymatthews@example.org,Chad,2024-05-23,Standard,31311.14
4851,Norma Hanson,rhonda24@example.net,Zimbabwe,2020-03-13,Premium,23808.97
4852,Amy Suarez,littlekelly@example.net,Qatar,2021-09-01,Premium,63265.92
4853,Zachary Osborne,james30@example.net,South Africa,2021-08-25,Standard,57517.86
4854,Jesus Butler,morenomiguel@example.com,Lithuania,2021-03-09,Premium,37202.32
4855,Roberto Graham,jonathan14@example.net,Gambia,2022-01-03,Basic,25717.57
4856,Anthony Navarro,muellermike@example.org,Canada,2022-02-26,Basic,59014.43
4857,Scott Martinez,xedwards@example.org,Kenya,2024-03-21,Standard,23576.35
4858,Lisa Moore,kwarren@example.org,Saint Martin,2016-03-12,Standard,3160.67
4859,Mary Rivera,eric34@example.com,Namibia,2025-10-23,Premium,22690.33
4860,Laura Yang,paulabrooks@example.net,Uruguay,2024-02-24,Basic,52269.03
4861,Melissa Burnett,uwelch@example.com,Kiribati,2018-10-24,Standard,11689.5
4862,Holly Valenzuela,shuff@example.net,Saint Lucia,2025-12-08,Basic,73602.94
4863,Michael Browning,francomarcus@example.net,Samoa,2018-06-17,Standard,5864.6
4864,Heather Klein,flynnheather@example.com,Kuwait,2015-04-18,Basic,30663.6
4865,Fred Espinoza,tatedaniel@example.com,Vanuatu,2022-12-25,Basic,24749.6
4866,Alejandro Brown,michaelfinley@example.org,Aruba,2020-11-20,Premium,10522.5
4867,Curtis Garcia,dbradford@example.com,Cameroon,2019-01-24,Standard,63904.85
4868,Dr. Jeffrey Ewing,tjohnston@example.net,Portugal,2023-08-12,Premium,73104.27
4869,Jeffrey Lewis,albert42@example.net,Kuwait,2017-01-18,Standard,66658.53
4870,Nathan Rangel,jason81@example.com,United States of America,2015-11-19,Standard,43771.56
4871,Julia Taylor,melaniegonzales@example.org,Saint Pierre and Miquelon,2024-06-08,Standard,20919.49
4872,David Jones,autumnflores@example.com,Italy,2025-03-28,Basic,56674.34
4873,John Rogers,mckenziepatrick@example.com,Uganda,2021-02-26,Basic,60915.39
4874,Veronica Williams,ryansmith@example.net,United States of America,2021-02-14,Basic,65304.96
4875,Michael Warner,alvaradojack@example.org,Dominica,2018-05-03,Standard,41539.41
4876,Michael Pitts,iperez@example.org,Somalia,2025-06-09,Premium,30422.82
4877,Amy Cervantes,breyes@example.com,Gibraltar,2019-09-18,Premium,68933.16
4878,Aaron Young,joshuaburton@example.net,Brazil,2023-04-24,Premium,25161.67
4879,Jennifer Cunningham,matthewhaynes@example.net,Samoa,2025-08-23,Premium,5388.88
4880,Benjamin Pierce,diazpamela@example.org,Maldives,2024-12-30,Basic,549.71
4881,Gary Walker,walkerkimberly@example.com,Togo,2019-01-19,Standard,35324.43
4882,Taylor Valdez,vphillips@example.com,Burkina Faso,2016-10-12,Standard,8240.1
4883,Ethan Johnson,haneymichael@example.com,Luxembourg,2023-11-27,Standard,42198.99
4884,Victor Moore,barry68@example.com,Tuvalu,2017-01-28,Standard,25221.2
4885,Donna Martinez,matthewnunez@example.net,Taiwan,2024-09-19,Standard,42783.89
4886,Melissa Lawrence,sarahstewart@example.com,Nepal,2020-04-10,Premium,60965.55
4887,James Edwards,johnsondeborah@example.com,Papua New Guinea,2016-11-24,Standard,53185.07
4888,Jacob Olson,xneal@example.org,Tonga,2022-08-27,Basic,61707.63
4889,Karen Meyer,jeffery27@example.org,Ethiopia,2015-01-22,Standard,74226.1
4890,Danielle Parrish,caldwellclaudia@example.com,Jamaica,2021-06-20,Standard,65661.69
4891,Ashley Hurley,zhines@example.com,Pitcairn Islands,2017-02-07,Basic,58275.61
4892,Francisco Mays,pcarrillo@example.org,Sudan,2019-10-27,Standard,18033.9
4893,Ryan Gibbs,rwilliams@example.net,Bhutan,2017-02-27,Standard,50099.45
4894,Mrs. Debra Vazquez,brandiramos@example.net,Moldova,2016-07-11,Basic,22129.8
4895,Amanda Larsen,john48@example.net,Serbia,2025-03-19,Standard,44410.07
4896,Maria Cardenas,pachecopatricia@example.net,Bouvet Island (Bouvetoya),2021-11-29,Standard,20384.68
4897,Dr. David Luna,morrisamber@example.net,New Caledonia,2019-09-18,Basic,9567.5
4898,Erin Pena,paynejoseph@example.org,Cuba,2015-01-06,Standard,45492.88
4899,Ryan Morgan,tranjoyce@example.net,Saint Helena,2017-02-22,Basic,30564.49
4900,Gina Pollard,matthewmay@example.net,Swaziland,2021-06-19,Basic,51924.67
4901,Rita Garza,walterssuzanne@example.org,Bangladesh,2016-05-06,Standard,48151.34
4902,Michael Carroll,ijohnson@example.net,Belarus,2022-12-22,Basic,18846.31
4903,Tyler Roberts,bestes@example.com,Cambodia,2023-05-10,Premium,74861.34
4904,Brittany Jennings,ashlee36@example.org,Austria,2019-06-05,Premium,5646.89
4905,Robert Howell,brenda59@example.org,Tanzania,2025-10-04,Premium,16555.64
4906,Aaron Lane,sanchezchristian@example.com,Samoa,2017-05-10,Premium,460.62
4907,Jason Mcdaniel,hbaldwin@example.com,India,2015-02-26,Basic,62290.31
4908,Samuel Ellison,clarkjustin@example.net,Nigeria,2020-01-06,Standard,25766.43
4909,Anthony Young,groberts@example.com,Faroe Islands,2023-10-23,Premium,54392.49
4910,Joseph Thomas,james22@example.org,Angola,2025-12-16,Premium,27814.57
4911,Charles Nelson,gcruz@example.org,Isle of Man,2022-08-18,Standard,49549.14
4912,Daniel Delacruz,lisa57@example.com,Gibraltar,2024-08-14,Standard,49818.2
4913,Barbara Reese,melissa39@example.org,Georgia,2018-12-17,Standard,15706.91
4914,Amanda Robinson,cynthia42@example.net,Northern Mariana Islands,2025-08-13,Standard,50022.81
4915,Joseph Cunningham,lawrencealexis@example.net,Hungary,2025-08-23,Standard,36871.02
4916,Louis Thompson,dpatrick@example.com,Portugal,2015-01-13,Standard,3907.77
4917,David Ryan,draketheodore@example.org,United Kingdom,2023-10-06,Standard,12105.73
4918,Joseph Austin,tammy78@example.net,Slovakia (Slovak Republic),2020-02-23,Basic,4704.53
4919,Candace Hayden,patriciasmith@example.com,Luxembourg,2016-03-28,Standard,15487.03
4920,William Fisher,michael02@example.net,Hungary,2018-02-18,Basic,10767.17
4921,Laura Adams,kimberlyestrada@example.com,Bhutan,2020-04-22,Standard,57736.75
4922,Sara Campbell MD,johnsonjay@example.org,Saint Pierre and Miquelon,2021-07-30,Basic,39837.03
4923,Samantha Reynolds,kburch@example.net,Australia,2017-07-07,Standard,22913.88
4924,Jennifer Tucker,thomas20@example.net,Vanuatu,2018-02-02,Standard,51710.21
4925,Matthew Brown,arnoldwilliam@example.org,Saint Vincent and the Grenadines,2018-01-09,Basic,72272.24
4926,Justin Long,daysergio@example.net,Lebanon,2025-02-23,Standard,16737.28
4927,Nicole Newman,michelleburgess@example.com,Cambodia,2022-03-27,Premium,58630.33
4928,Daniel Perez,dennisanderson@example.com,Lesotho,2025-08-21,Standard,16610.75
4929,Christopher Bryant,sean50@example.org,Botswana,2016-08-15,Standard,48231.17
4930,Kelly Wiley,christopherwalls@example.com,Malta,2020-11-08,Premium,54162.89
4931,Zachary Perez,olopez@example.net,Sweden,2024-08-31,Standard,7637.89
4932,Ralph Burns,gregory04@example.com,Greenland,2023-05-16,Standard,60009.73
4933,Lori Wilkerson,miguelshaw@example.net,Georgia,2025-09-25,Standard,4956.84
4934,John Gilmore,feliciathompson@example.com,Dominican Republic,2018-03-04,Basic,18281.63
4935,Mark Hernandez,lance16@example.net,Papua New Guinea,2025-09-27,Standard,18510.99
4936,Kara Clements,creese@example.net,Korea,2021-11-18,Standard,41807.88
4937,Rebecca Meyer,alewis@example.net,Uruguay,2025-05-03,Standard,69351.19
4938,Danny Andrews,kimberly59@example.org,Romania,2020-12-04,Standard,37403.49
4939,Ashley Castro,othompson@example.com,Norfolk Island,2018-09-02,Premium,71906.96
4940,Malik Murray,bfreeman@example.org,Iran,2019-09-16,Basic,57784.07
4941,Kathy Casey,wware@example.com,Seychelles,2017-03-03,Standard,359.17
4942,Terri Humphrey,thudson@example.com,Micronesia,2023-01-31,Standard,55013.27
4943,Brittany Grimes,andrewpierce@example.net,British Virgin Islands,2024-01-09,Basic,19024.79
4944,Alvin Newton,williamrussell@example.com,Nepal,2019-07-05,Standard,15160.14
4945,Clarence Miller,vmorris@example.org,El Salvador,2021-05-04,Standard,72058.89
4946,Pamela Juarez,ogriffin@example.net,Slovenia,2020-04-16,Standard,7432.72
4947,Regina Beck,smithjoseph@example.com,Malaysia,2018-08-23,Standard,66796.72
4948,Stephanie Nelson,timothynunez@example.net,French Polynesia,2020-04-14,Premium,25377.06
4949,Michelle Lawrence,thenderson@example.net,Brunei Darussalam,2020-07-12,Basic,40053.33
4950,Rose Gonzalez,dodsonmichael@example.com,British Virgin Islands,2015-03-09,Standard,71823.26
4951,Brittney Rivera,denisehancock@example.com,Costa Rica,2025-01-17,Standard,7963.63
4952,Cynthia Hall,rford@example.com,Pitcairn Islands,2015-06-29,Premium,30952.46
4953,Mr. David Bowen,paulwhitaker@example.com,Martinique,2023-04-14,Standard,31073.9
4954,Erica Clark,smithjeanne@example.net,Kazakhstan,2025-12-11,Premium,51151.82
4955,Dawn Ruiz,rjones@example.net,Cocos (Keeling) Islands,2017-06-23,Standard,53952.71
4956,Amanda Kramer,bentleyvickie@example.net,Argentina,2016-02-01,Basic,16580.67
4957,Mr. James Clay,fmunoz@example.net,Faroe Islands,2021-08-03,Premium,1124.41
4958,Riley Hurst,stevenskaren@example.org,French Guiana,2022-03-18,Standard,74350.84
4959,Isabella Henderson,kimberlymoss@example.org,Cape Verde,2017-05-06,Standard,33875.31
4960,Craig Conrad,jennifer55@example.net,Kiribati,2021-11-10,Premium,69286.65
4961,Stacy Burns,jessica78@example.org,San Marino,2023-11-15,Premium,60454.83
4962,Jonathan Mills,deniseevans@example.com,Tajikistan,2025-07-10,Standard,56044.73
4963,Travis Perry,whitenicholas@example.com,New Zealand,2022-09-23,Basic,3551.75
4964,Rachel Harris,psantiago@example.org,Sierra Leone,2023-06-30,Standard,12736.07
4965,Casey Hayden,scook@example.com,Equatorial Guinea,2024-06-11,Standard,725.16
4966,Sean Johnson,bryce95@example.com,Tuvalu,2023-12-04,Standard,74421.21
4967,Claudia Smith DDS,peterdawson@example.org,Somalia,2015-12-30,Standard,24973.12
4968,Heather Jones MD,vdixon@example.net,Tanzania,2021-06-15,Standard,17392.36
4969,Shelby Combs,davisjoyce@example.com,Serbia,2018-11-30,Standard,32176.15
4970,Nicole Russo,qgoodman@example.net,Egypt,2021-03-28,Basic,56561.22
4971,Holly Moore,kathylarson@example.net,San Marino,2016-02-04,Standard,2260.73
4972,Jessica Harrison,cookkenneth@example.net,Myanmar,2022-06-26,Basic,42984.89
4973,Amanda Davis,heathermora@example.com,New Caledonia,2016-10-04,Standard,13112.1
4974,Tara Nguyen,terrieverett@example.org,Australia,2017-01-04,Standard,3629.01
4975,Laura Robinson,lewisdavid@example.net,Montserrat,2016-06-27,Standard,15878.05
4976,Robert Fisher,calebhamilton@example.net,Tanzania,2020-01-16,Standard,4830.32
4977,Angela Porter,steelejudy@example.org,Malta,2016-04-27,Standard,10305.0
4978,Michael Lucas,bowenmichael@example.com,Sao Tome and Principe,2019-02-10,Basic,54373.63
4979,Jeffrey Huerta,matthew92@example.org,Cyprus,2018-05-12,Standard,66042.44
4980,Heidi Anderson,angela06@example.org,Albania,2022-09-18,Basic,32528.73
4981,Brittany Hernandez,charlenewalker@example.org,Guinea-Bissau,2020-04-24,Premium,67611.45
4982,Kimberly Gonzales,ugarcia@example.org,Guernsey,2015-05-24,Standard,13060.29
4983,Linda Ortiz,aharding@example.net,Papua New Guinea,2025-01-05,Standard,51411.86
4984,Omar Adams,erica50@example.com,Poland,2016-10-07,Standard,6590.84
4985,Joseph Garcia,leblancdavid@example.net,Yemen,2016-03-20,Standard,11742.04
4986,Michael Fox,michaeltimothy@example.com,Saint Vincent and the Grenadines,2016-11-11,Standard,52551.64
4987,Timothy Bell,burgessmatthew@example.org,Pakistan,2021-03-23,Standard,39139.57
4988,Joseph Rodriguez,ftucker@example.com,El Salvador,2025-02-07,Basic,39932.22
4989,Mr. Daniel Schmidt DDS,ybennett@example.net,French Polynesia,2025-04-14,Basic,67448.39
4990,Gary Boyle,kevinwallace@example.com,Samoa,2020-01-30,Standard,24921.18
4991,Valerie Gonzalez,jray@example.org,South Africa,2020-12-22,Standard,74792.02
4992,Melissa Gillespie,waynejensen@example.org,Guatemala,2020-01-14,Standard,16365.17
4993,Daniel Roberts,usanchez@example.org,Gibraltar,2023-11-30,Standard,45918.42
4994,Ashley Roberts,rebekah04@example.com,Bulgaria,2021-10-19,Standard,23850.83
4995,Allison Mendoza,emartin@example.com,Guinea,2023-08-28,Standard,55072.73
4996,Katelyn Young,kgray@example.net,Sao Tome and Principe,2018-04-25,Basic,14921.16
4997,Emily Wilson,gonzaleskenneth@example.net,Djibouti,2025-05-26,Standard,40274.72
4998,Jacob Mendez,alexandria48@example.net,Nepal,2023-12-07,Premium,43709.84
4999,Hannah Pena,shawn31@example.net,New Zealand,2017-07-30,Standard,67587.11
5000,Tina Baker,bbrown@example.org,Tanzania,2024-08-11,Basic,40132.33
5001,Catherine Mendoza,rwoods@example.org,Kazakhstan,2025-03-13,Premium,36079.3
5002,Angela Walker,zachary75@example.com,United Kingdom,2024-02-28,Standard,53505.56
5003,Rachel Lowery,reillykatelyn@example.net,Latvia,2021-01-16,Premium,38967.09
5004,Johnathan Harrell,davidlopez@example.net,Armenia,2017-09-12,Basic,59970.98
5005,Alyssa Brown,floresmichael@example.org,Kazakhstan,2021-10-21,Basic,38254.09
5006,Frank Diaz,morrisashley@example.net,Czech Republic,2021-01-16,Standard,5794.43
5007,Timothy Roberts,michelestevenson@example.com,Bosnia and Herzegovina,2021-01-10,Standard,25598.62
5008,Mrs. Cynthia Pace,hamptonkathryn@example.com,Dominica,2021-02-26,Premium,19770.23
5009,Shawn Lee,cheyenne75@example.net,Paraguay,2019-10-18,Premium,13578.68
5010,Laura Bright,williamcross@example.org,Nepal,2016-07-26,Standard,62883.13
5011,Aaron Henry,ugallagher@example.net,Latvia,2022-02-19,Basic,16732.96
5012,Shannon Thomas,djoyce@example.com,Egypt,2019-12-17,Premium,11299.71
5013,Timothy Bryant,mikaylabruce@example.com,Anguilla,2021-02-17,Premium,54138.76
5014,Mary Forbes,sarah00@example.net,Norway,2020-03-02,Premium,57070.43
5015,Zachary Stanley,mpadilla@example.com,Cayman Islands,2024-07-02,Standard,20904.27
5016,Stephanie Daniel,parksandre@example.com,New Zealand,2015-02-17,Standard,2724.68
5017,Christopher Herring,ckelly@example.net,Cayman Islands,2022-09-30,Basic,58203.99
5018,James Smith,emily56@example.com,British Indian Ocean Territory (Chagos Archipelago),2015-05-05,Premium,60767.41
5019,Jeremy Harris,zmartin@example.net,Germany,2023-04-29,Premium,12578.06
5020,Michelle Garza,glambert@example.net,Macao,2015-12-05,Basic,44041.58
5021,Johnny Joseph,hannahdrake@example.com,Congo,2024-01-12,Standard,36188.3
5022,Gina Sims,samuelrobinson@example.net,Yemen,2021-01-16,Premium,58827.81
5023,Randy Yang,baileylauren@example.org,Ireland,2022-01-27,Standard,4529.26
5024,Joan Brown,amandastewart@example.net,Ecuador,2023-01-24,Basic,45464.09
5025,Rachael Clayton,timothyblackburn@example.com,Czech Republic,2019-04-02,Premium,26661.93
5026,Shawn Hawkins,danielgood@example.net,Montserrat,2020-08-26,Standard,59653.05
5027,Bradley Kennedy,ballen@example.net,Congo,2017-12-04,Standard,56501.57
5028,Sandra Rice,arthurhansen@example.net,Uruguay,2016-08-28,Standard,41046.7
5029,Vanessa Coleman,hendersonfernando@example.net,Indonesia,2020-05-06,Standard,43334.78
5030,Melvin Williams,xwells@example.com,Mongolia,2023-08-12,Standard,39286.11
5031,Richard Moss,kelly05@example.net,Saudi Arabia,2023-07-24,Premium,13385.44
5032,Stacy Olson,michaelsmith@example.org,Christmas Island,2015-06-23,Standard,46718.71
5033,Roger Goodman,johnsonamber@example.com,Sri Lanka,2020-09-08,Standard,35298.36
5034,Jermaine Clark,wgordon@example.com,Slovenia,2021-09-20,Standard,2212.29
5035,Chase Fox,keithwilson@example.com,Belize,2024-12-07,Premium,49737.27
5036,Richard Moss,bethany16@example.com,American Samoa,2018-10-30,Standard,26065.07
5037,Barbara Miranda,millercynthia@example.net,Hong Kong,2018-01-31,Premium,54361.47
5038,Ann Wong,bushscott@example.net,Guinea-Bissau,2021-04-25,Standard,30537.46
5039,Andrew Calderon,andrea08@example.net,Burundi,2023-12-12,Premium,31119.69
5040,John Sullivan,mcintoshpatrick@example.net,Somalia,2018-08-10,Standard,17281.4
5041,David Kim,jocelyn80@example.net,Czech Republic,2018-06-24,Standard,3912.59
5042,Jennifer Hart,icarter@example.org,Gabon,2019-03-18,Basic,58939.21
5043,Ray Hendricks,washingtonalexandria@example.org,Dominica,2015-06-11,Basic,41552.61
5044,Richard Mejia,jorgelucas@example.net,Norfolk Island,2017-05-01,Standard,4214.5
5045,Jennifer Park,townsendjessica@example.com,Guinea-Bissau,2021-11-20,Standard,45257.16
5046,Terry Mckinney,nelsonteresa@example.net,Mexico,2023-10-27,Standard,46452.31
5047,Kimberly Doyle,uchen@example.org,Gabon,2023-09-25,Basic,57984.39
5048,Kenneth Rodriguez,lwilliams@example.net,Western Sahara,2025-05-15,Standard,70410.13
5049,Benjamin Summers,claytara@example.net,United States Minor Outlying Islands,2015-09-06,Standard,9651.06
5050,Courtney Smith,noah12@example.net,Bhutan,2016-05-16,Standard,3762.25
5051,Brian King,sara62@example.com,Kazakhstan,2020-12-05,Basic,19147.93
5052,Christopher Bailey,crodriguez@example.com,Nauru,2020-12-07,Premium,41795.56
5053,Jennifer Townsend,kristinraymond@example.net,Guinea,2023-03-23,Basic,19805.18
5054,Rebecca Fowler,tracy50@example.net,Bahamas,2016-12-27,Standard,64306.7
5055,Maria Jensen,owilson@example.net,Cyprus,2024-11-15,Standard,35654.72
5056,George Crawford,rjohnson@example.org,Hong Kong,2019-03-29,Basic,38795.84
5057,Samantha Baker,seth65@example.org,Thailand,2022-04-07,Basic,14279.38
5058,Ralph Wood,wgreen@example.net,Palestinian Territory,2016-09-26,Premium,20268.01
5059,Mackenzie Greene,srodgers@example.net,Heard Island and McDonald Islands,2019-06-27,Standard,10827.2
5060,Matthew Combs,conleysarah@example.com,Moldova,2016-11-30,Standard,22312.55
5061,Kurt Washington,mtaylor@example.org,Sudan,2022-06-24,Standard,48477.66
5062,Cheryl Wright,vgalvan@example.org,Georgia,2016-10-11,Basic,30721.18
5063,Ruth Santiago,bushtodd@example.net,Philippines,2023-06-26,Premium,65988.6
5064,Jeffrey Kirk,adam26@example.net,British Virgin Islands,2023-02-18,Basic,27777.17
5065,Corey Moore,matthew18@example.org,Cambodia,2016-03-02,Basic,32458.96
5066,Jessica Hernandez,clarkjonathan@example.org,Tokelau,2015-12-03,Standard,58427.54
5067,Haley Kirby,joshua25@example.org,Tonga,2019-05-18,Standard,3298.22
5068,Mr. James Weaver,dixonjoshua@example.net,Uzbekistan,2019-05-16,Standard,73670.08
5069,Adam Moore,hernandezjacob@example.com,Antigua and Barbuda,2019-03-11,Standard,70974.09
5070,Cathy Montgomery,gmoreno@example.net,Slovenia,2015-06-23,Basic,65003.94
5071,Jason Moore,johnjohns@example.org,Kiribati,2023-02-01,Standard,59202.26
5072,Nathan Gonzales,vmacias@example.net,South Africa,2022-08-30,Standard,25659.82
5073,Becky Walters,kathryn87@example.net,Romania,2024-09-14,Standard,14577.49
5074,Edward Parks,joseph93@example.org,Cook Islands,2015-12-13,Basic,1988.99
5075,Gregory Dyer,vanessacalderon@example.com,Ireland,2023-11-19,Standard,23252.78
5076,Michelle Munoz,browningmark@example.com,Pakistan,2021-06-16,Standard,21972.41
5077,Jeffrey Mason,anthonyjones@example.org,United Arab Emirates,2025-04-11,Basic,39894.03
5078,Paula Sawyer,acole@example.com,Ecuador,2023-03-13,Basic,57959.76
5079,Thomas Spencer,jaimegarcia@example.com,South Africa,2022-10-27,Premium,18297.89
5080,Teresa Chandler,garciarichard@example.net,Svalbard & Jan Mayen Islands,2018-02-02,Standard,13589.48
5081,David Taylor,meltonmonica@example.org,Macao,2020-03-22,Standard,72942.59
5082,Melissa Rocha,stephanie11@example.com,Falkland Islands (Malvinas),2022-07-22,Standard,52365.0
5083,Mary Allen,gstephens@example.com,Libyan Arab Jamahiriya,2022-09-14,Standard,3056.19
5084,Robert Dalton,smithnicholas@example.com,American Samoa,2018-04-08,Standard,74486.17
5085,Sarah Young,sgomez@example.com,Argentina,2017-05-05,Standard,68757.32
5086,Jennifer Zhang,lisacollins@example.com,Micronesia,2017-03-06,Basic,61839.33
5087,Bonnie Fitzpatrick,daniel82@example.com,Norway,2018-07-14,Basic,19514.35
5088,Ricky Sanchez,mosesdavid@example.org,Marshall Islands,2023-03-03,Basic,9382.99
5089,Billy Delacruz,bleblanc@example.com,Burkina Faso,2016-02-23,Standard,10820.85
5090,Stacey Brown,lday@example.com,Marshall Islands,2020-02-06,Premium,53420.09
5091,Timothy Williams,robertdavis@example.com,Moldova,2023-10-31,Standard,54163.57
5092,Megan Martin,bobby37@example.org,Austria,2025-12-10,Premium,3862.69
5093,Valerie Miller,karen90@example.org,Niger,2022-01-28,Standard,44600.5
5094,Steven Moore,petersonkrystal@example.net,India,2016-07-05,Standard,37070.43
5095,Robert Olson,traciwalls@example.com,France,2017-07-13,Standard,24395.76
5096,Erin Delgado,bryanjackson@example.org,Martinique,2015-05-23,Premium,30646.86
5097,Gary Thompson,geraldandrews@example.net,Philippines,2025-04-18,Basic,71726.74
5098,Randy Scott,phillipsemily@example.net,Egypt,2020-07-27,Basic,57161.18
5099,Tiffany Orozco,xtownsend@example.com,Dominica,2019-05-14,Basic,24726.22
5100,Katie Morales,michael47@example.net,Austria,2024-08-16,Premium,72065.31
5101,Robert Guerra,jilladams@example.com,Cuba,2024-09-09,Standard,41553.1
5102,William Houston,timothybell@example.net,Pakistan,2025-03-22,Standard,876.55
5103,Alan Decker,amy87@example.com,Argentina,2024-02-03,Standard,61571.08
5104,Patrick Adkins,williamsonbrian@example.org,Brazil,2023-09-25,Premium,8229.25
5105,Charles Mccoy,leonkatie@example.net,Romania,2024-05-23,Standard,41343.1
5106,Diane Clark,drakenicholas@example.com,Mozambique,2017-09-28,Standard,69343.4
5107,Albert Williams,richard19@example.net,Cook Islands,2022-02-21,Standard,25205.43
5108,Tamara Murphy MD,ljackson@example.com,Austria,2018-03-07,Basic,19975.56
5109,Christine Fritz,david66@example.org,Djibouti,2025-10-08,Basic,44806.39
5110,Brandon Williams,jamessmith@example.com,Belize,2015-01-13,Basic,31309.44
5111,Barbara Bauer,leslie40@example.com,Serbia,2019-05-24,Basic,51089.03
5112,Maxwell Armstrong,spencercarly@example.net,Algeria,2016-07-02,Standard,59458.17
5113,Ronald Cervantes,zwise@example.org,Northern Mariana Islands,2021-10-08,Basic,5949.83
5114,Robert Cuevas,carly17@example.com,Dominican Republic,2020-11-24,Premium,9457.23
5115,Dennis Allen,hernandezjacob@example.net,Slovenia,2016-03-21,Standard,43233.36
5116,Karen Davis,vperry@example.com,Angola,2019-06-15,Standard,17131.85
5117,Kevin Rasmussen,nicole77@example.com,Belgium,2015-04-19,Standard,25885.53
5118,Lauren Richardson,jimenezjames@example.org,Rwanda,2019-07-27,Standard,56799.96
5119,Michael Conrad PhD,rbenson@example.com,Central African Republic,2016-10-07,Standard,61167.24
5120,Bryan Rose,moralesjessica@example.org,Bolivia,2020-09-02,Basic,45590.98
5121,Brian Glenn,davisjonathan@example.net,Estonia,2018-01-31,Premium,18200.64
5122,Edward Shaffer,virginia46@example.com,Cuba,2016-01-13,Standard,31515.61
5123,Michael Harris,leblanctheodore@example.net,Estonia,2023-05-14,Standard,2977.09
5124,Steven Smith,umorales@example.com,United Kingdom,2020-10-29,Basic,22222.64
5125,Mary Daniels,ayang@example.org,Equatorial Guinea,2015-06-25,Standard,70564.91
5126,Bryan Hooper,fitzpatrickrichard@example.org,Kyrgyz Republic,2023-09-22,Basic,47378.23
5127,Brian Santos,wilsonemily@example.com,Croatia,2025-06-29,Basic,18014.24
5128,Shannon Ortega,gibsonanthony@example.org,Ghana,2023-11-13,Standard,32794.0
5129,James Friedman,bgreen@example.org,Montenegro,2016-01-29,Basic,39070.61
5130,Raymond Santos,kelly26@example.net,Azerbaijan,2023-10-02,Premium,9876.79
5131,Shelley Tran,melissajones@example.com,Trinidad and Tobago,2025-08-02,Basic,70428.68
5132,Devon Barker,susan11@example.com,Turkey,2020-10-31,Standard,74271.81
5133,Mrs. Dorothy Foster MD,renee82@example.org,Denmark,2019-06-18,Basic,27258.83
5134,Amy Coleman,david11@example.com,Uruguay,2024-10-08,Basic,6856.39
5135,Jennifer Walker,corey59@example.org,Dominica,2022-09-06,Basic,29124.74
5136,Michael Myers,calvinmolina@example.com,Jamaica,2023-05-11,Standard,24198.27
5137,Cole Schaefer,pottskaren@example.com,Mozambique,2023-08-11,Standard,71470.81
5138,Alexandra Johnson,debbie41@example.org,Portugal,2018-12-28,Standard,67337.65
5139,Karen Kidd,velazquezdarlene@example.com,Norway,2021-03-03,Premium,32377.06
5140,Stephen Allen,shermanalexander@example.com,Mayotte,2020-06-11,Standard,43010.1
5141,Melinda Fowler,rray@example.net,Gibraltar,2023-07-23,Standard,36523.94
5142,James Rodriguez,traceyhill@example.net,Peru,2021-12-19,Standard,67705.74
5143,Scott Ramirez,tracy73@example.org,Ethiopia,2017-12-16,Standard,39455.79
5144,Jacqueline Pena,wwright@example.net,Lesotho,2016-04-19,Standard,72243.9
5145,Maurice Shaw,eric53@example.org,Papua New Guinea,2015-01-21,Standard,67252.95
5146,Michaela Robles,brandon09@example.org,Lebanon,2023-10-01,Basic,73889.73
5147,Thomas Wilson,christine89@example.net,Kiribati,2020-05-07,Standard,22558.41
5148,Albert Oliver,annettemurphy@example.net,Wallis and Futuna,2023-04-06,Basic,68476.14
5149,Kyle Webb,wayneschmidt@example.com,Saint Lucia,2015-07-08,Basic,10453.02
5150,James Williams,joyceobrien@example.net,Uganda,2021-11-22,Standard,48473.88
5151,Billy Case,davismichael@example.com,Argentina,2022-06-25,Basic,4241.68
5152,Michelle Nielsen,fthompson@example.net,Oman,2015-03-15,Standard,51910.31
5153,Lisa Dixon,longlauren@example.org,Serbia,2019-02-17,Standard,3799.97
5154,Tyler Underwood,vzuniga@example.net,Burundi,2015-09-23,Basic,43668.06
5155,Brittany Mckenzie,jasonsosa@example.org,Greenland,2017-01-14,Basic,21610.89
5156,Jonathan Reed,aprilcooper@example.com,British Virgin Islands,2020-01-30,Basic,53670.29
5157,Michael Lyons,christopher42@example.com,Palau,2016-11-09,Basic,43821.71
5158,Chelsea Harris,fhall@example.com,Cocos (Keeling) Islands,2021-06-04,Standard,44939.31
5159,Ashley Huang,alexanderking@example.org,Kazakhstan,2023-08-07,Standard,47040.69
5160,Stephanie Green,debra71@example.net,Russian Federation,2024-10-01,Standard,60653.24
5161,Briana Williams,wendy25@example.org,Zambia,2021-03-13,Basic,22406.77
5162,Margaret Meadows,michael87@example.com,New Caledonia,2023-05-14,Standard,57022.22
5163,Michelle Walker,emily27@example.org,Kuwait,2024-07-30,Basic,50951.38
5164,Jordan Walker,hendersonerin@example.org,Brunei Darussalam,2018-04-25,Standard,66714.07
5165,Angela Flores,kellerdana@example.org,Palau,2021-06-30,Premium,58818.92
5166,Brian Alvarez,nathanhubbard@example.org,Christmas Island,2017-10-13,Standard,71407.15
5167,Jennifer Ray,jennifer12@example.org,Burundi,2018-04-20,Premium,42509.16
5168,Beth Perez,rebeccagrant@example.org,Malta,2018-06-22,Premium,37657.77
5169,Stacey Dalton,xbrown@example.net,Morocco,2024-08-10,Standard,59474.32
5170,Kevin Bass,timothyriggs@example.com,Monaco,2017-02-18,Standard,13340.49
5171,Tina Harris,daviddodson@example.org,Jamaica,2024-01-19,Premium,62979.18
5172,Natalie Lopez,hbanks@example.org,Niger,2016-08-01,Basic,22258.77
5173,Linda Griffin MD,charlescole@example.net,Gabon,2021-04-28,Basic,32383.13
5174,Kyle Hansen,ambergonzalez@example.net,Fiji,2019-07-29,Standard,70330.3
5175,Mrs. Natalie Hall,davislaura@example.com,Bahamas,2021-04-04,Standard,1966.31
5176,Laura Foster,megan54@example.org,Kazakhstan,2016-04-27,Standard,30000.04
5177,Sonya Smith,robin55@example.net,Western Sahara,2024-12-31,Standard,31473.35
5178,Beverly Harris,andrea11@example.net,Antarctica (the territory South of 60 deg S),2023-05-28,Premium,33288.7
5179,Roberta Cunningham,zacharymorris@example.org,Saint Lucia,2023-02-15,Standard,42234.06
5180,Diana Olson,suzannerobertson@example.net,Guinea,2018-08-27,Standard,45603.15
5181,Benjamin Watson,craig33@example.net,Antigua and Barbuda,2019-01-21,Standard,45279.41
5182,Alan Jenkins,qbrown@example.net,Iran,2020-10-31,Standard,67414.51
5183,Taylor Davis,higginsheidi@example.org,Nauru,2023-06-28,Premium,67305.67
5184,Patrick Johnson,tracybarber@example.org,Equatorial Guinea,2018-03-12,Premium,61453.28
5185,Crystal Vasquez,kaufmanalan@example.org,Libyan Arab Jamahiriya,2025-10-07,Basic,67319.5
5186,Marissa Johnson,cochranbeverly@example.org,Ukraine,2016-08-06,Standard,49852.82
5187,William Watson,brandonthomas@example.org,India,2019-11-14,Basic,42578.52
5188,Devin Beltran,david68@example.com,Venezuela,2024-07-09,Standard,41306.6
5189,Charles Koch,bruce65@example.org,Morocco,2023-07-23,Basic,30615.76
5190,Allison Moran,patrickherman@example.com,Nigeria,2019-11-14,Standard,50822.43
5191,Beverly Olsen,rebeccaadkins@example.org,Nigeria,2021-03-05,Standard,7238.93
5192,Joshua Stanley,boonelee@example.net,Gibraltar,2019-07-25,Standard,28527.63
5193,William Garcia,zryan@example.net,Estonia,2017-06-06,Standard,69278.74
5194,Jeffrey Bean,vduarte@example.net,Saint Helena,2019-10-11,Premium,36274.2
5195,Angela Daniel,kelly20@example.com,Eritrea,2024-11-22,Premium,62338.41
5196,Tyler Ward,beltransamantha@example.net,Papua New Guinea,2020-12-04,Premium,14473.92
5197,John Benitez,elliottgrant@example.org,Saint Lucia,2025-05-11,Standard,25429.72
5198,Jonathan Stewart,austinpollard@example.org,Czech Republic,2017-02-25,Basic,19081.81
5199,Sharon Miller,baileycrystal@example.org,Iceland,2016-09-02,Basic,30050.62
5200,Alicia Jones,krista46@example.com,Georgia,2018-06-26,Standard,59772.2
5201,Abigail Williams,prestonbenjamin@example.com,Rwanda,2025-01-30,Basic,20574.63
5202,Samuel King,ycruz@example.org,French Polynesia,2025-10-03,Premium,2451.69
5203,Kimberly Alexander,michaelsmith@example.net,Mozambique,2015-01-05,Standard,56486.88
5204,Shannon Foster,lesliehenderson@example.org,Congo,2019-11-14,Premium,63952.53
5205,Melissa Morrison,daviswilliam@example.org,Papua New Guinea,2019-05-14,Standard,68073.59
5206,Rebecca Cruz,erinwatson@example.net,Peru,2024-05-07,Premium,4372.53
5207,Keith Guzman,john50@example.com,Trinidad and Tobago,2017-04-07,Basic,29192.26
5208,Sarah Parsons,charles64@example.com,Zambia,2024-02-18,Premium,50206.55
5209,Shannon Arellano,xhumphrey@example.org,Niue,2024-03-26,Standard,61811.15
5210,Victor Perez,jackiemartinez@example.com,Iran,2015-09-29,Basic,3831.73
5211,Christopher Parker,ggarcia@example.com,Uruguay,2022-04-09,Standard,4434.97
5212,James Barnes,kathleen89@example.org,El Salvador,2021-10-20,Standard,22154.33
5213,Angela Beck,jacobkline@example.org,Tonga,2015-08-11,Premium,55395.34
5214,Robert Allen,rchen@example.net,Pitcairn Islands,2024-09-04,Standard,58080.66
5215,Patricia Mahoney,kimberlyellis@example.net,Greece,2021-07-13,Standard,14893.49
5216,Anna Villarreal,teresa94@example.org,Tuvalu,2022-01-12,Basic,48244.97
5217,Matthew Cruz,penny39@example.org,Norway,2017-06-22,Premium,54815.73
5218,Kristina Cameron,pcastro@example.com,Sao Tome and Principe,2025-01-16,Standard,20441.58
5219,James Little,qbarnes@example.net,Latvia,2018-02-27,Standard,33341.45
5220,Jodi Williams,joshuahernandez@example.org,Mongolia,2025-07-29,Standard,4599.1
5221,Joshua Martinez,melaniearmstrong@example.com,Kenya,2019-07-10,Standard,10694.86
5222,Jimmy Coleman,smolina@example.net,Belgium,2016-06-16,Basic,31020.55
5223,Lindsay Shannon,oscarking@example.com,Morocco,2021-03-25,Standard,26005.15
5224,Lisa Wilson,fhancock@example.org,Marshall Islands,2020-07-08,Basic,56003.26
5225,Jennifer Mathews,barbara05@example.net,Jordan,2025-05-07,Basic,61993.95
5226,Christy Vance,qwashington@example.com,Togo,2016-10-21,Standard,3815.21
5227,Jeremy Church,nelsonmichael@example.com,Tanzania,2015-10-01,Standard,69953.27
5228,Theresa Brown,wendy01@example.com,Heard Island and McDonald Islands,2019-06-16,Basic,19950.05
5229,Dawn Campbell,stephen52@example.com,Iceland,2017-12-12,Basic,50678.77
5230,Cindy Green DVM,michael57@example.com,Western Sahara,2017-04-10,Premium,14846.32
5231,Nicole Ortiz,mariavaughn@example.org,Afghanistan,2016-06-27,Standard,6916.72
5232,Victoria Johnson,stephanie07@example.org,Latvia,2023-01-07,Basic,23736.46
5233,Julie Rice,thomasarmstrong@example.net,Madagascar,2025-04-09,Basic,15395.74
5234,Kathleen Arroyo,mckenzie26@example.com,Angola,2021-02-09,Basic,8376.32
5235,Timothy Shepherd,frenchjacob@example.com,Jordan,2017-04-19,Basic,34953.06
5236,Elizabeth Weaver,james50@example.org,Liberia,2016-11-03,Basic,67458.77
5237,Jennifer Garcia,jeffrey77@example.net,Malta,2016-10-31,Standard,6124.95
5238,Donald Rodriguez,anne19@example.org,Iceland,2023-06-01,Premium,8668.35
5239,Michael Perkins,bondglenda@example.org,Guam,2025-12-26,Standard,61931.26
5240,Hailey Garcia,baileychloe@example.net,Bahamas,2020-07-23,Standard,10143.63
5241,Mr. Daniel Mendoza,smithbryan@example.org,Saudi Arabia,2019-03-21,Standard,73238.37
5242,Elizabeth Mclaughlin,thomasstacey@example.com,French Southern Territories,2015-11-01,Premium,16564.47
5243,Ronald Reynolds,katherineramirez@example.com,Bolivia,2018-06-11,Basic,41002.86
5244,Ann Gray,rebecca91@example.org,Oman,2025-10-12,Standard,3926.52
5245,Laura Turner,benjamin11@example.net,Cape Verde,2015-07-15,Standard,43515.79
5246,Wendy Bullock,ryan59@example.com,Bhutan,2020-09-21,Premium,29820.24
5247,Martha Johnson,margarethart@example.net,Bahamas,2019-11-02,Premium,61355.23
5248,Lindsey Cruz MD,qlucas@example.org,Cuba,2017-08-26,Standard,74620.93
5249,Tammy Wilcox,jenniferhoward@example.net,Samoa,2024-04-30,Standard,51233.14
5250,Donna Moore,paul77@example.org,Gambia,2016-03-19,Premium,35412.25
5251,Lori Nguyen,aleczavala@example.org,Tunisia,2023-04-23,Basic,67901.95
5252,Richard Sutton,cowanbarbara@example.org,Iran,2016-11-28,Basic,50128.91
5253,Anthony Skinner,james67@example.net,New Caledonia,2024-05-08,Basic,5869.6
5254,Scott Pena,emma83@example.net,Lao People's Democratic Republic,2020-07-06,Standard,7147.07
5255,Troy Higgins,plawrence@example.net,Malawi,2024-04-11,Basic,44277.23
5256,Kelsey Collier,solismelissa@example.com,Kenya,2017-12-05,Standard,47212.86
5257,John Scott,fcalhoun@example.org,French Polynesia,2016-12-03,Standard,73032.46
5258,James Wiggins,candicecline@example.com,Germany,2024-04-21,Standard,25675.28
5259,Paul Garcia,todd18@example.org,Cambodia,2021-10-20,Standard,54909.33
5260,Alejandro Jones,stevenscurtis@example.org,Burkina Faso,2024-09-19,Standard,56901.41
5261,Regina Wright,stephenmcneil@example.org,Jamaica,2021-01-18,Basic,65636.31
5262,Joseph Garcia,wwalker@example.com,Antarctica (the territory South of 60 deg S),2020-10-11,Standard,8845.16
5263,Daniel Clark,stanleyanthony@example.org,Saint Helena,2018-07-28,Standard,51194.5
5264,Eric Foster,stephaniedavis@example.org,Lesotho,2021-06-02,Standard,25550.73
5265,Anthony Terry,benitezheather@example.com,Montenegro,2015-04-04,Basic,71992.61
5266,Taylor Hayes,zlynn@example.com,Djibouti,2021-02-08,Standard,52785.74
5267,Tony Thornton,nlewis@example.org,Syrian Arab Republic,2022-08-20,Basic,32294.52
5268,Roberta Hopkins,skinnernancy@example.org,Panama,2020-05-13,Basic,9144.87
5269,Donna Jackson,chaselindsey@example.net,Nicaragua,2025-07-09,Basic,30348.79
5270,Tamara Moore,alexis06@example.org,Cote d'Ivoire,2020-10-23,Standard,67548.36
5271,Felicia Mathis,dhouse@example.org,United States Virgin Islands,2023-11-20,Basic,11204.18
5272,Sarah Daugherty,john80@example.com,Switzerland,2019-03-21,Premium,57399.07
5273,Austin Hawkins,mcknightantonio@example.com,Guadeloupe,2024-06-05,Standard,6555.35
5274,Steven Francis,zimmermanashley@example.com,New Zealand,2018-12-01,Standard,16987.14
5275,Stephanie Mccall,jbrown@example.com,Iraq,2019-05-31,Standard,12151.48
5276,Cheryl Oneal,laura77@example.net,Jordan,2015-03-02,Standard,49551.75
5277,Ryan Scott,nicholas57@example.com,Algeria,2020-01-07,Basic,40545.82
5278,Caroline Collins,katherine69@example.com,Panama,2019-07-17,Basic,51584.38
5279,Kathryn Sherman,qmorgan@example.org,Saint Vincent and the Grenadines,2020-11-11,Standard,55003.6
5280,Kathleen Porter,evansangela@example.org,Hong Kong,2015-10-25,Standard,70295.77
5281,Vincent Smith,bradleyemily@example.com,Guinea,2021-05-14,Basic,10621.12
5282,Amanda Jackson,yrojas@example.com,Tuvalu,2021-08-30,Standard,34390.25
5283,Devin Roberts,rebecca42@example.net,Uzbekistan,2020-12-28,Basic,41925.1
5284,Charles Sullivan,morenobruce@example.com,Thailand,2019-10-28,Basic,20321.68
5285,Gary Martinez,qcaldwell@example.com,Sierra Leone,2023-10-14,Standard,40753.86
5286,Jennifer King,jwilliams@example.com,Bahrain,2016-10-10,Standard,1458.43
5287,Justin Wagner,edward07@example.com,Palestinian Territory,2024-07-17,Premium,68914.3
5288,Jessica Smith,qnichols@example.org,Japan,2021-10-14,Standard,2784.85
5289,John Powers,caitlinsantos@example.com,India,2024-06-09,Standard,17427.48
5290,Brian Williams,david71@example.com,Argentina,2021-09-16,Standard,73131.95
5291,Johnny Smith,hbailey@example.net,Samoa,2025-11-13,Basic,18995.15
5292,Abigail Nolan,lspencer@example.net,Finland,2024-11-23,Standard,9966.62
5293,Heidi Kim,emccall@example.org,Jersey,2021-11-02,Standard,63498.63
5294,Carlos Davis,laurenthompson@example.org,French Southern Territories,2022-04-05,Standard,47306.32
5295,Autumn Harris,danielmoore@example.org,Samoa,2022-01-08,Premium,26171.76
5296,John Walker,dmckay@example.com,Slovenia,2024-02-01,Standard,34476.94
5297,Stephanie Byrd,jacksonkaylee@example.com,Nauru,2022-05-06,Basic,2926.01
5298,Debra Mitchell,xburton@example.com,Nauru,2017-01-03,Standard,26931.11
5299,Kim Valencia,davisemily@example.org,Guam,2020-01-08,Standard,40911.68
5300,Rebecca Brown,robertpaul@example.net,Mauritius,2023-08-17,Standard,14900.16
5301,Hunter Colon,connermelissa@example.net,Chile,2025-06-22,Basic,14210.39
5302,Nancy Sanders,stephenperez@example.com,Vanuatu,2023-10-01,Standard,20798.78
5303,Guy Andrade,stewartpeter@example.com,Sao Tome and Principe,2023-01-25,Premium,46148.31
5304,Michael Hernandez,wliu@example.net,Tokelau,2020-07-20,Standard,73008.46
5305,Shane Lee,andersonmichael@example.com,Malaysia,2021-01-28,Standard,37062.22
5306,Timothy Pacheco DDS,markhill@example.org,Sri Lanka,2025-04-07,Premium,46867.18
5307,Theresa Smith,andrew78@example.com,Svalbard & Jan Mayen Islands,2024-06-25,Standard,37417.65
5308,Tyler Banks,ipruitt@example.org,North Macedonia,2018-08-04,Standard,62598.09
5309,Stephanie Fischer,bowmansamuel@example.com,Mauritius,2023-05-30,Standard,14912.48
5310,Dustin Choi,melissafischer@example.net,Djibouti,2018-07-27,Premium,48337.1
5311,Nicole Hill,perezlisa@example.net,Rwanda,2022-03-20,Standard,298.93
5312,Michael Lynch,yclay@example.com,Mongolia,2017-08-30,Standard,46983.71
5313,Melinda Ruiz,mitchelltaylor@example.net,Austria,2024-11-25,Standard,52238.75
5314,Theresa Adkins,brianharrison@example.org,Liechtenstein,2019-01-16,Premium,67130.08
5315,Laura Moore,xcoleman@example.org,Comoros,2023-02-28,Basic,29414.04
5316,Tony Williams,princedavid@example.net,Mayotte,2021-05-20,Standard,51499.53
5317,Erin Henry,timothy88@example.org,Mauritius,2016-11-18,Premium,50557.59
5318,John Johnson,williammason@example.org,Kenya,2023-09-24,Standard,40747.31
5319,Ernest White,heather85@example.org,Ghana,2018-01-04,Basic,63973.0
5320,Stephanie Wilson,eric71@example.org,Spain,2019-05-30,Standard,70083.76
5321,Jordan Chambers,alexander51@example.org,Tonga,2016-07-28,Standard,29706.51
5322,Melissa Wiley,christopher05@example.net,Bermuda,2018-04-19,Standard,61188.19
5323,Ashley Johnson,vasquezcrystal@example.org,Falkland Islands (Malvinas),2025-09-02,Standard,18685.2
5324,Jacqueline Rivera,javieringram@example.com,Ireland,2021-06-17,Premium,40069.56
5325,Brianna Schroeder,shane87@example.net,Cook Islands,2024-04-23,Basic,59267.75
5326,Timothy Craig,melissamorrison@example.com,Austria,2017-03-07,Basic,65005.34
5327,Craig Shepherd,tmiller@example.org,Costa Rica,2021-06-03,Standard,67638.46
5328,Leonard Phillips,taylorlawrence@example.org,Montenegro,2016-11-04,Basic,25678.91
5329,Jeffrey Lane,ryanclark@example.com,Guernsey,2025-04-09,Standard,51414.08
5330,Chloe Barrett,heather94@example.com,Zambia,2018-10-15,Standard,40094.76
5331,Philip Richardson,victoria46@example.net,Djibouti,2016-12-29,Basic,69929.04
5332,Tanya Rodriguez,lwilliamson@example.com,Turkey,2016-11-17,Basic,25915.46
5333,Darren Daugherty,andersonalan@example.org,Sudan,2025-08-11,Basic,13096.32
5334,Cynthia Walker,dalehudson@example.org,Seychelles,2017-06-29,Standard,65157.99
5335,Alexander Barber,tylergreen@example.org,Slovakia (Slovak Republic),2022-09-12,Standard,45693.33
5336,Raymond Payne,bhickman@example.net,Gabon,2025-07-15,Standard,16960.64
5337,Robert Pearson,kwilliams@example.com,Germany,2019-05-22,Standard,42105.03
5338,Jonathan Barnes,gharris@example.org,Guinea-Bissau,2022-03-30,Standard,2168.03
5339,Zachary Lee,cameronkim@example.org,Cook Islands,2019-05-02,Standard,19897.99
5340,Scott Elliott,davislaura@example.net,Mauritius,2015-03-06,Basic,42011.7
5341,John Williams,hcox@example.net,Uzbekistan,2023-09-02,Standard,56760.1
5342,Brian Elliott,zfranco@example.com,Marshall Islands,2017-07-07,Standard,61908.43
5343,Melissa Wagner,suarezamy@example.net,Iceland,2021-12-27,Premium,23169.8
5344,James Henson,gcastaneda@example.net,United States of America,2020-09-29,Premium,50738.15
5345,Sheri Moore,collinsmichelle@example.com,Chile,2024-05-02,Basic,5819.6
5346,Deborah Morris,hendersonkimberly@example.net,Korea,2020-06-06,Premium,36221.0
5347,Brooke Mitchell,cholder@example.org,Cuba,2024-05-05,Standard,15136.3
5348,Justin Schmidt,angelica09@example.net,United States Virgin Islands,2018-01-07,Basic,43752.78
5349,Stacey Green,cpierce@example.com,Ukraine,2019-01-31,Basic,6679.26
5350,Danielle Scott,amber72@example.com,Bahamas,2018-08-25,Standard,23241.64
5351,Daniel Santiago,hendersonroberto@example.net,Israel,2024-04-12,Standard,8287.32
5352,Francisco Bowman,treid@example.org,Northern Mariana Islands,2023-03-05,Standard,8264.86
5353,Jonathan Peters,seanthompson@example.net,Singapore,2017-05-28,Standard,46548.62
5354,Thomas Allen,martinezjessica@example.net,Marshall Islands,2024-06-26,Basic,35820.21
5355,Dustin Woodard MD,tommy13@example.net,Saint Martin,2023-12-16,Basic,7529.0
5356,Miguel Campbell,teresawilson@example.com,Paraguay,2015-07-07,Standard,63904.06
5357,William Nelson,tammy43@example.org,Syrian Arab Republic,2025-09-07,Premium,46652.62
5358,William Moore,jenniferwilliams@example.net,Tonga,2022-03-20,Basic,52360.16
5359,Jennifer Taylor,mallory78@example.com,Saint Barthelemy,2023-08-19,Basic,21440.04
5360,Dawn Smith,riverashane@example.com,Hungary,2018-12-20,Basic,2880.62
5361,Kyle Wolfe,megan52@example.com,United Kingdom,2020-12-07,Standard,28874.2
5362,Scott Hernandez,anna66@example.com,China,2021-08-20,Basic,9370.52
5363,Laura Brown,tmartin@example.com,Latvia,2021-10-14,Standard,42221.05
5364,Amanda Wade,edwardskiara@example.org,Denmark,2020-05-11,Basic,10089.67
5365,Jessica Glass,angelalambert@example.net,Cuba,2017-08-20,Premium,27233.75
5366,Lisa Lara DVM,wtaylor@example.net,Turkmenistan,2024-08-09,Basic,39627.04
5367,Matthew Singh,annabarry@example.org,Bahamas,2024-12-25,Basic,30313.97
5368,James Crawford,hansenlarry@example.com,Pakistan,2024-01-28,Premium,24984.27
5369,Michelle Wall,robertcastillo@example.net,Haiti,2019-09-01,Basic,58245.47
5370,James Williams,hernandezronnie@example.com,Timor-Leste,2023-09-01,Premium,24503.02
5371,Ronald Richards,mjones@example.org,Montenegro,2023-06-17,Standard,31309.57
5372,Angela Williams,jordanmichael@example.net,Nauru,2018-05-08,Standard,33304.56
5373,Ellen Bender,benjamindavis@example.net,Trinidad and Tobago,2022-12-02,Basic,10581.87
5374,James Pena,wacosta@example.net,Portugal,2023-04-23,Standard,25462.08
5375,Rodney Pruitt,henry25@example.net,Peru,2022-02-02,Basic,21151.13
5376,Katie Orozco,brianayala@example.org,Cayman Islands,2025-10-25,Standard,44227.01
5377,William Brooks,ghudson@example.org,San Marino,2023-11-01,Standard,65042.83
5378,Mark Shelton,epotter@example.org,Suriname,2016-12-29,Basic,46120.17
5379,Daniel Durham Jr.,michaelsampson@example.com,Faroe Islands,2021-11-21,Standard,23014.49
5380,William Mcknight,john94@example.net,Isle of Man,2024-02-10,Basic,72580.67
5381,Thomas Nunez,bruce53@example.com,Luxembourg,2015-04-15,Standard,73907.61
5382,Megan Baker,ferrellalexis@example.net,Holy See (Vatican City State),2024-11-23,Premium,63863.23
5383,Sherry Lee,mcooper@example.net,United Arab Emirates,2018-06-10,Premium,11906.75
5384,Tammy Elliott,briancummings@example.net,Guatemala,2022-04-05,Standard,17410.61
5385,Carla Clarke,kathrynwilliams@example.org,Iran,2017-08-26,Basic,5687.93
5386,Denise Hall,courtneydavies@example.net,Lithuania,2024-11-26,Premium,65833.54
5387,Douglas Schneider,jeremy29@example.net,Georgia,2018-08-28,Basic,8901.08
5388,Jesus Patterson,usteele@example.com,Turkey,2015-01-23,Basic,5425.88
5389,Elizabeth Gates,ihahn@example.com,North Macedonia,2020-11-07,Standard,36169.56
5390,Jennifer Hill,yhernandez@example.net,Sri Lanka,2021-03-25,Standard,47567.13
5391,Mary Phillips,ortizcourtney@example.net,Trinidad and Tobago,2018-03-08,Basic,51229.12
5392,Andrew Armstrong,kelly29@example.net,Chad,2020-11-19,Standard,63871.38
5393,Danielle Gray,david28@example.org,Jamaica,2021-12-14,Standard,29090.47
5394,Gregory Munoz,poncemichelle@example.org,Finland,2020-08-08,Basic,36924.55
5395,Andrea Peterson,terrence99@example.org,Guyana,2025-07-03,Basic,51854.46
5396,Sandra Paul,josephtravis@example.com,Guernsey,2022-02-23,Standard,33813.08
5397,Marie Mcknight,justinellison@example.com,Azerbaijan,2018-04-13,Basic,54022.22
5398,Julie Johnson,perrydenise@example.org,Wallis and Futuna,2015-01-27,Standard,11440.43
5399,Leslie Bishop,john78@example.net,Slovenia,2023-04-14,Premium,63485.75
5400,Debra Nguyen,newtonjason@example.net,Saint Lucia,2018-03-25,Basic,68963.27
5401,Brittney Martin,bauerian@example.com,Northern Mariana Islands,2020-11-23,Standard,71912.2
5402,William Dixon,jonathan78@example.net,Myanmar,2022-12-08,Standard,61064.15
5403,John Bonilla,freemanmitchell@example.org,Kenya,2023-04-07,Standard,61272.61
5404,Jacob Brewer,littlesarah@example.com,Paraguay,2016-06-01,Premium,62766.31
5405,Jeremy White,jennifer32@example.com,Grenada,2024-06-07,Standard,10955.14
5406,Aaron Mack,scotttravis@example.com,Malaysia,2021-12-31,Standard,47111.67
5407,Raven Abbott,scottmiddleton@example.com,Lithuania,2015-02-03,Premium,28442.44
5408,Carla Waller,christinehowell@example.org,Iceland,2019-08-29,Basic,39089.4
5409,Ashley Stone,joshua19@example.net,Peru,2023-01-18,Standard,12221.27
5410,Jonathon Cox,alisonross@example.org,Samoa,2020-12-21,Standard,26039.28
5411,Ashlee Pratt,daniel99@example.com,Chad,2020-10-25,Standard,35506.64
5412,Mr. Samuel Daniels,xrosario@example.net,Greenland,2016-12-25,Basic,49970.51
5413,Cheryl Harris,xandrews@example.org,Barbados,2020-05-20,Basic,67513.91
5414,Christy Evans,yrivera@example.org,Nicaragua,2025-11-30,Standard,19710.46
5415,Nicole Villarreal,dward@example.org,Bouvet Island (Bouvetoya),2020-06-04,Standard,47173.16
5416,Rebecca Hartman,victorcoleman@example.net,New Zealand,2021-05-28,Premium,11817.93
5417,Heather Velasquez,abrown@example.com,British Indian Ocean Territory (Chagos Archipelago),2021-12-08,Basic,24576.21
5418,Terri Perez,baxterkristen@example.org,Bhutan,2024-08-02,Premium,61295.93
5419,April Mccullough,ydavenport@example.net,Cote d'Ivoire,2025-02-01,Standard,34154.6
5420,Justin Schultz,jennaschaefer@example.com,France,2016-02-23,Standard,18271.4
5421,Rebecca Hampton,randallrobertson@example.net,Lebanon,2017-01-14,Standard,41315.71
5422,Brandon Burgess,frank43@example.net,Liechtenstein,2022-03-28,Basic,72036.21
5423,Matthew Wallace,umorrison@example.org,Georgia,2022-09-16,Standard,4983.31
5424,Elizabeth Valdez,lisa19@example.net,Mongolia,2023-01-16,Standard,33356.65
5425,Devin Costa,qthompson@example.net,Cook Islands,2022-05-08,Basic,69453.17
5426,Abigail Andrews,katiegriffin@example.net,Belarus,2024-05-24,Standard,14164.6
5427,Joanna Mclean,arice@example.net,Kenya,2016-12-07,Basic,24605.24
5428,Michael Huang,michaellucas@example.org,Somalia,2025-03-14,Standard,71650.66
5429,Corey Delgado,bchavez@example.com,Guinea,2024-11-19,Standard,55639.34
5430,Denise Poole,robert19@example.com,Sri Lanka,2019-10-16,Standard,7785.55
5431,Jimmy Bennett,schmittjennifer@example.org,Saint Barthelemy,2021-07-24,Basic,49379.22
5432,Dillon Smith,smithjacob@example.net,Holy See (Vatican City State),2021-03-15,Premium,22914.09
5433,James Torres,robert65@example.net,Kuwait,2016-11-13,Standard,17924.99
5434,Molly Matthews,tcastillo@example.org,Serbia,2025-10-24,Standard,27436.0
5435,Aaron Stone,sparkslaurie@example.org,Dominican Republic,2025-01-11,Standard,43425.99
5436,Logan Phillips,lhodges@example.org,Georgia,2025-07-15,Standard,24185.23
5437,Mallory Shields,monroestephanie@example.com,Cyprus,2020-06-26,Standard,31486.19
5438,Stephanie Robinson,morriskimberly@example.com,Chad,2023-05-05,Basic,34861.3
5439,April Henry,reidmarilyn@example.org,Mozambique,2024-01-24,Basic,16610.24
5440,Timothy Pratt,drodriguez@example.com,Bouvet Island (Bouvetoya),2015-03-22,Standard,18723.36
5441,Amber Sanders,omunoz@example.com,Tanzania,2017-11-05,Standard,19762.59
5442,Amy Johnston,david79@example.net,Timor-Leste,2020-08-02,Standard,71492.54
5443,Jessica Jordan,daltonjohnston@example.com,Isle of Man,2017-01-09,Standard,54445.98
5444,Keith Howell,dunnjoseph@example.com,Sweden,2024-07-05,Basic,45369.65
5445,Charles Jacobs,andrewcaldwell@example.com,Mauritius,2017-02-04,Basic,33050.0
5446,Michelle Chavez,jonathanrobinson@example.com,Nigeria,2016-10-25,Standard,33150.59
5447,Joseph Myers,cdavies@example.com,Uruguay,2025-02-07,Premium,18675.08
5448,Teresa Young,hudsonscott@example.com,Equatorial Guinea,2025-03-19,Standard,57040.99
5449,Gary Travis Jr.,melissapham@example.org,Hungary,2020-07-01,Standard,8660.35
5450,Christian Barrett,conleypatrick@example.net,Mali,2016-07-20,Basic,61358.14
5451,Destiny Nichols,staceygoodwin@example.com,Gambia,2025-04-05,Standard,41983.84
5452,Maria Wall,davidsonshannon@example.com,Somalia,2015-04-26,Standard,10017.46
5453,Keith Santiago,elizabethpatton@example.net,Botswana,2016-02-08,Basic,56517.99
5454,Kelly Fowler,flucero@example.org,British Indian Ocean Territory (Chagos Archipelago),2023-03-06,Premium,27481.97
5455,Sandra Brown,huntcharles@example.org,Hong Kong,2021-02-22,Basic,64757.62
5456,Regina Johnson,twheeler@example.com,Saint Martin,2015-07-02,Standard,3064.87
5457,Kyle Brown,faith81@example.com,Bolivia,2021-10-20,Standard,41677.2
5458,Courtney Scott,troycunningham@example.org,Tonga,2020-03-22,Basic,51529.59
5459,Vanessa Dean,ryanwilkinson@example.net,Austria,2021-05-19,Standard,38067.18
5460,Jonathan Holder,davidsonmargaret@example.net,Barbados,2022-10-10,Standard,51348.9
5461,Sandra Parker,pattersondanielle@example.net,Iceland,2019-03-05,Basic,52945.23
5462,John Owens,maryramirez@example.org,Ireland,2017-08-27,Standard,26962.98
5463,Julie Hawkins,petersonapril@example.com,Micronesia,2015-09-07,Standard,29727.35
5464,Zachary Smith,rwashington@example.net,Reunion,2023-11-12,Basic,69210.42
5465,John Mitchell,johnsonbrian@example.org,Haiti,2017-04-07,Basic,57700.51
5466,Richard Hancock,westbridget@example.net,Jordan,2017-08-25,Premium,73354.74
5467,Christian Collins,cynthia76@example.com,Oman,2024-02-19,Basic,48494.16
5468,Lisa Lawrence,michelle32@example.com,Belarus,2018-08-06,Standard,59620.09
5469,Amanda Smith,qhall@example.net,Syrian Arab Republic,2024-05-13,Premium,5214.03
5470,Charles Calhoun,eterry@example.org,Martinique,2024-10-11,Basic,71568.54
5471,Eric Shelton,phunter@example.net,Palestinian Territory,2024-09-23,Basic,67415.85
5472,Natalie Baker,jonathan21@example.org,Mali,2022-03-18,Premium,58476.13
5473,Autumn Edwards,thomas94@example.org,Peru,2023-03-09,Standard,58496.73
5474,Sheila Garcia,toni32@example.org,Latvia,2022-06-12,Basic,56258.55
5475,Jonathan Lewis,dallen@example.com,Ukraine,2020-05-11,Premium,22883.6
5476,Francisco Maldonado,dylanyoung@example.net,Cameroon,2020-09-25,Standard,65122.31
5477,Daniel Bailey,bmoody@example.com,Western Sahara,2017-03-15,Standard,46002.99
5478,Juan Henry,nathanielsmith@example.net,Eritrea,2020-04-09,Basic,43347.05
5479,Erika Nguyen,duartekevin@example.net,Chile,2020-08-09,Premium,51586.32
5480,Eileen Alvarez,aprillopez@example.net,Guatemala,2016-08-17,Premium,72564.24
5481,Nicole Ray,bjohnson@example.org,Norfolk Island,2023-03-17,Standard,47588.48
5482,Sheila Lynn,oscarmills@example.com,Guinea,2016-04-28,Standard,15741.61
5483,Samantha Taylor,katelyngiles@example.net,Belize,2025-10-07,Basic,69318.07
5484,Wendy Brooks,brownmitchell@example.org,North Macedonia,2022-05-28,Standard,35124.82
5485,Nicole Mcneil,marywang@example.com,Vietnam,2023-08-26,Premium,8858.65
5486,Karen Rogers,irosales@example.net,Qatar,2016-04-06,Basic,6920.43
5487,Christine Freeman,vanessahuerta@example.net,Mauritania,2025-03-29,Standard,8061.79
5488,Joseph Hensley,john28@example.net,Mexico,2023-02-03,Standard,9291.52
5489,Angela Thompson,dianafrank@example.net,Trinidad and Tobago,2018-11-05,Premium,10415.01
5490,Rebecca Rivera,megan76@example.com,Sri Lanka,2023-07-10,Standard,69433.42
5491,Brian Sims,kmoore@example.org,American Samoa,2025-05-18,Standard,18838.37
5492,Sherri Harris,kelsey44@example.org,Namibia,2015-06-01,Standard,54793.65
5493,Morgan Martinez,westangelica@example.com,Aruba,2019-04-07,Standard,14635.23
5494,Jessica Watkins,cassiebaker@example.org,Argentina,2022-05-28,Standard,40327.1
5495,Mary Moreno,christinajones@example.org,Myanmar,2022-06-17,Standard,48884.33
5496,Monica Smith,toddbrooks@example.com,South Africa,2016-02-29,Basic,58304.49
5497,Nicole Sanchez,cynthiaward@example.net,Grenada,2016-12-22,Premium,58928.83
5498,Marie Perry,lesliejohnson@example.net,Hungary,2023-11-10,Premium,21512.67
5499,Angel Lewis,amypayne@example.net,Peru,2020-11-19,Standard,29760.08
5500,April Burch,hfarmer@example.org,Bermuda,2015-02-05,Premium,25452.38
5501,April Garcia,robinharris@example.com,Anguilla,2016-07-05,Standard,24666.29
5502,William Dixon,tina84@example.com,Slovenia,2016-06-11,Standard,21681.79
5503,Christine Wall,kimberlypittman@example.org,Jersey,2017-03-04,Premium,61787.05
5504,Michelle Snyder,nnash@example.net,Slovenia,2025-11-07,Basic,27662.86
5505,Patty Jones,suttonwilliam@example.com,Djibouti,2023-11-14,Standard,28692.05
5506,Elizabeth Allen,fhudson@example.com,Sierra Leone,2022-05-07,Premium,55722.88
5507,Mike Green,petersangela@example.org,Bahrain,2023-01-10,Premium,69819.88
5508,Sarah Kennedy,fmartin@example.net,Zimbabwe,2016-06-09,Standard,44816.16
5509,Crystal Martinez,skelly@example.com,Georgia,2024-03-27,Basic,43863.55
5510,Daniel Anderson,danieljones@example.net,Brazil,2025-11-12,Premium,7513.31
5511,Paul Parker,mistysnyder@example.com,Malta,2017-02-20,Standard,10855.46
5512,Anna Miller,cheryl20@example.com,Cuba,2018-08-30,Standard,27086.45
5513,Dennis James,michellejackson@example.com,Benin,2023-07-21,Standard,29205.81
5514,Lacey Smith,jeffrey00@example.org,Kuwait,2015-04-21,Basic,16097.94
5515,Sara Todd,perezmichelle@example.org,Cape Verde,2023-04-30,Standard,5852.44
5516,Matthew Jones,lfriedman@example.org,Thailand,2020-05-27,Basic,2167.0
5517,Stacy Clay,walllarry@example.org,Tonga,2019-01-22,Basic,31828.87
5518,Destiny Jensen,grimesjoel@example.com,Argentina,2021-04-02,Standard,36078.46
5519,Kathleen Kline,barrypaul@example.com,Australia,2021-09-19,Standard,4758.1
5520,Laura Arnold,nfitzgerald@example.net,Poland,2023-02-03,Standard,33372.81
5521,Heather Allen,michaelrodriguez@example.com,Russian Federation,2024-08-31,Basic,32483.84
5522,Carlos Mccann,collinsmartha@example.com,Honduras,2016-06-16,Standard,31072.5
5523,Karina Johnson,elizabeth51@example.org,Cyprus,2022-04-16,Premium,21284.56
5524,Alyssa Foster,brianhancock@example.net,Syrian Arab Republic,2018-08-01,Basic,8251.22
5525,Rebecca Carter,woodsclarence@example.org,Guadeloupe,2024-04-13,Standard,64838.12
5526,Melanie Perry,joelwilliams@example.com,Czech Republic,2015-02-01,Basic,47472.17
5527,Kelly Cisneros,oramirez@example.net,Bolivia,2018-03-15,Standard,53347.3
5528,Shelley Smith,johnsonangela@example.org,India,2015-03-11,Premium,4633.92
5529,James Ward,reevesrussell@example.org,Oman,2019-07-20,Standard,68121.54
5530,James Smith,perezjonathan@example.net,United Kingdom,2023-08-14,Basic,42441.01
5531,Dr. Heather Moran,paul42@example.org,Bolivia,2025-01-05,Standard,27800.32
5532,Pamela Melendez,taylorgary@example.org,Honduras,2019-02-28,Basic,46812.25
5533,Ashley Boyd,sullivanalfred@example.net,Bouvet Island (Bouvetoya),2018-11-26,Standard,50860.87
5534,Pamela Johnson,david92@example.com,Suriname,2016-12-07,Standard,32031.47
5535,Kara Gomez,ramirezclinton@example.com,Oman,2024-06-09,Basic,19033.27
5536,Charles Walsh,victoria96@example.com,Jamaica,2017-10-25,Premium,62798.57
5537,Natalie Fields,kmueller@example.org,Cambodia,2015-06-30,Standard,454.22
5538,Dawn Booker,bmiller@example.org,Hungary,2023-12-10,Standard,57744.48
5539,Gina Mitchell,fgoodwin@example.com,French Guiana,2017-04-28,Basic,9417.1
5540,Miranda Page,lwilson@example.com,Wallis and Futuna,2023-11-21,Premium,68382.22
5541,Daniel Boyer,beverly50@example.net,Austria,2020-01-15,Standard,17431.36
5542,Mark Hurst,whiggins@example.com,Latvia,2016-01-04,Standard,57317.46
5543,Ethan Pruitt,derek72@example.net,Equatorial Guinea,2015-06-24,Standard,31929.44
5544,Mark Johnson,cunninghamshelby@example.com,Gibraltar,2024-02-10,Standard,38884.68
5545,Joseph Baker,cortega@example.org,Canada,2016-03-15,Basic,27626.73
5546,Jennifer Gonzales,vasquezkristen@example.org,Chad,2023-01-27,Premium,2528.53
5547,Christopher Morris,donnamiller@example.com,Samoa,2015-09-07,Premium,25868.24
5548,Jason Mcknight,solomonmichael@example.org,Liechtenstein,2015-06-23,Standard,14862.56
5549,Michael Davis,tiffanycole@example.org,Guernsey,2015-08-09,Standard,7849.57
5550,Debra Martin,griffinchristina@example.org,Saudi Arabia,2015-11-23,Standard,17381.88
5551,Natalie Montgomery,johnsonsally@example.net,Central African Republic,2018-03-24,Basic,61021.54
5552,Jenny Guerrero,ryan12@example.org,Slovenia,2018-02-02,Standard,39919.39
5553,Janet Hughes,ecopeland@example.com,Eritrea,2019-06-29,Standard,15162.22
5554,Robert Reyes,rachel84@example.com,Azerbaijan,2015-04-12,Standard,52878.84
5555,Angela Camacho,john99@example.net,Cape Verde,2018-11-30,Premium,32773.43
5556,Stephen Gilmore,xavierwilson@example.org,Mali,2018-12-26,Standard,39727.14
5557,George Wall,john25@example.net,Grenada,2021-09-07,Standard,52829.73
5558,David Mcmillan,krogers@example.org,Mauritania,2016-05-08,Standard,2468.88
5559,Barbara Combs,maxwelljacob@example.org,Sudan,2022-07-11,Standard,25198.76
5560,Zoe Williams,james67@example.org,Tuvalu,2021-10-22,Basic,58331.11
5561,Michael Walker,perezrachel@example.com,Andorra,2025-04-24,Standard,61738.26
5562,Jeffrey Wells,svargas@example.net,Trinidad and Tobago,2024-05-26,Basic,69167.2
5563,Sean Martinez,murphymegan@example.org,Mozambique,2024-03-25,Standard,29673.4
5564,Lance Good,teresa45@example.net,Fiji,2015-09-20,Premium,26654.22
5565,Jeffrey Acevedo,prestonjohn@example.com,South Georgia and the South Sandwich Islands,2022-11-05,Standard,62344.3
5566,Daniel Schneider,darrenholt@example.net,Ghana,2015-08-24,Basic,1668.8
5567,Jacqueline Simpson,carol79@example.org,Mongolia,2019-10-10,Basic,30373.08
5568,Norman Perez,qrobinson@example.org,Liechtenstein,2022-01-11,Premium,72389.8
5569,Cheryl Hensley,duncanvanessa@example.com,Ireland,2023-12-01,Standard,56693.43
5570,Frank Shaffer,bradshawjoseph@example.net,Djibouti,2020-06-12,Premium,33658.12
5571,Alex West,edwardray@example.net,Kenya,2017-10-30,Standard,9543.18
5572,Michael Miller,wjohnson@example.net,Niue,2017-12-11,Premium,56239.44
5573,Brian Sparks,erinlopez@example.org,Japan,2025-07-23,Standard,40904.88
5574,Jessica Daniel,stevenferguson@example.org,Cuba,2021-04-24,Standard,61585.92
5575,Kelly Baker,charles57@example.net,British Indian Ocean Territory (Chagos Archipelago),2022-01-28,Basic,64379.54
5576,Nicole Thomas,jonesjoy@example.com,Kyrgyz Republic,2018-07-14,Standard,43169.12
5577,Steven Johnson,jonathanryan@example.org,Saint Martin,2015-09-27,Standard,74812.0
5578,Bryan Summers,sarah64@example.com,United Kingdom,2017-11-12,Standard,13116.01
5579,Cheyenne Pearson,uhunt@example.net,Christmas Island,2024-01-22,Standard,37762.24
5580,David Walsh,smithmiranda@example.net,Tuvalu,2021-09-15,Standard,48582.16
5581,Courtney Lee,evanselizabeth@example.com,Madagascar,2019-06-06,Basic,69712.26
5582,Stefanie Sullivan,hsmith@example.org,Tuvalu,2020-07-11,Basic,39806.8
5583,Terry Prince,potteremily@example.com,Finland,2017-03-24,Standard,48690.01
5584,Renee Lopez,ryanmcdonald@example.com,Puerto Rico,2016-05-07,Standard,33066.55
5585,Timothy Cain,zrobinson@example.com,Syrian Arab Republic,2021-03-29,Basic,28821.04
5586,Dennis Lee,blackjames@example.org,Serbia,2025-03-08,Basic,7878.64
5587,Oscar Meyer,torresadam@example.org,Afghanistan,2017-06-04,Standard,7693.36
5588,Maria Cobb,joshuarodriguez@example.org,Iran,2020-06-09,Standard,71452.84
5589,Jason Carpenter,sgonzalez@example.com,Moldova,2017-08-13,Standard,20146.52
5590,Christina Hall,sbanks@example.org,North Macedonia,2019-11-25,Basic,57224.08
5591,Mr. Justin Grant,michael39@example.org,Haiti,2025-11-04,Standard,55338.36
5592,Kimberly Johnson,christophersanders@example.org,Ireland,2018-03-30,Standard,44425.39
5593,David Gordon,sloanthomas@example.net,Korea,2021-11-05,Standard,68419.73
5594,Christopher Snyder,kennedyrobert@example.net,Poland,2022-12-24,Standard,1345.87
5595,Jordan Smith,wrightchristopher@example.com,Mauritania,2024-11-27,Basic,19992.5
5596,Joseph Caldwell,olynch@example.net,Oman,2022-05-28,Standard,74106.37
5597,Susan Bradley,waterspatricia@example.org,Solomon Islands,2015-07-28,Premium,16272.08
5598,Troy Davis,parmstrong@example.net,Ghana,2021-01-23,Standard,61531.08
5599,Raymond Lawrence,johnlevy@example.org,Armenia,2019-08-10,Basic,8150.42
5600,Mark Olsen,rgarcia@example.org,Guam,2022-06-18,Premium,12087.3
5601,Steve Decker,jerrywilliams@example.net,Iceland,2022-05-29,Standard,47404.14
5602,Mr. Michael Ramirez MD,hilltonya@example.org,Monaco,2025-06-09,Standard,7357.08
5603,April Phillips,braunolivia@example.org,Argentina,2025-11-30,Basic,41044.64
5604,Mrs. Jennifer Mitchell,vparker@example.com,Colombia,2022-09-04,Basic,17832.0
5605,Jerry Lucas,epark@example.org,Spain,2020-10-02,Basic,46236.91
5606,Rebecca Stevens,ajohnson@example.org,New Zealand,2023-10-01,Standard,66400.09
5607,Melissa Davidson,rickeycarroll@example.net,Australia,2025-01-23,Standard,67587.23
5608,Raymond Carter,qwheeler@example.net,Cyprus,2025-10-17,Premium,73206.84
5609,Jennifer Huynh,emmaalvarez@example.com,Israel,2020-08-24,Premium,62761.95
5610,Susan Hunter,jeffrey77@example.com,Rwanda,2025-05-28,Standard,72352.52
5611,Joseph Hart DDS,tamara83@example.com,Barbados,2024-03-14,Standard,2532.55
5612,Melanie Ballard,scottcollins@example.net,United Kingdom,2025-05-29,Basic,72795.49
5613,Peter Tanner,ijohnson@example.com,Ethiopia,2020-12-31,Standard,19687.67
5614,Clarence Wall,dcrawford@example.org,British Indian Ocean Territory (Chagos Archipelago),2020-01-23,Premium,56897.99
5615,Dr. Carrie Cook,gentrykatherine@example.net,Afghanistan,2020-11-07,Basic,66287.24
5616,Jessica Jenkins,briannasmith@example.net,Svalbard & Jan Mayen Islands,2021-05-28,Standard,69550.9
5617,Amanda Lewis,christopher26@example.net,Uganda,2019-03-12,Basic,72945.81
5618,Teresa Hunt,hflores@example.org,Malta,2016-12-07,Standard,1112.17
5619,Samuel Mendez,ahardin@example.com,Thailand,2021-01-21,Premium,2170.55
5620,Kathryn Weber,erikayoung@example.net,Gabon,2020-04-22,Premium,35704.5
5621,Michael Bauer,hunter01@example.com,Holy See (Vatican City State),2017-01-06,Standard,62203.6
5622,Jacob Wells,jlewis@example.net,Barbados,2015-12-15,Basic,28673.68
5623,Melissa Estrada,muellerphillip@example.com,Germany,2023-07-29,Standard,30391.41
5624,Joseph Garrett,darrell96@example.org,Slovakia (Slovak Republic),2016-10-08,Standard,6531.43
5625,Jeffrey Gray,russellterri@example.net,Tokelau,2024-03-01,Standard,37601.4
5626,Grant Lucero,bgray@example.net,Chad,2021-09-23,Standard,59411.88
5627,Michael Bennett,fpark@example.net,Belize,2020-08-29,Standard,42086.75
5628,David Vaughn,cdelacruz@example.com,Kuwait,2019-05-26,Standard,54533.86
5629,Ricky Baker,cruzjames@example.org,Israel,2025-06-07,Standard,74928.85
5630,Cory Pitts,lisacollins@example.net,Namibia,2015-07-24,Basic,49927.61
5631,Leah Bennett,paynekimberly@example.net,Suriname,2017-07-28,Standard,44265.92
5632,Kayla Todd,robertskeith@example.org,Congo,2023-11-12,Basic,19584.2
5633,Daniel Torres,ggreen@example.org,Spain,2016-04-05,Premium,43677.86
5634,Barbara Elliott,michellesalazar@example.org,Cayman Islands,2025-02-01,Standard,3540.58
5635,Stephanie Clark,burkegwendolyn@example.com,Cuba,2020-06-19,Standard,18796.34
5636,Andrea Martin,joshuahorn@example.com,Greenland,2022-10-01,Standard,67058.77
5637,Lisa Carlson,alvarezmatthew@example.com,Slovenia,2023-02-08,Standard,17003.77
5638,Nicole Washington,briandavidson@example.com,Guernsey,2025-06-10,Standard,8248.91
5639,Joseph Gonzalez,hollandmitchell@example.org,Finland,2024-01-10,Standard,59890.35
5640,James Gibson,mbarajas@example.com,Spain,2017-01-14,Standard,48177.97
5641,Melissa Harris,jenniferanderson@example.net,Hungary,2021-10-13,Standard,3626.28
5642,John Lawrence,xedwards@example.com,Myanmar,2018-03-05,Basic,52725.32
5643,Dr. Amanda Jacobs,joseph02@example.net,Romania,2021-02-17,Basic,28379.52
5644,Melissa Barrera,anitadoyle@example.org,Honduras,2021-11-10,Standard,20046.14
5645,Jillian Duncan,youngpaul@example.com,Faroe Islands,2020-09-26,Standard,20106.94
5646,Kelly Randall,amorrison@example.net,Seychelles,2015-02-17,Standard,5090.8
5647,Jeff Cunningham,hatfieldkenneth@example.net,Puerto Rico,2019-04-30,Standard,25516.84
5648,Kevin Reese,chelsea44@example.com,Lao People's Democratic Republic,2018-12-27,Premium,73596.66
5649,Jimmy Chavez,kevin52@example.com,Monaco,2022-01-25,Standard,18426.06
5650,Antonio Cook,kwilcox@example.net,Lebanon,2016-05-27,Standard,40810.82
5651,Anthony Stewart,wigginsjohn@example.org,Venezuela,2025-10-07,Premium,72582.68
5652,Robert Allen,tinashepard@example.org,Denmark,2020-12-29,Basic,16844.69
5653,Joseph George,loweandrew@example.net,Oman,2017-07-22,Standard,52327.42
5654,Johnny Stevens,ghoward@example.org,Morocco,2016-07-17,Standard,66054.99
5655,Lori Massey,tracielong@example.com,Taiwan,2016-09-11,Basic,29790.34
5656,Whitney Riddle,kerri63@example.org,Serbia,2019-12-29,Basic,56528.92
5657,Dr. Andrea Powell,crussell@example.net,Serbia,2015-04-01,Standard,5344.2
5658,Jennifer Powell,lauracannon@example.com,Cote d'Ivoire,2018-05-13,Standard,4989.9
5659,Barbara Smith,douglaslloyd@example.org,Gabon,2016-04-07,Premium,74903.63
5660,Lisa Fisher,bishoprichard@example.com,Sudan,2023-02-16,Standard,56812.47
5661,Latasha Chavez,jeffrey44@example.org,Svalbard & Jan Mayen Islands,2021-09-22,Standard,49673.29
5662,Justin Rogers,andersondenise@example.com,Chile,2024-03-15,Standard,12452.57
5663,Joshua Johnson,haynesmichelle@example.net,Egypt,2016-03-18,Basic,53676.42
5664,Tabitha Martin,starkkristy@example.net,Central African Republic,2019-07-28,Standard,35764.5
5665,Heather Garrison,anthony56@example.net,Japan,2017-10-15,Basic,25794.24
5666,Linda Johnson,burkenancy@example.org,Benin,2021-03-28,Premium,19274.81
5667,Emily Drake,herringpatricia@example.org,Vanuatu,2023-09-29,Standard,30195.47
5668,Jesus Palmer,heather27@example.com,Maldives,2016-11-09,Basic,1889.33
5669,Ryan Pearson,timothyolsen@example.net,Zimbabwe,2023-06-01,Standard,71722.08
5670,Natalie Gonzalez,jeremycalderon@example.com,Wallis and Futuna,2016-05-25,Standard,11062.18
5671,Emily Moore,arnoldjonathan@example.com,Kiribati,2022-04-17,Standard,32311.6
5672,James Perry,nicolerandall@example.net,Sierra Leone,2018-03-30,Premium,14695.33
5673,Nicholas Campbell,lewisamanda@example.org,North Macedonia,2019-09-02,Standard,59130.42
5674,Sherry Tucker,elizabethlittle@example.com,Sweden,2023-06-22,Standard,4972.67
5675,David Kidd,jacqueline54@example.com,San Marino,2025-06-11,Basic,67269.03
5676,Robert Mcbride,kathleenweaver@example.net,Isle of Man,2016-06-03,Basic,57986.89
5677,Christopher Green,jonescarolyn@example.net,Niger,2021-06-05,Basic,44692.4
5678,William Villanueva,stafforderin@example.com,Croatia,2021-02-17,Basic,47378.9
5679,Robert Baker,matthewespinoza@example.com,Brunei Darussalam,2015-01-12,Standard,68089.6
5680,Kim Boyer,crawfordveronica@example.org,Syrian Arab Republic,2021-03-07,Basic,34763.95
5681,Rachael Duarte,tanya75@example.org,Ecuador,2019-12-19,Premium,20544.52
5682,Dawn Williams,christine85@example.org,Holy See (Vatican City State),2016-03-04,Standard,38893.63
5683,Kimberly Novak,brett55@example.com,Israel,2021-12-24,Basic,63020.16
5684,Angela Brown,stanleydeanna@example.org,Bhutan,2019-03-23,Standard,29740.34
5685,Rachael Bailey,crobinson@example.org,Greenland,2021-11-30,Basic,41057.15
5686,Aaron Wilson,nicholas39@example.com,Faroe Islands,2025-04-06,Standard,46401.15
5687,Olivia Payne,jonathan00@example.net,Chad,2019-06-10,Standard,73150.37
5688,Monique Clark,sarah07@example.net,Luxembourg,2018-06-30,Standard,41329.02
5689,Spencer Peterson,bonniesweeney@example.org,Senegal,2018-07-03,Basic,28741.89
5690,Nicholas Chen,juliemoore@example.com,Cambodia,2018-09-02,Standard,65038.24
5691,Gary Diaz,jasmine62@example.net,Gabon,2018-07-08,Standard,19776.11
5692,Jacqueline Hogan,opayne@example.org,Nepal,2016-05-23,Basic,3935.21
5693,Kevin Roberts,johnsonevelyn@example.org,Mauritius,2022-08-15,Standard,54248.02
5694,Heather Wallace,lschmidt@example.net,Wallis and Futuna,2023-10-05,Standard,63400.18
5695,Meghan Knight,gwhite@example.org,Netherlands,2022-10-25,Standard,27258.38
5696,Craig Fleming,hoffmananna@example.com,Norfolk Island,2015-07-02,Basic,66714.25
5697,Shannon Becker,richard07@example.com,Guam,2015-11-18,Standard,5511.18
5698,Brooke Flores,abowman@example.org,United States Minor Outlying Islands,2017-07-19,Standard,54682.77
5699,Brett Ferguson,ckelly@example.com,Austria,2023-08-26,Basic,40451.86
5700,Kristen Johnson,austinpeterson@example.net,United States of America,2019-09-22,Standard,29767.71
5701,David Mcguire,tannertina@example.org,Mozambique,2022-12-15,Standard,30956.52
5702,James Green,timothy73@example.net,Chad,2021-06-30,Standard,7725.62
5703,Edward Bauer,alexander73@example.net,Bolivia,2015-08-17,Standard,28086.03
5704,Angela Weaver,martinezhenry@example.org,Saudi Arabia,2015-04-12,Standard,823.96
5705,Theodore Bishop,mosschristine@example.net,El Salvador,2018-05-18,Standard,48936.72
5706,Stephanie Miller,aperry@example.com,Liberia,2025-11-22,Basic,22578.82
5707,Allen Benson,michaelramos@example.com,Haiti,2018-04-16,Standard,13624.83
5708,Michael Johnson,danielcohen@example.org,Algeria,2022-08-27,Basic,74898.34
5709,Angela Hughes,gregoryrivera@example.net,Vietnam,2023-04-22,Basic,58967.41
5710,Ryan Vasquez,aguirrepatrick@example.com,Rwanda,2019-11-02,Basic,46100.94
5711,Christine Johnson,sjohnson@example.org,Moldova,2023-11-07,Standard,3987.68
5712,Cynthia Sanders,jasonyork@example.com,Hong Kong,2024-03-13,Standard,12346.74
5713,Darlene Campbell,johnsonbrandon@example.com,Bahamas,2019-10-02,Basic,23477.97
5714,Tyler Young,nrice@example.org,Barbados,2019-12-20,Basic,36879.69
5715,Joshua Williams,mmartin@example.org,Macao,2021-05-28,Standard,66961.65
5716,Kaitlin Patrick,barberdiana@example.com,Bahamas,2023-08-12,Standard,71486.1
5717,Pamela Nelson,isingh@example.net,Heard Island and McDonald Islands,2023-10-06,Standard,16749.77
5718,Jacob Watkins,lindawalker@example.net,Kyrgyz Republic,2019-10-08,Standard,45743.65
5719,Erica Chapman,kayla91@example.org,Svalbard & Jan Mayen Islands,2019-02-22,Premium,64313.54
5720,Lisa Montgomery,juliadavid@example.net,Finland,2019-04-11,Standard,30481.63
5721,Sarah Edwards,kellimedina@example.com,Germany,2017-01-24,Basic,64108.04
5722,Cheryl Wiley,bakerlisa@example.org,Anguilla,2018-03-30,Basic,25403.92
5723,Sarah Smith,philiphammond@example.com,Guadeloupe,2018-09-30,Premium,29887.66
5724,Gregory Burnett,yballard@example.net,Benin,2025-05-18,Standard,26190.01
5725,Christine Taylor,garciamelissa@example.org,Svalbard & Jan Mayen Islands,2022-07-28,Premium,52185.74
5726,Mrs. Cheryl Lamb,christophersolis@example.org,Iceland,2016-04-30,Standard,64204.27
5727,Melinda Glenn,pattonkaitlyn@example.com,Micronesia,2025-10-20,Standard,22234.9
5728,Sarah Walsh,nicholsheather@example.net,Japan,2025-10-24,Basic,34031.49
5729,Angela Martin,wayne44@example.net,Turkmenistan,2020-04-25,Basic,52122.73
5730,James Flores,ilivingston@example.org,Bolivia,2018-07-18,Standard,10291.66
5731,Brian Sullivan,smithalyssa@example.org,Thailand,2016-02-29,Standard,29413.23
5732,Jordan Perry,xmccann@example.org,Belize,2016-02-14,Premium,21249.56
5733,Timothy Webb,awilson@example.com,Serbia,2024-07-20,Premium,68326.24
5734,James Jenkins,vhill@example.com,Bolivia,2020-12-24,Standard,71751.76
5735,Stephen Bell,ronald95@example.org,North Macedonia,2015-09-03,Basic,48046.49
5736,William Cooper,stephen68@example.net,Syrian Arab Republic,2021-01-07,Premium,67856.68
5737,Melissa Love,erinarmstrong@example.org,Iceland,2020-10-15,Premium,35725.25
5738,Janice Walker,terricurtis@example.net,Lesotho,2020-07-18,Basic,36219.73
5739,Amanda Baker,maciasmichael@example.net,Bahamas,2024-10-22,Basic,9806.95
5740,Rebecca Cochran,dawn19@example.net,Yemen,2024-11-23,Premium,43443.51
5741,Michael Mclaughlin,jeffreysantos@example.com,United States Minor Outlying Islands,2023-10-23,Basic,33445.6
5742,George Garza Jr.,wardtamara@example.net,Romania,2018-01-24,Basic,69841.16
5743,Michael Garrison,lindawagner@example.com,Bermuda,2019-08-01,Standard,74567.65
5744,Thomas Travis,hamiltonamy@example.net,Benin,2022-02-28,Basic,63992.45
5745,Michael Ortiz,stanleylatasha@example.org,Anguilla,2023-03-11,Basic,5941.44
5746,Laura Brown,fowlerjason@example.org,Falkland Islands (Malvinas),2017-04-15,Premium,12555.64
5747,Christine Wright,srose@example.net,Luxembourg,2023-07-09,Standard,17353.37
5748,Mark Todd,justinthomas@example.net,Eritrea,2019-10-28,Basic,25825.74
5749,Jeff Hughes,owentravis@example.com,Dominican Republic,2019-04-30,Standard,44258.48
5750,Jason Porter,carrieharris@example.com,Marshall Islands,2020-03-04,Basic,40038.67
5751,Eric Webb,brandyrogers@example.com,Peru,2022-02-16,Standard,73034.29
5752,Michael Williams,michael82@example.com,Burundi,2025-08-18,Standard,73759.23
5753,Taylor Walker,matthewdavis@example.net,Seychelles,2016-05-20,Standard,23404.78
5754,Kristina Marshall,awalker@example.com,South Georgia and the South Sandwich Islands,2017-08-10,Standard,52180.03
5755,Jeremy Camacho,jose76@example.com,Saint Barthelemy,2019-01-22,Standard,65929.08
5756,Randy Turner,vblack@example.org,Isle of Man,2018-01-04,Basic,73501.13
5757,Andrea Wood,xgarcia@example.net,Palestinian Territory,2019-10-25,Premium,50767.59
5758,Juan Murphy,ojohnson@example.com,Albania,2018-03-14,Standard,49048.39
5759,Heather Wilkerson,felicia80@example.com,Israel,2016-08-19,Standard,25555.81
5760,Joseph Holmes,perezelizabeth@example.org,Christmas Island,2015-11-11,Basic,63451.87
5761,Anthony Nichols,jamesobrien@example.net,Christmas Island,2016-09-23,Premium,70848.71
5762,Shelly Anderson,michael48@example.net,British Indian Ocean Territory (Chagos Archipelago),2018-03-15,Basic,73858.23
5763,Alan Lopez,lindsay41@example.com,Jamaica,2023-04-05,Basic,46204.55
5764,Heather Russell,corey91@example.org,Palau,2025-07-17,Basic,36971.2
5765,Michael Ford,ashleyguerrero@example.org,Norfolk Island,2015-12-14,Standard,61216.02
5766,Kenneth Weiss,sheliaedwards@example.com,Finland,2019-06-19,Standard,67612.49
5767,Stephanie Smith,taylorthomas@example.org,Turks and Caicos Islands,2018-04-17,Basic,18406.49
5768,John Garcia,paul85@example.org,Sweden,2016-11-12,Standard,50969.24
5769,April Garza,fcampbell@example.net,United States of America,2024-09-23,Standard,2545.21
5770,Alexis Fox,anthonypham@example.net,Nepal,2022-09-07,Basic,40532.47
5771,Carol Reid,ggreen@example.net,Niger,2020-04-28,Standard,5690.0
5772,Erika Curry,mooreannette@example.com,Italy,2021-02-01,Standard,1193.02
5773,Cameron Perry,angela28@example.org,Vanuatu,2021-10-21,Premium,63547.92
5774,Joshua Cruz,awhite@example.org,American Samoa,2024-04-09,Basic,72183.14
5775,Holly Stephens,roykayla@example.net,American Samoa,2022-02-15,Premium,24839.11
5776,David Smith,stephenhernandez@example.com,Tonga,2023-11-22,Standard,29149.32
5777,Karen Martin,brentcampos@example.org,Algeria,2021-02-11,Basic,24543.73
5778,Antonio Trevino,lamroger@example.net,Chile,2021-12-31,Standard,11075.77
5779,Christine Zimmerman,pgray@example.com,Chad,2017-07-29,Basic,24994.05
5780,Derrick Bailey,cantrellvictoria@example.org,Kiribati,2024-08-14,Basic,1133.19
5781,Richard Jacobson,ngross@example.net,Chad,2022-02-11,Basic,52575.35
5782,Melissa Parker,eileenortiz@example.com,Mauritania,2023-01-08,Basic,38723.99
5783,Cynthia Silva,lgonzalez@example.net,Svalbard & Jan Mayen Islands,2020-08-31,Basic,33180.48
5784,Maria Adams,michael10@example.net,Cambodia,2024-06-13,Standard,67898.97
5785,Nicole Bentley,michael88@example.com,Korea,2018-02-16,Standard,74170.17
5786,Brittany Robertson,josepena@example.net,Maldives,2025-09-18,Standard,68780.04
5787,Anne Hamilton,bellsusan@example.net,Libyan Arab Jamahiriya,2015-08-08,Standard,19826.1
5788,Albert Fields,umiller@example.net,Netherlands Antilles,2020-12-31,Basic,15967.38
5789,Amy Clarke,caleb79@example.com,Niue,2020-04-30,Basic,51710.44
5790,Marissa Lopez,hillmelissa@example.net,Belgium,2022-11-25,Standard,16503.84
5791,Kristina Gilbert,kennedyevan@example.com,Guadeloupe,2022-03-13,Basic,8259.7
5792,Elizabeth Rodgers,brenda00@example.net,Trinidad and Tobago,2023-12-23,Standard,56734.97
5793,Clinton Pruitt,ireed@example.org,Turks and Caicos Islands,2022-03-21,Basic,24207.27
5794,Cody Smith Jr.,kellyleah@example.org,Montenegro,2020-02-13,Standard,11244.5
5795,Dominique Clark,sean29@example.org,Greenland,2017-11-12,Basic,38558.8
5796,Robert Terry,morgan68@example.org,Reunion,2024-01-06,Basic,55216.75
5797,Debra Meyers,smithmatthew@example.net,Monaco,2021-07-29,Standard,43551.16
5798,Richard James,joshualopez@example.net,Oman,2024-12-03,Standard,58286.74
5799,Mrs. Karen Johnson,teresacooper@example.net,Puerto Rico,2015-09-07,Basic,51872.34
5800,Steven West,kyleadams@example.com,Australia,2020-05-25,Standard,73899.96
5801,Heather Nixon,smerritt@example.net,Lesotho,2020-05-17,Standard,10180.16
5802,Mr. David Hurst,raymondamanda@example.com,Kazakhstan,2022-08-21,Premium,63020.99
5803,Joshua Johnson,trevinoemily@example.org,Saint Barthelemy,2015-05-30,Premium,28418.95
5804,Jennifer Adams,xparker@example.net,Belgium,2021-09-16,Basic,64673.13
5805,Sally Preston,brandonmoore@example.org,American Samoa,2022-12-20,Standard,72272.14
5806,Sean Woods,stephen36@example.net,Singapore,2025-02-22,Standard,20268.02
5807,Chelsea Mason,cgray@example.com,Saint Lucia,2017-07-16,Standard,41866.84
5808,Charles Hicks,shelley85@example.org,Saint Kitts and Nevis,2017-08-22,Standard,12414.37
5809,Pamela Adams,qwarren@example.com,Georgia,2016-09-10,Standard,59478.07
5810,Katrina Rodriguez,williamsgregory@example.com,Eritrea,2022-05-25,Basic,73903.46
5811,Derek Allison,justinhowell@example.com,Burkina Faso,2025-04-26,Standard,2498.75
5812,Madison Daugherty,keith04@example.org,Portugal,2021-05-09,Basic,70791.68
5813,Jacqueline Murphy,mlewis@example.com,Armenia,2024-09-20,Standard,13137.09
5814,Theodore Banks,millsbrittany@example.net,British Indian Ocean Territory (Chagos Archipelago),2021-06-25,Standard,3940.86
5815,Matthew Foley,diana55@example.net,Fiji,2016-08-19,Standard,16103.81
5816,Kenneth Crosby,johngalvan@example.org,France,2015-03-03,Premium,61262.02
5817,Michael Stevens,fhiggins@example.net,Albania,2015-01-09,Standard,13385.75
5818,Michelle Bennett,mphillips@example.com,Austria,2019-04-30,Premium,51951.96
5819,Kimberly Stanton,cassandra71@example.com,Czech Republic,2015-07-05,Standard,28610.33
5820,Laura Nelson,yolanda34@example.com,Iceland,2022-01-30,Basic,38217.26
5821,Kellie Aguilar,omiller@example.net,Bermuda,2025-04-24,Standard,65120.72
5822,Kelsey Castillo,ureyes@example.com,Malta,2019-05-02,Basic,36193.27
5823,Kimberly Lopez,kwalters@example.net,Bangladesh,2024-03-03,Premium,41193.64
5824,Jillian Elliott,bowmananthony@example.com,Congo,2023-12-08,Standard,28107.18
5825,Brandi Barnes,lucas74@example.org,Burundi,2023-02-15,Premium,4862.96
5826,Whitney Schmidt,sara95@example.net,Serbia,2025-05-31,Standard,41589.18
5827,Jessica Berry,annette12@example.com,Maldives,2025-07-31,Standard,18486.65
5828,Andrew Stone,gcamacho@example.net,Puerto Rico,2015-07-14,Premium,38397.52
5829,Hannah Sellers,jacksonjoel@example.net,Eritrea,2023-10-13,Basic,20908.18
5830,Mitchell Harris,heather02@example.com,Guatemala,2022-03-12,Basic,64252.04
5831,Jonathan Stark,zchaney@example.net,Lao People's Democratic Republic,2019-08-01,Premium,23785.92
5832,Daniel Garcia,candice86@example.org,Burkina Faso,2024-05-01,Basic,44255.44
5833,Anthony Harris MD,andersonjulia@example.org,Hong Kong,2015-01-15,Standard,7549.95
5834,Mark Washington,mariahill@example.org,Fiji,2015-03-11,Standard,58038.83
5835,April Banks,nwaller@example.org,Saint Kitts and Nevis,2025-04-09,Standard,56431.86
5836,Donald Page,brittanykelley@example.com,Argentina,2024-02-23,Standard,27911.86
5837,Erin Davis,adamsdanielle@example.net,Denmark,2023-04-29,Standard,24874.44
5838,Sarah Davis,debrabarnett@example.net,Haiti,2015-11-02,Standard,32955.73
5839,Nicholas Bauer,amanda26@example.org,North Macedonia,2015-07-08,Standard,67744.72
5840,Brenda Bowen,matthewrios@example.org,Turkey,2022-06-30,Standard,72940.2
5841,Andrew Flores,leah30@example.com,Ukraine,2015-10-30,Standard,20333.27
5842,Brian Perez,smithmichael@example.net,United States Minor Outlying Islands,2025-04-10,Premium,48636.04
5843,Kara Singleton,jameswilliams@example.com,Argentina,2022-12-13,Standard,65095.9
5844,Jennifer Norton,jefferydiaz@example.com,Iran,2025-07-27,Premium,63094.08
5845,Jacob Peters,angelaandrade@example.net,Mongolia,2024-01-22,Standard,21343.89
5846,Elizabeth Tyler,williamsmichael@example.com,Liechtenstein,2019-06-22,Standard,24463.84
5847,Christine Boyer,rebeccasmith@example.net,Saint Pierre and Miquelon,2021-08-19,Standard,69199.01
5848,Jennifer Price,alejandro47@example.com,Anguilla,2015-06-21,Standard,46491.38
5849,Robert Smith,zshelton@example.com,Slovenia,2023-09-02,Standard,1374.57
5850,Kurt Salazar,brewermarcus@example.com,Trinidad and Tobago,2019-09-16,Standard,14799.89
5851,Sharon Goodman,frankjackson@example.org,Armenia,2016-07-30,Standard,22241.53
5852,Albert Ross,andrewsmichelle@example.com,Timor-Leste,2021-05-01,Standard,54489.77
5853,Sara Garcia,patrickallen@example.net,Belgium,2021-10-21,Standard,12158.09
5854,Rebecca Davis,tina20@example.org,Mexico,2017-08-16,Standard,1403.14
5855,Casey Thomas,angelashelton@example.org,Faroe Islands,2020-10-31,Standard,41962.75
5856,Raymond Fields,kenneth24@example.net,Nepal,2020-04-19,Basic,42540.02
5857,Dustin Johnson,heatherschroeder@example.org,American Samoa,2022-03-09,Standard,51239.08
5858,Connor West,amypowers@example.com,Panama,2019-01-31,Standard,46173.8
5859,Antonio Willis,tbradley@example.org,Grenada,2019-10-23,Premium,60263.09
5860,Christopher Morris,fwilson@example.com,Colombia,2015-11-14,Standard,34151.69
5861,Stephanie Horton,ricky76@example.com,Azerbaijan,2015-04-06,Standard,67285.22
5862,Kimberly Levy,xellis@example.org,Honduras,2015-04-02,Standard,17946.88
5863,Donald Arnold,maybernard@example.org,India,2024-11-18,Basic,10169.4
5864,Timothy Bennett,toddlopez@example.org,Saint Helena,2020-02-05,Basic,74121.77
5865,Jenny Franco,robertburns@example.org,Japan,2021-06-22,Basic,47421.72
5866,Charles Morris,dzimmerman@example.org,Mayotte,2019-04-07,Standard,65482.96
5867,Catherine Turner,calebreynolds@example.net,Cayman Islands,2021-03-16,Premium,73338.9
5868,William Shah,jamesle@example.org,Congo,2025-12-29,Basic,57138.67
5869,Tanya Thompson,jeffguzman@example.org,Hungary,2016-07-24,Basic,27798.65
5870,Michael Wise,samantha01@example.com,French Southern Territories,2019-01-19,Basic,58851.39
5871,Eric Middleton,brittanymoore@example.com,Iceland,2025-09-26,Standard,23748.01
5872,Alexander Ortega,barbaraperez@example.net,Norway,2018-04-06,Premium,36627.68
5873,Douglas Stout,jamesbest@example.com,Bouvet Island (Bouvetoya),2016-07-19,Basic,50404.57
5874,Craig Peterson,jaredboyd@example.net,Norway,2017-01-27,Standard,29035.97
5875,Holly Weber,petersonkathryn@example.net,Northern Mariana Islands,2022-07-19,Basic,7468.76
5876,Gina Olson,brian25@example.com,Bulgaria,2016-08-15,Basic,48462.33
5877,Patrick Becker,smithadam@example.com,Tunisia,2021-08-22,Standard,45739.24
5878,Kristin Morrison,wesley46@example.net,Korea,2017-12-26,Standard,10548.37
5879,Nathan Mullins,juliagarcia@example.net,Egypt,2025-07-29,Standard,10783.27
5880,Tiffany James,blake69@example.org,Papua New Guinea,2015-11-01,Standard,38538.95
5881,Judith Mcmillan,francismason@example.org,Philippines,2024-11-20,Standard,60884.42
5882,Rebekah Reid,patricia11@example.net,Papua New Guinea,2023-02-01,Basic,66319.99
5883,Paul Richardson,tthompson@example.org,Cambodia,2016-06-24,Basic,20163.48
5884,Jason Fisher,hartmansarah@example.com,Zambia,2022-08-21,Premium,41628.02
5885,Erik Morales,mjohnson@example.com,Swaziland,2024-05-13,Standard,36586.47
5886,Ryan Kirby,kathleen20@example.com,Ghana,2020-09-02,Premium,32775.05
5887,Nicholas Walker,swalters@example.org,French Southern Territories,2016-08-02,Premium,63407.91
5888,Melissa Bullock,timothyreed@example.net,Ethiopia,2020-07-28,Premium,65255.85
5889,Bryan Franklin,emma68@example.org,Pakistan,2015-03-15,Basic,53345.42
5890,Lisa Barry,john12@example.org,Haiti,2022-02-02,Basic,3971.13
5891,Scott Morales,jcampbell@example.com,Bahamas,2025-01-28,Standard,69419.22
5892,Matthew Contreras,juan86@example.net,Vietnam,2015-08-05,Standard,20814.4
5893,Amanda Mcgrath,stevenschristopher@example.org,Saint Martin,2016-07-11,Standard,16042.59
5894,Andrew Taylor,alexandra05@example.com,New Caledonia,2016-12-28,Standard,64872.63
5895,Terri Garcia,lparker@example.net,Angola,2021-11-07,Standard,68985.79
5896,David Jones,barrettkimberly@example.org,Kazakhstan,2023-10-31,Standard,54153.68
5897,Corey Jones,samantha20@example.com,Montenegro,2020-06-11,Standard,4616.2
5898,Alexis Rosario,brian41@example.org,Barbados,2024-02-28,Standard,70912.66
5899,Andrew Boone,charlesowen@example.com,Solomon Islands,2017-12-08,Standard,12278.6
5900,Brandon Luna,cdunn@example.com,Israel,2016-07-12,Basic,18217.69
5901,Jeffrey Levy,deborah41@example.com,Mali,2025-07-23,Basic,5668.48
5902,Timothy Cook,knightdavid@example.net,Bulgaria,2023-11-30,Basic,69333.65
5903,Kara Jennings,cooperjerry@example.com,Brazil,2015-09-27,Basic,716.96
5904,George Wilson,uthompson@example.com,Tanzania,2021-04-22,Premium,26519.56
5905,Daniel Wood,josejohnson@example.org,Oman,2015-08-30,Standard,56541.09
5906,Tracey Smith,stephanie72@example.com,Guernsey,2025-12-06,Premium,43183.48
5907,Samuel Johnson,victorjones@example.org,Albania,2020-03-14,Premium,13555.52
5908,Frank Johnson,manuel24@example.org,Mexico,2024-02-26,Basic,8413.25
5909,Michelle Johnson,icraig@example.com,Seychelles,2019-10-17,Standard,23795.01
5910,Robin Russell,powerssandra@example.net,Saint Pierre and Miquelon,2023-05-05,Premium,66038.37
5911,Laura Casey,raymondjanet@example.com,Sierra Leone,2024-09-01,Standard,71038.57
5912,Robert Carr,martinjennifer@example.net,Korea,2021-05-21,Basic,4229.7
5913,Ashley Moody,dorothybruce@example.net,Colombia,2020-03-08,Premium,3527.8
5914,Jillian Roach,rogersbrittany@example.com,Nigeria,2018-07-09,Premium,32406.55
5915,Henry Fields,jasmine02@example.com,Japan,2020-06-04,Standard,594.11
5916,Christopher Sanchez,zgarrett@example.com,Uganda,2022-05-01,Standard,52624.41
5917,Arthur Miller,chad29@example.net,Saint Lucia,2023-10-22,Premium,37937.46
5918,Shawn Hernandez,jacob67@example.com,Luxembourg,2022-11-03,Standard,53425.39
5919,Cynthia Cruz,aromero@example.com,Afghanistan,2016-07-30,Standard,60851.93
5920,Stephanie King,gordonlaura@example.net,Guinea-Bissau,2019-08-20,Basic,39262.25
5921,Michael Tanner,juliadavis@example.com,Korea,2024-09-13,Standard,43088.06
5922,Amy White,laceycruz@example.net,Iceland,2021-09-03,Basic,26009.88
5923,Alexis Griffin,brittanycoffey@example.net,Brazil,2023-08-04,Standard,71752.1
5924,Jane Kirby,rbrown@example.net,United States Virgin Islands,2015-12-27,Premium,62765.84
5925,Tiffany Henderson,maddenmelissa@example.org,Micronesia,2020-10-09,Basic,59529.11
5926,Michael Weber,dominiquepowers@example.com,India,2017-04-08,Basic,73310.96
5927,Cindy Jenkins,zperez@example.org,Cuba,2015-12-05,Basic,60867.53
5928,Linda Cordova,myersjacqueline@example.net,Lithuania,2023-09-04,Standard,57845.8
5929,Ricky Peterson,foxanthony@example.org,Guadeloupe,2015-07-05,Premium,19521.82
5930,Amber Franklin,bradleygarrett@example.org,Guyana,2022-06-12,Standard,58157.57
5931,Michael Gill,belltheresa@example.com,Uganda,2017-01-20,Standard,16827.98
5932,Edward Marsh,kimberly24@example.org,Israel,2017-05-23,Premium,66957.04
5933,Anthony Smith,caitlynwalton@example.net,New Zealand,2023-03-03,Basic,58829.45
5934,Jessica Davis,farmerwilliam@example.net,Ukraine,2023-07-27,Standard,19388.51
5935,Lisa Herrera,qsnyder@example.net,American Samoa,2024-10-09,Basic,18336.25
5936,Ryan Davis,sramirez@example.org,British Indian Ocean Territory (Chagos Archipelago),2015-09-05,Basic,31695.6
5937,Jessica Cook,costawendy@example.org,Fiji,2021-02-13,Standard,20657.39
5938,Johnny May,joangarcia@example.com,Guinea,2020-01-09,Standard,55963.56
5939,Mary Anderson,christinewilliams@example.net,Egypt,2023-01-18,Standard,41209.54
5940,Jennifer Meadows,lewistyler@example.net,Japan,2025-06-10,Basic,66851.93
5941,Ian Foster,melissa51@example.com,Egypt,2018-05-28,Standard,14843.59
5942,Michael Irwin,james27@example.org,Maldives,2017-07-22,Basic,24014.48
5943,Anthony Gardner,clarkamber@example.org,Brazil,2025-03-07,Standard,73609.45
5944,Mark Pham,shawmelanie@example.com,United States of America,2019-07-21,Standard,63773.27
5945,Randy Smith,raymichael@example.net,Mali,2018-09-17,Basic,40629.36
5946,Rebecca Wilson,kross@example.org,Luxembourg,2019-12-25,Standard,33552.33
5947,Debbie Adams,campbellkristen@example.com,Samoa,2019-05-31,Basic,52925.42
5948,Stephanie Ross,hamiltondeborah@example.org,Portugal,2018-12-14,Standard,46585.63
5949,John Larsen,ganderson@example.org,Guam,2016-10-15,Premium,72078.84
5950,Matthew Vincent,jacksonpatrick@example.net,Thailand,2024-03-31,Standard,13912.23
5951,Matthew York,vkelly@example.net,Cambodia,2025-07-04,Premium,2792.57
5952,Michelle Matthews,zweaver@example.com,United Kingdom,2016-03-14,Standard,57483.07
5953,William Johnston,melissabarnett@example.com,Falkland Islands (Malvinas),2018-06-21,Premium,47263.57
5954,Shawn Richmond,thompsonamber@example.net,Kazakhstan,2021-09-23,Basic,50039.66
5955,Richard Torres,jeffrey37@example.org,Honduras,2025-08-31,Premium,17709.43
5956,Maria Oliver,huntsamuel@example.org,Slovakia (Slovak Republic),2023-09-26,Premium,7733.75
5957,Lindsey Ramos,danielespinoza@example.net,Equatorial Guinea,2021-09-27,Standard,29245.54
5958,Kenneth Smith,sarah27@example.net,Vietnam,2018-09-07,Basic,1677.47
5959,Brooke Harris,qramsey@example.org,Ghana,2019-12-29,Basic,52885.93
5960,William Moyer,camposronald@example.com,Saint Pierre and Miquelon,2022-11-18,Standard,4285.26
5961,Joseph Franklin,davisnicholas@example.com,Tunisia,2019-07-22,Standard,47629.98
5962,Stephen Griffin,janiceanderson@example.com,Tanzania,2017-08-15,Basic,27978.44
5963,Juan Campos,angelarivera@example.net,Northern Mariana Islands,2018-01-02,Standard,69013.8
5964,Lori Turner,connie03@example.net,Mexico,2016-12-26,Standard,6466.05
5965,Joseph Stein,nicholas69@example.org,Mali,2022-06-24,Basic,66999.42
5966,David Lawson,idavies@example.net,Rwanda,2018-07-09,Premium,32970.87
5967,Gary Perez,michellecooper@example.org,Angola,2019-01-03,Basic,67532.31
5968,John Burke,williamsonlaura@example.net,Malta,2016-10-08,Basic,4699.2
5969,Kelli Acevedo,howardzachary@example.net,Spain,2022-11-05,Basic,57026.1
5970,Tyrone Spears,lisa12@example.net,Marshall Islands,2016-03-30,Basic,6150.76
5971,William Manning,joshua18@example.org,Cook Islands,2025-06-08,Standard,64746.07
5972,Kristin Rodriguez,tmullins@example.com,Cameroon,2025-11-03,Standard,65918.46
5973,Allison Lang,jeffrey20@example.org,Nepal,2021-08-06,Basic,51557.31
5974,Michael Santos,ramosronald@example.com,Tonga,2021-12-04,Standard,47620.31
5975,Aaron Waters,teresaflores@example.net,Norfolk Island,2015-06-29,Standard,32995.11
5976,Janet Brown,philipchavez@example.org,Iceland,2023-07-31,Basic,37050.37
5977,Christopher King,christopher51@example.com,Saint Pierre and Miquelon,2016-06-12,Standard,14546.9
5978,Luis Kim,davidsonwilliam@example.net,Cayman Islands,2025-06-09,Standard,41418.15
5979,Deborah Allen,amy17@example.net,Central African Republic,2022-07-23,Standard,55801.47
5980,Melanie Garner,wharris@example.com,Bangladesh,2017-08-02,Standard,2346.76
5981,Thomas Johnson,xsantiago@example.org,Nepal,2015-07-17,Standard,62235.21
5982,Alexander Swanson,bryanbrianna@example.com,Isle of Man,2025-09-26,Premium,29602.11
5983,Rachel Stein,sara62@example.com,Mali,2018-05-30,Standard,16413.33
5984,Robert Hawkins,vmendoza@example.com,Afghanistan,2022-09-27,Basic,1162.31
5985,Edward Bright,campbelldanny@example.org,Korea,2018-02-10,Basic,9109.18
5986,Shawn Chan,robertkelly@example.net,Sierra Leone,2024-11-06,Standard,70342.15
5987,Glenn Hudson,ymendoza@example.org,Korea,2021-11-10,Standard,3659.13
5988,David Craig,alexander49@example.net,Malawi,2015-09-21,Standard,57083.7
5989,Tracy Wright,wward@example.com,Dominica,2021-11-17,Premium,22666.92
5990,Edwin Crosby,ginachase@example.com,Kazakhstan,2022-05-02,Basic,71667.03
5991,David Green,thoward@example.net,Cook Islands,2025-01-01,Standard,46249.18
5992,Veronica Zimmerman,jonesanna@example.net,Lao People's Democratic Republic,2018-11-18,Standard,41021.89
5993,Michael Lawson,pbrown@example.net,Mauritius,2019-03-12,Basic,18461.42
5994,Nathan Cline,wbrown@example.net,Maldives,2015-07-07,Standard,25699.95
5995,Matthew Wong,jeffrey29@example.net,Portugal,2015-08-31,Standard,5531.96
5996,Stephanie Allen,lance24@example.org,Cape Verde,2025-07-19,Standard,36645.23
5997,Whitney Green,turnerroger@example.net,Hungary,2019-06-18,Standard,48398.37
5998,Stacy Harvey,ryanshannon@example.org,Tuvalu,2025-03-11,Standard,70732.12
5999,Dawn Sandoval,cmartin@example.com,Bosnia and Herzegovina,2021-02-17,Basic,4644.54
6000,Jeremy Bryant,icasey@example.org,Guam,2017-12-12,Standard,33082.62
6001,Barbara Ware,calvinburns@example.com,Venezuela,2017-09-16,Premium,52235.03
6002,Brady Harmon,sgonzalez@example.org,Qatar,2022-10-15,Basic,37696.3
6003,Cindy Jones,sandersrobert@example.net,British Indian Ocean Territory (Chagos Archipelago),2025-09-22,Standard,53820.07
6004,Eric Craig,iwilliamson@example.net,Saint Kitts and Nevis,2024-07-06,Standard,14739.94
6005,Morgan Mendoza,vjackson@example.org,Macao,2025-10-20,Standard,43683.72
6006,Eric Hudson,davidsnyder@example.net,Tuvalu,2015-03-26,Basic,64676.13
6007,Jessica Williams,cgarcia@example.org,Northern Mariana Islands,2019-03-25,Premium,36935.54
6008,Max Howard,matthewherrera@example.net,China,2018-09-30,Basic,63526.72
6009,Ethan Hernandez,zavalaanthony@example.net,Comoros,2022-02-05,Standard,16542.97
6010,Benjamin Waters,johnadams@example.com,Lesotho,2020-07-13,Standard,1076.3
6011,Sabrina Davis,reedleroy@example.org,Togo,2017-11-10,Standard,28616.35
6012,Austin Wilson,christopher19@example.org,Korea,2018-03-16,Premium,29489.43
6013,Jessica Kennedy,mhester@example.org,Sweden,2017-01-22,Premium,40408.61
6014,Christine Leon,twinters@example.com,Ecuador,2022-06-02,Standard,47173.29
6015,Cheryl Preston,michaelhuerta@example.org,Guyana,2016-09-04,Basic,52758.62
6016,Michael Rojas,lisadavis@example.org,Central African Republic,2018-09-17,Standard,16793.85
6017,Elijah Powell,kayla91@example.com,Mozambique,2023-04-08,Basic,5463.36
6018,Lisa Sweeney,oruiz@example.org,Reunion,2022-03-19,Basic,42956.0
6019,April Patterson,mikegonzalez@example.org,Bangladesh,2022-08-04,Basic,31776.17
6020,Rebecca Robinson,nathan36@example.com,Nicaragua,2022-02-22,Premium,18510.33
6021,Melissa Lucero,samuelhamilton@example.com,Norfolk Island,2025-03-30,Basic,40690.79
6022,Elizabeth Caldwell,rachael81@example.org,Panama,2015-02-27,Standard,19182.45
6023,Troy Walton,wvillarreal@example.org,Mongolia,2015-12-29,Standard,67738.26
6024,Alexander Hoover,hillmikayla@example.net,French Polynesia,2023-11-29,Standard,33444.37
6025,Leonard Taylor,davismaria@example.com,Kiribati,2018-02-27,Premium,69582.0
6026,Daniel Juarez,brendan97@example.net,United Arab Emirates,2025-12-08,Basic,25254.75
6027,Kenneth Rojas,htaylor@example.org,Burundi,2023-06-17,Basic,34376.26
6028,Cindy Hernandez,brianahoover@example.net,Turkmenistan,2023-11-10,Basic,42302.32
6029,Amanda Wood,normanstephanie@example.net,Heard Island and McDonald Islands,2024-08-12,Basic,33973.28
6030,Teresa Henry,jmiller@example.org,Saint Kitts and Nevis,2016-12-01,Standard,14158.59
6031,Jasmine Johnson,benjaminluna@example.org,Albania,2019-10-01,Standard,44621.35
6032,Erin Bird,molly80@example.org,Spain,2017-08-03,Standard,29794.29
6033,Christina Wilkins,jason36@example.org,United States Virgin Islands,2022-07-11,Basic,18210.14
6034,Dennis Lopez,wilsonvalerie@example.com,Morocco,2015-02-04,Basic,13643.78
6035,Mark Rios,beckyblake@example.com,Nepal,2019-02-24,Basic,10824.53
6036,Ashley Gray,guzmancarl@example.com,French Guiana,2017-11-13,Standard,14193.76
6037,Mason Stewart,andrewrandall@example.com,Montserrat,2015-04-12,Standard,34886.71
6038,Mark Hartman,santanaveronica@example.org,Italy,2025-03-05,Standard,9674.65
6039,Alexis Avila,patricia36@example.org,Nigeria,2018-11-11,Standard,7039.85
6040,Daniel Evans,dianajacobson@example.com,Cote d'Ivoire,2023-06-07,Basic,17117.32
6041,Aaron Silva,bautistanathan@example.com,Cook Islands,2019-11-03,Standard,13774.71
6042,Victoria Gibbs,jeffrey56@example.net,China,2022-04-04,Basic,12826.57
6043,Megan Bright,linkevin@example.net,Lithuania,2016-12-01,Basic,54485.4
6044,Jason Arnold,marcus16@example.net,Saint Martin,2020-11-18,Premium,68041.1
6045,Mitchell Johnson,patricia74@example.org,Belgium,2025-03-15,Basic,39288.48
6046,Krystal Wood,simsjimmy@example.net,Singapore,2019-02-08,Standard,569.63
6047,Melissa Olsen,rjimenez@example.org,Nigeria,2023-09-01,Standard,32671.68
6048,Victoria Moore,erica68@example.net,Armenia,2021-01-02,Premium,32880.65
6049,Zachary Obrien,brittanyjohnson@example.net,Philippines,2015-12-01,Standard,41380.3
6050,Laurie Thomas,timothy39@example.net,Svalbard & Jan Mayen Islands,2021-05-19,Basic,66084.16
6051,Amanda Mendoza,shannonharris@example.org,Cape Verde,2020-04-10,Basic,51847.49
6052,Walter Tyler,sbradley@example.com,Maldives,2019-04-13,Standard,51882.21
6053,Michael Bryant,evalentine@example.org,Equatorial Guinea,2015-07-26,Standard,3573.17
6054,Miranda Bailey,glassalexis@example.org,Samoa,2025-04-14,Basic,58041.21
6055,Brian Page,cjones@example.org,Argentina,2024-01-24,Standard,40239.61
6056,Kayla Howard,cummingskelli@example.net,Burkina Faso,2015-10-03,Standard,64391.49
6057,Mary Hunter,smithjessica@example.com,Philippines,2025-07-27,Standard,28313.97
6058,Fernando Henson,xthomas@example.com,Belgium,2020-05-18,Standard,68168.96
6059,Brian Moore,dbrown@example.net,Comoros,2018-02-04,Basic,60327.01
6060,Barbara Thomas,daniel61@example.org,Bhutan,2024-09-18,Standard,66184.58
6061,Elizabeth Montes,johnwarner@example.net,Iraq,2020-10-05,Premium,7424.09
6062,Tanya Taylor,ili@example.org,Iceland,2020-05-06,Premium,54248.09
6063,Jennifer Klein,zachary00@example.org,Bahrain,2021-03-07,Standard,4284.58
6064,Daniel Rowland,martinezshawn@example.com,Guadeloupe,2016-06-06,Standard,22267.28
6065,Miss Jeanette Marshall,jacobkelley@example.net,South Georgia and the South Sandwich Islands,2017-07-25,Standard,62941.53
6066,Mrs. Kathy Garcia,kylelong@example.org,China,2015-08-31,Premium,70927.2
6067,Alison Tucker,edwardsjames@example.net,Tokelau,2020-06-18,Standard,20987.47
6068,Peggy Smith,adrian42@example.net,Norway,2023-03-14,Basic,49198.82
6069,Joshua Sanders,stephanie72@example.org,Anguilla,2020-11-19,Premium,56260.63
6070,Katherine Owens,ashleymarissa@example.com,Myanmar,2025-12-03,Basic,5186.41
6071,Tyler Bailey,kstein@example.net,San Marino,2021-10-03,Basic,27152.64
6072,Sheri Brooks,christopher49@example.com,Saint Barthelemy,2022-07-20,Basic,52657.28
6073,Isabel Dean,john52@example.org,Bhutan,2015-02-23,Premium,47140.88
6074,Mr. Eric Baker,qhowe@example.org,Montenegro,2025-12-22,Premium,47644.78
6075,Mary Johnson,christinaschneider@example.com,China,2022-10-21,Premium,70298.57
6076,Reginald Valdez,jenniferthomas@example.com,Niue,2016-06-18,Premium,63965.05
6077,John Molina,danielcox@example.com,Burundi,2024-07-15,Basic,37477.52
6078,Crystal Robinson,juanjones@example.org,American Samoa,2016-02-27,Basic,52235.08
6079,Daniel Campbell,marissa21@example.com,Egypt,2015-06-19,Standard,53909.46
6080,John Gregory,oconnellnathan@example.net,United States of America,2020-08-23,Basic,57007.98
6081,Nancy Snow,qjohnson@example.org,Japan,2015-07-12,Premium,25326.02
6082,Eric Owens,vsalazar@example.net,Vietnam,2015-01-12,Standard,29841.5
6083,Clinton Powell,twong@example.org,Bahrain,2018-11-11,Standard,61909.66
6084,Alan West,nhartman@example.net,Hong Kong,2025-06-26,Basic,44716.59
6085,Michael Mann,jeffjenkins@example.org,Yemen,2018-12-28,Basic,34404.62
6086,Brian Rodriguez,victor05@example.net,Colombia,2021-11-08,Standard,43946.02
6087,Brandon Thomas,aolsen@example.net,Finland,2015-10-18,Standard,10118.43
6088,Tyler Wood,joerobbins@example.org,Cote d'Ivoire,2021-09-16,Standard,48969.16
6089,Angelica Torres,danieljacobson@example.org,Jersey,2024-02-12,Premium,51277.06
6090,Dr. Lisa Beck,erika69@example.com,Armenia,2020-04-07,Standard,55736.65
6091,Brian Ferrell PhD,priscilla11@example.com,Lithuania,2015-06-17,Standard,64922.89
6092,Jody Allen,mcintyretroy@example.com,Oman,2023-05-27,Basic,12144.32
6093,Thomas Morales,richardanderson@example.com,Trinidad and Tobago,2025-08-03,Basic,16558.19
6094,Ryan Morgan,jennifer93@example.com,Bangladesh,2024-06-11,Basic,19959.38
6095,Julia Arnold,michelle80@example.com,Oman,2018-02-04,Basic,40705.62
6096,Lori Jones,orice@example.com,Fiji,2016-10-26,Premium,29185.68
6097,Christopher Freeman,kim94@example.org,Falkland Islands (Malvinas),2024-09-27,Standard,6316.7
6098,David Lawson,richardpatterson@example.org,France,2020-06-17,Standard,9109.03
6099,Peter Floyd,iwilson@example.net,Belarus,2019-07-21,Premium,4426.81
6100,Joseph Singh,snewman@example.com,Kyrgyz Republic,2024-06-07,Standard,27800.94
6101,Jason Compton,nicholas27@example.org,Puerto Rico,2019-05-30,Standard,72736.01
6102,Maria Bowman DDS,stewarttyler@example.com,British Indian Ocean Territory (Chagos Archipelago),2024-12-28,Standard,56547.43
6103,Raven Ramirez,matthew79@example.com,Northern Mariana Islands,2019-06-02,Premium,17731.62
6104,Misty Burke,alvarezscott@example.org,Syrian Arab Republic,2020-09-28,Basic,6537.42
6105,Mark Rogers,anthonysmith@example.com,Congo,2015-09-05,Basic,27313.3
6106,Timothy Garcia,wjackson@example.net,China,2023-07-23,Standard,21698.74
6107,Clifford Sims,patrick24@example.org,Haiti,2015-05-29,Basic,22712.61
6108,Richard Herman,markmassey@example.com,Latvia,2025-12-26,Standard,32503.52
6109,Joseph Jordan,sandrapowell@example.org,Senegal,2023-08-21,Standard,23136.18
6110,Debra Kim,williamtaylor@example.org,Anguilla,2019-09-04,Standard,17047.8
6111,Anthony Jones,kcarter@example.com,Armenia,2021-10-12,Standard,22846.99
6112,James Moore,finleynancy@example.org,Saint Kitts and Nevis,2016-06-14,Standard,34157.75
6113,Joel Williams,ohayes@example.com,Chile,2019-11-13,Basic,29054.19
6114,Anthony Allen,terrinavarro@example.com,Iceland,2018-04-25,Basic,9030.97
6115,Wanda Lee,brianoconnor@example.com,Saint Lucia,2023-10-24,Basic,19365.55
6116,James Carroll,nunezkayla@example.com,United States Virgin Islands,2024-04-17,Standard,10524.05
6117,Dawn Caldwell,jeffwright@example.com,Barbados,2021-03-22,Basic,70577.67
6118,Patrick Mcbride,antoniohudson@example.com,Iraq,2016-09-11,Standard,20174.99
6119,Elizabeth Meza,lthomas@example.org,Taiwan,2020-10-03,Premium,38722.86
6120,Michael Greer,david67@example.net,Somalia,2020-12-26,Standard,71633.24
6121,Kenneth Johnson,fgomez@example.com,Philippines,2021-08-30,Basic,71198.48
6122,Debra Thompson,simpsonbrandon@example.com,Cuba,2023-04-19,Basic,46423.02
6123,Michael Huynh,jjackson@example.net,Lao People's Democratic Republic,2022-03-04,Standard,30715.4
6124,Timothy Harper,rita93@example.net,Iran,2024-03-15,Standard,23507.33
6125,Mr. Joshua Sanders,tuckerphilip@example.net,Norway,2021-05-27,Basic,49436.62
6126,Sean Cole,rebeccahines@example.net,Azerbaijan,2017-04-03,Standard,19959.31
6127,Arthur Clark,george92@example.org,Marshall Islands,2024-12-13,Standard,60423.6
6128,Thomas Martin,stevenrogers@example.com,France,2018-02-27,Premium,72435.61
6129,Rebecca Sanders,crystalbaker@example.net,Pitcairn Islands,2017-02-03,Basic,73064.6
6130,Kimberly Ortiz,megan26@example.org,Indonesia,2019-02-02,Basic,50086.61
6131,Holly Welch,stuartwright@example.net,Namibia,2017-12-03,Standard,17062.24
6132,Amy Martinez,ellen16@example.net,Switzerland,2015-05-23,Basic,71214.95
6133,Amanda Wells,jjones@example.net,Togo,2015-11-19,Basic,18256.2
6134,Peter Banks,joseph19@example.net,Aruba,2022-07-01,Basic,27596.86
6135,Deborah Burns,jacksondonna@example.com,Uzbekistan,2019-03-12,Standard,30573.67
6136,Erin Harris,kosborne@example.org,Zambia,2024-09-07,Basic,20213.94
6137,Cody Mullins,xcontreras@example.com,Sri Lanka,2025-04-10,Standard,54650.37
6138,Edward Wolf,monica19@example.net,Antigua and Barbuda,2020-08-07,Standard,50716.68
6139,Erica Long,gregorylopez@example.com,Libyan Arab Jamahiriya,2021-07-31,Standard,34151.47
6140,Paige Jones,hromero@example.org,Guatemala,2018-01-03,Basic,54111.26
6141,Carolyn Gibson,sullivankelly@example.org,Serbia,2025-04-10,Basic,70719.92
6142,Spencer Lawson,john41@example.net,Kenya,2019-01-16,Standard,71037.46
6143,Scott Levy,zmiller@example.com,Philippines,2021-04-30,Basic,32884.81
6144,Mr. David Mcintyre,mary83@example.com,Jersey,2019-05-29,Standard,64329.16
6145,Kevin Robinson,brandon33@example.com,Malawi,2023-09-18,Standard,54677.98
6146,Samuel Rodriguez,melissaperry@example.com,Hong Kong,2015-09-18,Standard,72180.07
6147,Allison Blackburn,achapman@example.com,Dominican Republic,2016-06-02,Standard,67969.37
6148,Anthony Cain,alutz@example.net,Cook Islands,2019-02-24,Premium,25908.5
6149,Mary Smith,nrusso@example.org,Monaco,2015-02-02,Premium,52406.17
6150,Steven Chavez,bakerevelyn@example.org,Spain,2025-07-04,Standard,69415.65
6151,Jerry Thompson,bethmccoy@example.net,Ireland,2020-09-11,Standard,70507.23
6152,Michele Howell DVM,jordan76@example.net,Turkey,2023-07-12,Premium,25791.36
6153,David Daniel,shelbysimon@example.net,Croatia,2023-10-27,Standard,10909.0
6154,Eric Shelton,laurenrobertson@example.net,Switzerland,2019-06-15,Basic,43284.81
6155,Jonathan Mccoy,qmora@example.net,Anguilla,2016-04-07,Standard,33639.65
6156,Katie Potter,bakercolleen@example.org,India,2020-01-31,Basic,18154.8
6157,Jessica Carney,mark22@example.com,Guyana,2017-09-08,Basic,20894.75
6158,Brandy Freeman,hannahpage@example.com,Christmas Island,2016-05-01,Standard,53875.98
6159,Charles Mcbride,john50@example.org,India,2025-06-19,Standard,29014.25
6160,Laura Waters,ashleyvelez@example.com,Guyana,2022-06-27,Basic,4184.78
6161,Michael Foster,hendersonamy@example.org,Singapore,2021-07-18,Basic,48887.22
6162,Sandra Logan,walkerbianca@example.com,Suriname,2016-10-06,Standard,59499.73
6163,Tiffany Clements,jmorris@example.net,Morocco,2018-05-17,Basic,61289.21
6164,Patrick Knox,rjones@example.org,Malaysia,2017-05-24,Basic,66488.28
6165,Thomas Taylor,chavezjames@example.net,British Indian Ocean Territory (Chagos Archipelago),2021-05-09,Basic,4423.78
6166,Anita Baker,xrivera@example.org,Singapore,2020-02-19,Standard,49419.46
6167,Daniel Carpenter,wendy16@example.com,Turkmenistan,2022-08-20,Standard,72088.53
6168,Jennifer Sawyer,christine91@example.net,Hong Kong,2022-03-29,Basic,2491.58
6169,Mrs. Jessica Brown MD,nicholaslucero@example.net,Russian Federation,2025-07-17,Standard,9368.15
6170,Rebecca Parks,jimmy04@example.org,Tuvalu,2016-11-15,Standard,26881.02
6171,Valerie Phillips,yorkeric@example.org,British Indian Ocean Territory (Chagos Archipelago),2019-02-17,Premium,9238.48
6172,John Nelson DVM,herbertgarcia@example.org,Pitcairn Islands,2025-04-10,Basic,33635.9
6173,Walter Rodriguez,glee@example.org,Paraguay,2016-10-02,Basic,21243.64
6174,Rebekah Johnston,jonathanharris@example.com,Greece,2022-05-18,Standard,61219.5
6175,Matthew Garza,amber85@example.org,Madagascar,2019-11-09,Standard,67245.52
6176,Cynthia Wells,evansjared@example.com,Benin,2020-03-01,Basic,38035.07
6177,Emily Simmons,tracifletcher@example.org,Bahrain,2022-04-18,Standard,63349.58
6178,Tonya Jacobs,englishoscar@example.org,Senegal,2016-04-05,Basic,37479.63
6179,Jeremy Miller,monica33@example.net,North Macedonia,2016-11-01,Standard,48300.48
6180,Stephanie Morris,washingtonrobert@example.net,Cambodia,2022-08-03,Basic,70048.47
6181,Bridget Sanders,ashleynewman@example.net,Equatorial Guinea,2023-12-08,Premium,39795.5
6182,Juan Williams,michael18@example.com,Montserrat,2016-08-27,Standard,55712.4
6183,Veronica Avila,simmonsgregory@example.com,Nepal,2020-01-30,Standard,33492.04
6184,Ashley Turner,jessicamorgan@example.org,Cuba,2022-08-25,Premium,32390.61
6185,Tracy Rodriguez,robertschwartz@example.com,Belgium,2020-04-01,Standard,14325.45
6186,Jeffrey Smith,john70@example.com,Sao Tome and Principe,2015-09-11,Premium,21079.64
6187,Melissa Young,fmiller@example.net,Eritrea,2023-07-24,Standard,3736.44
6188,Mr. Paul Dickerson,lindathompson@example.com,Somalia,2016-09-16,Standard,26943.97
6189,Pamela Turner,alvaradopaul@example.com,Burundi,2015-09-15,Basic,69949.07
6190,Mrs. Victoria Dickerson,christopher62@example.net,Congo,2018-08-26,Premium,70219.8
6191,Peter Rodriguez,joneal@example.net,Korea,2015-07-06,Standard,49456.83
6192,Michael Grant,travis40@example.org,New Caledonia,2020-06-04,Premium,69077.92
6193,Margaret Cooper,chavezmatthew@example.org,Eritrea,2016-06-08,Basic,13569.06
6194,Brian Rodriguez,amberquinn@example.com,Australia,2020-03-11,Premium,14176.57
6195,Shane Martinez,swoods@example.com,Kazakhstan,2016-05-06,Standard,70915.89
6196,Kevin Brown,christopher25@example.net,Sao Tome and Principe,2017-07-17,Standard,45415.1
6197,Harold Gonzalez,robinsonmark@example.com,Central African Republic,2016-05-20,Basic,51999.4
6198,Kelly Lee,edgarharvey@example.com,Libyan Arab Jamahiriya,2019-06-19,Basic,16516.85
6199,Stephanie Heath,sarahnichols@example.net,Paraguay,2015-12-22,Standard,47159.1
6200,Kent Savage,dmacias@example.com,Egypt,2015-05-24,Standard,12544.76
6201,Kayla Myers,donaldmarquez@example.net,Faroe Islands,2021-12-24,Standard,15059.14
6202,Michael Gonzalez,fthompson@example.org,Belarus,2020-10-23,Standard,53261.75
6203,Brian Aguirre,michelle59@example.com,Guatemala,2023-01-31,Basic,13406.77
6204,Lisa Schaefer,colemanashley@example.net,Guadeloupe,2021-06-15,Premium,48454.43
6205,Mary Lawson,zyoung@example.org,New Caledonia,2023-10-17,Basic,64231.9
6206,Julia Hernandez,mark41@example.com,Mozambique,2019-03-10,Standard,9804.58
6207,Ross Jensen,christopherprince@example.net,British Indian Ocean Territory (Chagos Archipelago),2025-01-06,Basic,26580.6
6208,Thomas Kelly,jennifer09@example.com,Kyrgyz Republic,2025-03-14,Basic,51295.69
6209,Bridget Browning,troy04@example.org,Yemen,2022-03-06,Standard,12880.95
6210,Caitlin Santiago,dfields@example.org,Cook Islands,2017-07-18,Standard,61147.45
6211,Thomas Jordan,brendanchavez@example.net,Turkmenistan,2020-11-08,Standard,14460.28
6212,Robert Freeman,estradaaaron@example.org,Indonesia,2018-03-22,Standard,13279.4
6213,Heather Montoya,howelljustin@example.com,Chile,2022-10-11,Standard,35657.69
6214,Tracy Ramirez,ugarcia@example.org,Faroe Islands,2017-06-28,Basic,58682.99
6215,Patrick Porter,annataylor@example.net,Cambodia,2017-07-17,Basic,17106.26
6216,Anita Graves,smithbrenda@example.com,Aruba,2018-12-04,Standard,6761.29
6217,Noah Torres,rebecca72@example.net,Montserrat,2016-01-11,Basic,35348.3
6218,Gregory Wood,johngordon@example.net,Niger,2020-02-24,Basic,41454.22
6219,Louis Herman,timothy45@example.com,Vanuatu,2021-10-22,Premium,14260.96
6220,Diane Summers,jamesmorrow@example.org,Singapore,2023-07-29,Standard,71980.77
6221,Madison Stephens,nicole65@example.org,Montserrat,2024-07-28,Standard,12090.02
6222,Christine Carter,latoyahansen@example.com,Benin,2015-02-27,Standard,3133.44
6223,Bruce Norton,ystanley@example.com,Panama,2016-02-13,Standard,11908.83
6224,Deborah Perkins,michaelgarner@example.org,Tunisia,2024-03-27,Standard,63437.8
6225,Tammy Wilson DDS,ostevenson@example.org,Costa Rica,2025-10-18,Basic,16864.04
6226,Michael Hall,kruegerjade@example.com,Bouvet Island (Bouvetoya),2025-10-14,Standard,42126.49
6227,Sabrina Collier,garrettamanda@example.org,Spain,2024-08-19,Standard,6950.63
6228,Alan Hamilton,ashleynixon@example.org,Marshall Islands,2022-01-25,Standard,59583.25
6229,Julia Walters,leonarddoris@example.org,Mayotte,2017-12-09,Standard,53132.0
6230,Tanya Moore,samanthahawkins@example.com,Morocco,2019-07-07,Standard,19555.73
6231,Susan Townsend,laurensantiago@example.com,Korea,2023-06-15,Standard,24492.31
6232,Emily Patton,qcollins@example.org,United Kingdom,2025-12-26,Standard,11099.86
6233,Matthew Lopez,renee72@example.net,India,2022-09-30,Basic,16447.65
6234,William Miles,kevinsmith@example.org,Djibouti,2016-10-23,Basic,10837.17
6235,Deborah Dean,perezthomas@example.com,Nigeria,2022-02-12,Basic,38249.78
6236,Frank Lawson,penachristy@example.com,Seychelles,2017-11-05,Premium,45655.26
6237,Joseph Bennett,christinayoung@example.net,Slovenia,2022-07-08,Basic,26121.43
6238,Sandra Johnson,nperez@example.net,Colombia,2023-01-17,Basic,42564.0
6239,Wayne Flores,stacyphillips@example.net,Austria,2022-01-29,Basic,74313.23
6240,Melissa Ray,kboyd@example.net,Chile,2025-09-30,Basic,13603.21
6241,Justin Kelley,jocelyn01@example.org,Pitcairn Islands,2017-01-19,Standard,4522.7
6242,Vicki Lyons,erika44@example.net,Thailand,2018-10-14,Basic,46440.45
6243,Kristopher Smith,brian18@example.com,American Samoa,2025-02-04,Standard,49292.71
6244,Meghan Jackson,nbryant@example.net,Austria,2022-02-15,Standard,62525.43
6245,Richard Goodman,audreyjohnson@example.org,Christmas Island,2023-12-16,Basic,36039.44
6246,Donald Sharp,danielleanderson@example.org,Azerbaijan,2016-04-14,Standard,64167.5
6247,Dr. Sierra Gibson,lisa75@example.com,Turks and Caicos Islands,2022-09-01,Standard,20548.81
6248,Brittney Lewis,schneidertroy@example.net,Japan,2024-04-13,Basic,20864.53
6249,Tara Garner,jacquelinerobles@example.org,Guernsey,2018-07-15,Standard,36546.12
6250,James Kim,davidmartin@example.com,Israel,2018-06-02,Standard,42027.07
6251,Samuel Lewis,barbara58@example.org,Northern Mariana Islands,2018-08-19,Basic,49076.79
6252,Holly Sanders,raymond19@example.org,Netherlands Antilles,2015-10-21,Premium,66663.78
6253,Erika George,nancy14@example.com,Haiti,2019-07-02,Standard,29056.17
6254,Paige Patterson,karinahodges@example.net,Swaziland,2018-03-20,Standard,38276.67
6255,Tyrone Mcconnell,amy47@example.com,Israel,2024-04-15,Standard,17385.59
6256,Stephanie Morris,atucker@example.com,British Indian Ocean Territory (Chagos Archipelago),2019-05-01,Basic,49349.61
6257,Shannon Everett,fostercarol@example.net,Isle of Man,2023-11-13,Premium,54854.69
6258,Sharon Jones,brenda05@example.net,Burundi,2017-10-26,Standard,27274.53
6259,Sarah Gutierrez,ksmith@example.com,Estonia,2025-07-04,Standard,59996.34
6260,Leroy Williamson,charlesamy@example.com,Portugal,2015-12-21,Standard,5280.14
6261,Ryan Schwartz,trobinson@example.org,Madagascar,2015-10-22,Standard,54098.4
6262,Mike Garcia,kathrynrivera@example.net,Northern Mariana Islands,2022-07-20,Premium,57540.43
6263,Mark Moore,gregory23@example.net,American Samoa,2015-03-11,Standard,32262.82
6264,Robert Griffith,holly62@example.com,Honduras,2021-06-18,Standard,50371.76
6265,Tyler Davis,william49@example.com,Norfolk Island,2017-05-16,Basic,44533.77
6266,Michael Anderson,joshua89@example.org,Saint Lucia,2020-07-27,Standard,33951.73
6267,Mrs. Stephanie Fritz,martinshields@example.com,Montserrat,2020-05-08,Standard,14068.49
6268,Sara Fleming,hamiltonmichael@example.com,Uzbekistan,2015-03-16,Basic,60887.46
6269,Maria Joseph,dennisbaldwin@example.net,Philippines,2016-10-10,Standard,32736.11
6270,Carlos Smith,joneschristopher@example.net,Gabon,2024-09-20,Standard,5566.27
6271,Judith Miranda,millerpatricia@example.com,Dominican Republic,2023-03-05,Standard,7433.03
6272,Samuel Cunningham,noblebrian@example.net,Afghanistan,2015-10-28,Standard,11437.92
6273,Zachary Morris,greid@example.net,Palau,2023-06-07,Basic,42975.13
6274,Matthew Adams,bradfordmichael@example.com,Haiti,2021-12-15,Basic,67968.79
6275,Christine Bartlett,michael42@example.org,Andorra,2022-04-05,Standard,40015.53
6276,Carla Lowe,lisa82@example.net,Niue,2025-09-16,Standard,2966.09
6277,Jennifer Nelson,whitakeramy@example.org,Greece,2016-11-06,Standard,16367.55
6278,Michael Collins,victoria19@example.org,Montserrat,2017-08-05,Standard,67016.43
6279,Jacob West,cjarvis@example.net,Hong Kong,2023-08-22,Premium,45245.17
6280,Alyssa Mathews,qdavis@example.com,Namibia,2019-05-14,Standard,32979.22
6281,Daniel Diaz,jacksonamber@example.net,Costa Rica,2025-10-03,Standard,2366.8
6282,Kyle Good,brianna58@example.org,Libyan Arab Jamahiriya,2020-12-12,Standard,43363.98
6283,Antonio Ortiz,oliviaperry@example.net,Bouvet Island (Bouvetoya),2021-02-09,Standard,35767.79
6284,Jasmine Chambers,carly60@example.net,Oman,2022-02-23,Standard,17983.05
6285,Jeff Smith,jennifergomez@example.org,Palestinian Territory,2022-09-06,Basic,70567.67
6286,Thomas Farmer,michael96@example.net,Bouvet Island (Bouvetoya),2022-10-09,Standard,68709.27
6287,Richard Harris,carolyn38@example.com,Vanuatu,2016-01-11,Standard,8867.79
6288,Jenny Harris,ashley84@example.net,Puerto Rico,2018-06-18,Standard,28821.79
6289,Nicholas Moss,hharrell@example.net,Maldives,2022-07-15,Standard,71547.52
6290,Richard Barker,wilsonjerry@example.com,New Zealand,2018-10-03,Basic,43471.83
6291,Michael Moore,claytonyoung@example.com,Belgium,2015-07-07,Standard,9570.52
6292,Jessica Caldwell,thomaswesley@example.net,Israel,2018-12-12,Standard,44060.49
6293,Patrick Washington,skinnerjenny@example.org,Peru,2020-06-14,Basic,58151.03
6294,Carrie Williams,herbertbrown@example.com,Maldives,2018-03-04,Basic,20603.49
6295,Robert Allen,daniel78@example.net,Bolivia,2025-05-03,Standard,34343.09
6296,David Gomez,prattaustin@example.com,Cambodia,2015-07-24,Standard,764.85
6297,Gina Dean,smithkimberly@example.net,Colombia,2021-04-17,Premium,31709.65
6298,Carly Hill,jimenezjasmine@example.net,South Georgia and the South Sandwich Islands,2021-02-09,Standard,23136.23
6299,Sandra Rollins,allentravis@example.com,Cote d'Ivoire,2019-07-01,Standard,32785.57
6300,Danny Preston,francojoanne@example.com,Montserrat,2020-01-18,Standard,33725.0
6301,Michael Fowler,pwalker@example.com,Mali,2015-12-31,Basic,66389.81
6302,Jason Martin,brandonfuller@example.com,Togo,2024-12-26,Standard,15297.64
6303,Tyler Barker,stran@example.com,China,2015-05-19,Standard,51874.31
6304,James Hayes,butlerbradley@example.org,Western Sahara,2015-04-05,Standard,24964.28
6305,Casey Smith,ureynolds@example.net,North Macedonia,2022-11-03,Standard,26637.0
6306,Robert Price,darrenhorton@example.net,Grenada,2021-08-08,Standard,15138.69
6307,Scott Garcia,jonathan96@example.net,Uruguay,2021-05-03,Basic,73135.1
6308,Victoria Hoover,anthony29@example.org,Tajikistan,2020-03-17,Standard,14188.74
6309,Dominique Shepard,michael94@example.net,Nepal,2022-02-13,Standard,8465.77
6310,Guy Owens,donnagallagher@example.com,Liechtenstein,2021-05-20,Standard,27017.48
6311,Ruben Frey,westmichael@example.org,Montenegro,2017-04-23,Standard,16899.83
6312,Aaron Baker,snguyen@example.com,Eritrea,2020-03-23,Premium,27979.39
6313,Michael Cox,zachary45@example.org,Ghana,2018-12-03,Basic,13648.66
6314,Stephen Avila,uevans@example.org,Turks and Caicos Islands,2020-03-10,Premium,39793.96
6315,Crystal Johnson,tinaalvarez@example.net,French Polynesia,2018-05-12,Standard,15676.16
6316,David Carlson,kimberlywarner@example.net,Yemen,2018-07-10,Standard,6107.64
6317,Mr. Daniel Lewis MD,kaitlyndavies@example.net,British Virgin Islands,2021-12-17,Standard,68733.34
6318,Mrs. Brittany Scott MD,tara03@example.net,Philippines,2023-07-25,Basic,63077.08
6319,Peter Lopez,otaylor@example.com,United States Minor Outlying Islands,2025-05-06,Standard,29661.95
6320,Jeremy Sloan,ereed@example.org,Western Sahara,2017-10-12,Standard,49395.07
6321,Savannah Young,caitlinmiddleton@example.net,Panama,2017-12-08,Standard,24947.97
6322,Stephanie Hurley,jeremywatson@example.org,Afghanistan,2018-04-11,Basic,70671.65
6323,Sydney Lopez,rdiaz@example.net,Uganda,2017-11-20,Basic,23227.52
6324,Cassidy Perry,erikmiller@example.net,Fiji,2018-06-04,Basic,59430.11
6325,Patricia Wood,acostaangela@example.com,Serbia,2025-05-29,Standard,29815.26
6326,Michele Lane,roserhonda@example.net,Niger,2021-10-24,Standard,18532.97
6327,Justin Crawford,justindeleon@example.org,Isle of Man,2024-08-14,Standard,53000.12
6328,Curtis Hull,matthew43@example.org,Finland,2018-03-13,Standard,43479.37
6329,Jordan Garcia,aanderson@example.com,Australia,2024-11-01,Standard,66098.59
6330,Shelby Leonard,jacobhernandez@example.org,Sweden,2023-07-07,Standard,1533.92
6331,Patricia Sweeney,salazarchristopher@example.net,Serbia,2021-04-18,Standard,49389.35
6332,Brian Lee,kellyperez@example.net,Maldives,2021-08-27,Standard,17033.53
6333,Mary Hubbard,kevincastillo@example.org,Taiwan,2021-10-15,Standard,31654.59
6334,Alyssa Tucker,christopherstein@example.com,Lithuania,2017-06-14,Basic,54335.07
6335,Kimberly Chapman,williamskevin@example.org,Montenegro,2020-12-23,Basic,50258.34
6336,Sara Hopkins DDS,wendycarter@example.net,Guyana,2021-07-14,Standard,66204.68
6337,Andrew Reyes,kellylisa@example.net,Cote d'Ivoire,2017-10-17,Basic,20403.25
6338,Timothy Cunningham,whunter@example.org,Japan,2025-01-10,Standard,72558.53
6339,Scott Brown,suarezbrandon@example.com,Falkland Islands (Malvinas),2015-09-08,Basic,33554.34
6340,Alex Thomas,hprice@example.net,Tonga,2020-05-14,Standard,8856.98
6341,Brent Taylor,brichardson@example.org,Andorra,2018-05-19,Basic,36050.03
6342,Scott Christensen,thomas43@example.net,Slovakia (Slovak Republic),2017-02-28,Basic,39013.27
6343,Karen Day,mia71@example.net,Puerto Rico,2019-08-18,Standard,53304.21
6344,Rebecca Diaz,glennjeremy@example.org,Vanuatu,2021-07-26,Standard,35578.17
6345,Christopher Ballard,jameslee@example.com,Burkina Faso,2015-06-02,Premium,58386.51
6346,Brian Taylor,manningjamie@example.net,Benin,2018-02-13,Standard,3457.58
6347,James Hall,coxpatrick@example.com,Peru,2019-04-12,Standard,63657.18
6348,Nathan Thompson,ernest29@example.org,Greece,2021-11-07,Basic,11341.53
6349,Steve Long,troy31@example.com,Netherlands,2015-04-23,Standard,4331.92
6350,Jacob Lam,clarkmatthew@example.com,San Marino,2018-12-28,Premium,55362.93
6351,Stacy Moore,scottmcneil@example.com,Jordan,2017-04-15,Premium,58464.19
6352,Sean Mcgee,garybuck@example.com,Iceland,2024-08-17,Basic,34744.95
6353,Eric Alexander,ramirezmichael@example.com,Wallis and Futuna,2022-12-05,Standard,26878.87
6354,Charles Ramsey,heatherward@example.com,Eritrea,2021-07-13,Standard,14476.02
6355,Brittany Roberts,ypatel@example.com,Denmark,2020-04-14,Standard,50896.18
6356,Mr. Tommy Pena,pwilliams@example.org,French Guiana,2019-10-29,Basic,41764.45
6357,Regina Dean,cesarpatterson@example.org,Guernsey,2021-06-07,Basic,6146.38
6358,Greg Barron,jacob11@example.net,Northern Mariana Islands,2017-12-05,Standard,70842.54
6359,Melanie Ramirez,jonathandavis@example.org,Philippines,2017-02-13,Basic,41553.15
6360,Cindy Fowler,padillarobert@example.net,Anguilla,2019-05-08,Standard,24712.39
6361,Kayla Morgan,patricia83@example.com,Eritrea,2025-06-24,Standard,5667.8
6362,Mark West,xandrews@example.net,Liberia,2024-12-04,Standard,27981.25
6363,Gregory Carter,crystalwong@example.org,Saint Martin,2017-02-19,Standard,66796.1
6364,Elizabeth Cruz,lauranguyen@example.net,Equatorial Guinea,2022-07-10,Basic,12028.46
6365,Kathleen Powers,bryan78@example.net,Tunisia,2017-10-15,Basic,2753.04
6366,Robert House,jesse81@example.com,Marshall Islands,2017-01-20,Standard,34449.57
6367,Scott Richmond,nathan19@example.org,Philippines,2016-03-17,Standard,15791.44
6368,Caitlin Campbell,tjones@example.net,Mongolia,2020-01-21,Premium,17591.3
6369,Brittany Rogers,scottgarcia@example.org,Saint Kitts and Nevis,2023-04-25,Basic,31322.47
6370,Robert Ali,miranda63@example.com,Barbados,2019-06-12,Standard,60124.47
6371,Kristin Tucker,nbrown@example.org,Armenia,2015-04-25,Basic,40635.35
6372,Danielle Jones,brownlarry@example.com,Falkland Islands (Malvinas),2025-08-25,Premium,59412.36
6373,Ashley Rosario,jenniferguerra@example.net,France,2025-01-22,Standard,53378.98
6374,Anthony Simmons,alyssa06@example.net,Slovakia (Slovak Republic),2019-04-12,Premium,64561.57
6375,Brittany Blair,bill17@example.org,Syrian Arab Republic,2016-09-18,Basic,71954.93
6376,Andrew Wright,djohnson@example.org,Marshall Islands,2022-04-02,Basic,49122.94
6377,Roy Garza,salvarez@example.org,Lebanon,2024-12-21,Standard,36675.34
6378,Mark Villegas,sethlynch@example.com,Georgia,2017-02-10,Standard,35069.76
6379,Anthony Williams,pwalsh@example.com,Latvia,2024-06-08,Basic,22831.83
6380,Aaron Barker,brownjason@example.com,Norfolk Island,2021-01-06,Standard,11848.64
6381,Rachel James,stephensnicholas@example.org,Malta,2025-08-15,Basic,62644.96
6382,Rachel Cochran,smithbryan@example.org,Bolivia,2021-04-09,Premium,12358.53
6383,Chase Taylor,jacksonrandy@example.org,Tunisia,2019-05-20,Standard,21204.74
6384,Lisa Flores,martineztammy@example.org,Senegal,2018-10-11,Standard,33772.06
6385,Kimberly Jones,yknight@example.com,Saint Kitts and Nevis,2023-07-05,Basic,56603.4
6386,Abigail Reyes,hgraham@example.com,Tajikistan,2020-11-01,Standard,15277.88
6387,Ryan Rodriguez,christopher63@example.org,Monaco,2017-08-15,Basic,46864.73
6388,Christian Rodriguez,iscott@example.net,Vietnam,2018-09-14,Premium,1464.07
6389,Mark Martinez,ethomas@example.com,Angola,2017-06-01,Standard,74365.11
6390,Brittney Murphy,kristin96@example.com,Greece,2015-03-31,Standard,994.57
6391,Christopher Hill,rachelmiller@example.net,Panama,2020-04-02,Standard,19209.51
6392,Brenda Nguyen,dana05@example.net,Lao People's Democratic Republic,2016-05-18,Standard,55121.23
6393,Lisa Arellano,mcgrathgeorge@example.org,El Salvador,2020-02-12,Standard,32226.28
6394,Brenda Lewis,harry17@example.net,Gibraltar,2019-11-28,Standard,61229.94
6395,Jeremy Hahn,ericmoore@example.com,Bermuda,2020-05-13,Basic,10864.09
6396,Lisa Walsh,youngkimberly@example.com,Korea,2024-02-16,Standard,26216.17
6397,Nicholas Velasquez,kyle22@example.net,Samoa,2015-08-21,Standard,67423.71
6398,Adam Barr DDS,morserachel@example.net,Jersey,2017-05-12,Standard,48221.18
6399,Michael Rocha,cmyers@example.com,China,2016-12-09,Premium,70631.77
6400,Amanda Moore,tdougherty@example.net,Netherlands Antilles,2021-03-27,Basic,55170.03
6401,William Williams,amartinez@example.com,Swaziland,2016-11-29,Basic,61250.84
6402,Mrs. Dawn Rivas MD,jessica65@example.com,Kyrgyz Republic,2023-01-14,Standard,16454.67
6403,Bailey Watts,mrodriguez@example.com,Chad,2015-07-11,Basic,59482.18
6404,Paul Lewis,adrianasweeney@example.org,Cameroon,2015-10-06,Premium,22376.38
6405,Paula Shaffer,usimmons@example.com,Saudi Arabia,2024-01-29,Basic,60016.73
6406,Lynn Anderson,kayla46@example.net,Gambia,2023-08-23,Basic,74955.28
6407,Donald Brown,cortezeric@example.org,Thailand,2016-10-29,Premium,34202.86
6408,James Nguyen,michael38@example.net,China,2016-06-26,Basic,49728.33
6409,Mrs. Veronica Torres,jennifer35@example.com,Israel,2015-08-28,Standard,66110.73
6410,Candice Anderson,xcabrera@example.com,Paraguay,2019-08-22,Standard,65930.88
6411,Larry Walters,mcphersontiffany@example.net,Nicaragua,2024-11-26,Basic,19606.03
6412,Ashley Hall,efowler@example.net,Belarus,2025-09-30,Standard,54791.14
6413,Megan Olson,garcialance@example.org,Brazil,2022-03-15,Premium,68821.48
6414,Heather Ingram,fieldsmary@example.org,Bangladesh,2024-04-01,Standard,37265.62
6415,Leon Martin,wilsonamy@example.net,Uruguay,2023-10-28,Standard,8163.85
6416,Andrew Parsons,mharris@example.com,Turkmenistan,2017-01-19,Basic,70194.71
6417,Alison Eaton,davidlang@example.org,Argentina,2019-01-13,Basic,3990.97
6418,Lindsey Gallegos,johnsonbelinda@example.com,French Polynesia,2024-10-13,Standard,17247.4
6419,Andrew Stevens,devonsmith@example.com,Grenada,2022-08-07,Basic,11767.94
6420,Dylan Griffin,jfuller@example.org,Syrian Arab Republic,2020-09-02,Standard,11338.26
6421,Carrie Boyer,monicapacheco@example.com,Saint Pierre and Miquelon,2016-09-29,Basic,5040.65
6422,Martin Miller,christianbrown@example.com,Denmark,2025-09-19,Standard,3247.72
6423,Kathryn Castaneda,rriddle@example.org,Ethiopia,2019-04-28,Standard,51684.92
6424,Traci Reynolds,dennis30@example.com,Paraguay,2022-12-28,Standard,40149.79
6425,Dawn James MD,williamharris@example.net,Madagascar,2023-04-17,Standard,38158.21
6426,Amy Crawford,hannahbarber@example.com,United States of America,2017-10-17,Premium,18743.56
6427,Anthony Patel,jgreen@example.net,French Guiana,2023-08-18,Standard,33989.87
6428,George Hogan DVM,kowen@example.net,Gambia,2016-02-13,Basic,59633.58
6429,Lawrence Gaines,jacobsalinas@example.com,Guatemala,2015-07-13,Premium,6674.96
6430,Allison Curtis,edward00@example.org,French Southern Territories,2020-10-04,Premium,34477.25
6431,Lisa Wilson,ugriffin@example.com,Holy See (Vatican City State),2022-09-20,Premium,52342.46
6432,Patrick Banks,scott98@example.com,Hungary,2023-05-01,Standard,60598.85
6433,Vanessa Jordan,melissalewis@example.net,Guadeloupe,2024-12-27,Standard,50303.32
6434,Tammy Simon,johnsonemily@example.org,Palau,2024-08-03,Basic,5776.56
6435,Gregory Lee,michelle25@example.com,Puerto Rico,2018-04-08,Premium,61872.34
6436,Ryan Freeman,danielmontoya@example.org,Georgia,2025-06-16,Standard,59895.85
6437,Nathan Burns,martinezyvonne@example.net,Suriname,2016-02-29,Standard,11541.03
6438,Jeremy Martinez,elizabethdiaz@example.org,Isle of Man,2017-10-28,Standard,46552.12
6439,Edward Hart,davidmiller@example.com,Mozambique,2018-07-27,Standard,13570.66
6440,Daniel Simpson,ejones@example.org,Gibraltar,2016-03-24,Basic,67330.64
6441,Stacey Lewis,durhamrobin@example.com,Mauritania,2016-08-05,Standard,13156.6
6442,Patty Thompson,emoore@example.org,New Zealand,2023-05-24,Basic,70914.65
6443,Douglas Nunez,melissajordan@example.org,Afghanistan,2020-02-05,Standard,16718.32
6444,Lisa Mahoney,qguerrero@example.net,Romania,2024-08-11,Standard,1854.44
6445,Edward Estrada,golson@example.com,Cyprus,2019-03-19,Standard,11039.56
6446,Jeremiah Taylor,vcallahan@example.com,Argentina,2022-09-07,Standard,51014.76
6447,Jaime Watkins,wendypayne@example.net,Indonesia,2022-03-31,Basic,44434.92
6448,Krystal Hill,fisherlorraine@example.org,Costa Rica,2025-03-11,Standard,71869.02
6449,Taylor Miller,tsherman@example.net,Ghana,2022-10-06,Standard,55261.56
6450,Allen Hughes,corywilliams@example.net,Puerto Rico,2025-12-12,Standard,14863.78
6451,Alexandra Sanchez,owright@example.net,Heard Island and McDonald Islands,2024-11-02,Standard,22827.63
6452,Krista Camacho,brookedavis@example.com,Iran,2020-08-19,Basic,1634.5
6453,Michael Brown,pnavarro@example.net,Malaysia,2021-09-20,Basic,37557.41
6454,Angela Santiago,erin44@example.org,Antarctica (the territory South of 60 deg S),2018-01-14,Standard,24961.87
6455,Matthew Patton,erojas@example.com,British Virgin Islands,2015-02-12,Standard,60381.85
6456,Elaine Fisher,mindy83@example.org,Iran,2019-03-27,Basic,46135.26
6457,Peter Blackwell,michelelynn@example.org,Romania,2015-10-20,Basic,51405.52
6458,Andrew Bryant,steven86@example.com,Tunisia,2017-02-15,Standard,65652.96
6459,Zachary Lopez,andrew66@example.com,Aruba,2017-11-20,Basic,33752.58
6460,Laura Nunez,robertsonmichael@example.org,Japan,2019-06-16,Standard,67807.09
6461,Anthony Palmer,vwatson@example.org,Burkina Faso,2016-10-17,Standard,49430.46
6462,William Crawford,wongjordan@example.org,Peru,2018-07-20,Basic,44930.52
6463,Michael Monroe,ashleymeyer@example.net,Tanzania,2020-01-27,Standard,20283.56
6464,Kevin Ingram,smithnicole@example.net,Palestinian Territory,2023-11-30,Basic,35693.86
6465,Aimee Palmer,hughesjay@example.net,British Virgin Islands,2021-05-12,Standard,68425.63
6466,Michelle Perkins,thomasknight@example.net,Nauru,2024-12-07,Standard,31522.47
6467,Connie Randall,mckayamanda@example.net,Brunei Darussalam,2016-08-03,Standard,40819.59
6468,Gary Davis,marshallmichael@example.com,Samoa,2022-05-03,Basic,10253.14
6469,Jorge Sanford,rmarquez@example.com,San Marino,2016-10-07,Standard,54453.3
6470,Jason Torres,cookgina@example.net,Czech Republic,2015-10-20,Standard,21616.36
6471,Brian Flynn,vbrennan@example.net,Belgium,2025-06-01,Standard,64885.23
6472,Mr. Billy Miller,ksantana@example.org,Brazil,2016-09-13,Basic,16572.88
6473,Chad Mata,brhodes@example.org,Slovenia,2022-06-16,Standard,23856.4
6474,Grace Wright,xhenderson@example.org,Bermuda,2019-11-21,Basic,30316.18
6475,Sherry Flores,vgarrett@example.org,Hungary,2024-02-10,Standard,50211.04
6476,Brian Jackson,saundersjohnathan@example.net,Congo,2024-04-09,Standard,30793.26
6477,Joseph Oneill,justinyoung@example.com,Anguilla,2023-07-27,Standard,22425.26
6478,Douglas Smith,lcollins@example.com,Tanzania,2019-03-25,Basic,3445.22
6479,Kathy Nguyen,debbie46@example.net,Germany,2021-12-28,Premium,49827.59
6480,David Thomas,jrobinson@example.net,Christmas Island,2021-03-07,Standard,48561.46
6481,Cameron Rivera,william77@example.com,Swaziland,2023-02-12,Standard,14791.25
6482,Richard Brown,petersonjared@example.net,Hong Kong,2023-07-12,Premium,49188.92
6483,Joshua Bates,heather99@example.com,Portugal,2021-06-08,Basic,3509.8
6484,Kimberly Mccormick,timothy71@example.org,Gambia,2022-11-25,Standard,63861.61
6485,Gerald Allen,josephguerra@example.org,Jamaica,2022-03-16,Basic,5051.37
6486,Jimmy Merritt,yfisher@example.com,Italy,2016-01-22,Premium,63825.15
6487,Tiffany Ayala,omeyers@example.org,Tonga,2015-11-09,Basic,13173.96
6488,Lawrence Lewis,ralexander@example.com,Korea,2022-06-07,Standard,22381.42
6489,Ryan Johnson,james71@example.net,Sierra Leone,2019-03-06,Basic,8670.79
6490,Kelly Andersen,barrerajeffery@example.com,Argentina,2021-02-03,Standard,65262.33
6491,Danielle Mclaughlin,thomassutton@example.com,Congo,2019-07-03,Standard,37587.89
6492,Tammie Ochoa,clarkelizabeth@example.com,Indonesia,2023-07-25,Standard,880.6
6493,Steven Park,kirbywalter@example.com,Lebanon,2017-12-09,Standard,39930.16
6494,Katie Moran,gfox@example.com,Guernsey,2018-06-20,Standard,4621.95
6495,Lori Swanson,steven97@example.org,Bolivia,2024-05-22,Basic,56318.23
6496,Kyle Ellis,robert90@example.com,Namibia,2023-11-29,Basic,321.76
6497,Teresa Marsh,cole83@example.org,Serbia,2020-08-20,Standard,42858.79
6498,Jose Sanders MD,qweaver@example.net,Montserrat,2022-02-27,Basic,37462.64
6499,Brianna Smith,shericrosby@example.com,Bahamas,2018-07-08,Standard,18530.26
6500,Whitney Humphrey,josedavis@example.org,Armenia,2025-10-06,Standard,58251.39
6501,Yolanda Brooks,murillojeffrey@example.com,Christmas Island,2025-08-09,Standard,30279.06
6502,Diane Brooks,tbrown@example.net,Sao Tome and Principe,2023-09-10,Basic,56232.84
6503,Shari Jones,fernandezkristin@example.net,Pitcairn Islands,2023-02-14,Basic,44785.55
6504,Nicole Garza,turnerlogan@example.net,Zimbabwe,2017-01-08,Premium,22390.52
6505,Jeremy Jones,yjenkins@example.org,Brazil,2025-06-06,Premium,10782.97
6506,Teresa Gonzalez,crystal61@example.com,Saint Helena,2015-11-04,Standard,11076.09
6507,Samuel Cooper,sarahhendricks@example.net,Comoros,2022-09-27,Standard,1528.8
6508,Elizabeth Morrow,john12@example.org,Antigua and Barbuda,2021-11-10,Premium,21503.08
6509,Evelyn Livingston,brandon02@example.com,Bosnia and Herzegovina,2025-11-27,Standard,16467.62
6510,Joanne Lewis,isaac37@example.net,Egypt,2025-07-07,Premium,55022.23
6511,Daniel Roth,larrycarter@example.net,Kazakhstan,2023-08-31,Standard,66028.1
6512,Jose Roach,emartin@example.com,Slovenia,2016-01-04,Basic,64971.62
6513,Lisa Ho,jessica92@example.org,Antigua and Barbuda,2016-09-20,Standard,46221.05
6514,Kathleen Simpson,amber21@example.net,Guam,2021-11-01,Basic,30617.28
6515,Stephanie Wang,dennistracy@example.net,Italy,2021-06-14,Standard,46069.23
6516,Danny Hill,batesjessica@example.com,Namibia,2016-10-20,Standard,7466.0
6517,Bobby Mccullough,christopher66@example.org,Liberia,2023-04-01,Standard,15137.4
6518,Gregory Williams,sstewart@example.net,United Arab Emirates,2024-10-24,Standard,4511.73
6519,Peggy Graham,scottwatson@example.com,Kyrgyz Republic,2023-04-09,Standard,30884.15
6520,Stephen Ford,camerongarza@example.org,Timor-Leste,2015-01-09,Standard,12814.84
6521,Shelby French,vjames@example.com,Afghanistan,2017-03-16,Premium,26250.71
6522,Nicole Burns,smithgeorge@example.com,Morocco,2017-03-03,Basic,40558.29
6523,Patricia Doyle,matthew78@example.com,Yemen,2016-01-30,Standard,14344.27
6524,Michael Smith,wmason@example.org,Italy,2018-08-30,Premium,47477.67
6525,Dr. Jessica Lynn,joan18@example.com,Mauritius,2024-12-09,Basic,20443.92
6526,Samantha Torres,mterry@example.net,Congo,2022-12-17,Standard,17812.01
6527,Aimee Griffith,garretttran@example.com,Macao,2022-09-23,Premium,26807.03
6528,Matthew Clark,nathan78@example.com,Solomon Islands,2024-02-02,Standard,31490.26
6529,Erin Thornton,neaton@example.org,Mozambique,2021-05-01,Standard,49583.86
6530,Paul Barnes,andrewwagner@example.org,Bulgaria,2020-01-22,Basic,4917.97
6531,Gregory Stevens,greendevin@example.com,India,2016-11-02,Standard,52388.61
6532,David Salinas,armstrongmary@example.com,Heard Island and McDonald Islands,2025-06-20,Basic,56782.42
6533,Maria Ramos,mitchellashley@example.net,Jamaica,2024-06-18,Standard,17228.6
6534,Charles Sandoval,agonzales@example.org,Moldova,2024-11-21,Standard,66742.77
6535,Michael Shaw,dnixon@example.org,Cambodia,2019-04-28,Basic,45803.68
6536,Joseph Bruce,onelson@example.com,Palau,2017-04-14,Standard,66236.61
6537,Linda Massey,qmorrison@example.net,Czech Republic,2025-02-03,Standard,36403.0
6538,Lisa Harris,jenniferrose@example.com,Micronesia,2022-02-13,Basic,38047.95
6539,Kristen Hogan,michaelmartinez@example.com,Cote d'Ivoire,2021-01-30,Premium,47425.17
6540,Michelle Rasmussen,bartlettnicholas@example.org,Samoa,2023-08-12,Basic,56315.68
6541,Gary Henry,timothyproctor@example.org,Saint Martin,2016-03-05,Standard,29974.29
6542,Brandi Riley,bennettzachary@example.net,Iraq,2025-10-28,Standard,41523.21
6543,Craig Clark,gregory95@example.org,Mauritius,2015-11-01,Basic,311.33
6544,Christian Ball,bbates@example.org,Martinique,2023-11-15,Standard,49870.84
6545,Anthony Powell,cfigueroa@example.net,Timor-Leste,2023-01-15,Standard,67530.15
6546,Jeremy Joseph,ejones@example.net,Aruba,2021-01-23,Standard,7661.41
6547,Kenneth Baker,ymason@example.net,Ukraine,2017-07-05,Basic,54898.96
6548,Claudia Ward,qramirez@example.com,Cayman Islands,2023-04-08,Standard,14215.91
6549,Brenda Wilson,johnramirez@example.net,Puerto Rico,2020-12-04,Standard,64246.34
6550,Cole Bell,kimberly19@example.net,Swaziland,2023-07-28,Standard,53191.47
6551,James Lewis,andrew35@example.com,Cocos (Keeling) Islands,2019-07-22,Basic,52598.71
6552,Jamie Harris,thomas26@example.net,Reunion,2019-04-29,Basic,36300.32
6553,Amanda Marshall,megan85@example.net,Singapore,2023-06-22,Premium,3497.79
6554,Alejandra Riley,rhamilton@example.net,Montenegro,2021-07-11,Standard,27925.0
6555,Michael Adams,hannah51@example.com,Nicaragua,2025-06-24,Standard,47701.6
6556,Jonathan Mcdonald,melvinlawson@example.com,Faroe Islands,2022-05-03,Standard,7758.72
6557,Dustin Norton,victoriarandall@example.net,Mongolia,2015-11-04,Basic,18740.33
6558,Mike Freeman,jbryant@example.org,Cambodia,2019-12-27,Standard,35164.89
6559,Elizabeth Solomon,avilamario@example.org,Dominica,2025-04-19,Basic,8979.22
6560,Alexandra Crawford,stevecox@example.org,Togo,2025-11-16,Standard,8522.51
6561,Sarah Ballard,sgallagher@example.com,Puerto Rico,2020-12-24,Standard,43571.77
6562,Selena Holt,daniel53@example.net,Honduras,2018-05-09,Standard,40691.08
6563,Megan Wilson,eblack@example.org,Senegal,2023-03-28,Standard,37436.52
6564,Amanda Peterson,brownrichard@example.net,Poland,2024-03-20,Standard,74303.01
6565,Gregory Moreno,sarah39@example.net,Cayman Islands,2019-03-24,Basic,52686.77
6566,Sharon Scott,sherry52@example.org,Cocos (Keeling) Islands,2019-06-24,Standard,71512.24
6567,Eric Kaufman,joshua13@example.net,Spain,2021-11-10,Standard,57338.02
6568,Laura Rios,mmorales@example.org,Cote d'Ivoire,2016-01-21,Basic,43212.27
6569,Cynthia Miller,lsilva@example.org,Liberia,2018-06-15,Premium,33754.25
6570,Oscar Nunez,tharper@example.org,American Samoa,2024-12-28,Standard,44589.95
6571,Samantha Clark,curtisbryce@example.org,Maldives,2017-07-04,Basic,25921.29
6572,Doris Bush,brownmaria@example.org,Poland,2022-01-17,Standard,50419.39
6573,Robert Perez,chadedwards@example.net,Kazakhstan,2023-04-12,Standard,57358.72
6574,Renee Aguilar,ktaylor@example.org,Albania,2024-08-30,Standard,10453.65
6575,Chelsea Mitchell,drew85@example.org,Gibraltar,2022-01-13,Standard,33517.62
6576,Anthony Walls,duncanedward@example.com,Austria,2019-08-15,Standard,57421.21
6577,Nicholas Gomez,nnguyen@example.net,Bangladesh,2018-06-01,Standard,74137.59
6578,Denise Ali,amyshepard@example.com,Guinea,2021-12-09,Premium,32980.99
6579,Judy Dean MD,dmay@example.net,Zambia,2015-01-16,Standard,1864.13
6580,Jordan Torres,zjohnson@example.com,Cape Verde,2018-06-11,Standard,44747.85
6581,Scott House,bassphilip@example.org,Myanmar,2021-04-09,Standard,37477.78
6582,Ellen Sims,wardmichele@example.org,Tajikistan,2021-05-27,Standard,46431.07
6583,Penny Osborne,sallywilliams@example.com,Niue,2025-09-10,Standard,20866.02
6584,James Huff,anthony59@example.org,Syrian Arab Republic,2023-12-29,Standard,60253.9
6585,Heather Watson,fpatterson@example.net,Uganda,2019-08-11,Standard,22844.61
6586,Samantha Alvarez,brandymcintosh@example.com,Libyan Arab Jamahiriya,2020-02-21,Standard,21850.9
6587,Joel Walter,bushmark@example.org,Belize,2017-04-24,Standard,47336.05
6588,Pamela Knight,bmorton@example.net,British Virgin Islands,2024-01-25,Standard,43718.99
6589,Jesus Knox,tyler42@example.com,Peru,2018-04-14,Standard,74793.8
6590,Carol Garcia,andersondeborah@example.net,Burkina Faso,2017-12-22,Basic,40144.39
6591,Jerry Braun,pattonstacy@example.org,Albania,2021-10-13,Standard,988.26
6592,Victoria Sanchez,mitchell23@example.com,Martinique,2024-01-16,Standard,48090.73
6593,Rebecca Clark,mrobinson@example.net,Turkmenistan,2025-10-27,Standard,990.98
6594,Jeremy Schultz,robert68@example.com,Isle of Man,2015-05-09,Standard,62718.15
6595,Amanda Barrett,samantha00@example.org,Saint Barthelemy,2020-02-22,Standard,10680.69
6596,Justin Sandoval,amymurphy@example.com,Tonga,2021-03-14,Premium,30166.05
6597,Susan Castaneda,jeffrey85@example.com,Mauritius,2024-06-02,Standard,4825.19
6598,Mark Ali,toliver@example.com,Niger,2024-05-07,Standard,20474.33
6599,Tamara Lloyd,baileykatherine@example.net,Solomon Islands,2023-08-21,Standard,39126.24
6600,Tina Nelson,mdavis@example.net,Nepal,2021-01-19,Standard,41832.08
6601,Brian Davis,dillonrichard@example.com,Israel,2022-06-19,Standard,14449.05
6602,Susan Myers,kelly55@example.org,Singapore,2018-06-03,Basic,24908.53
6603,Melinda Robinson,xcoleman@example.net,Niger,2017-08-28,Standard,40679.07
6604,Lisa Williams,joshualivingston@example.org,Djibouti,2017-12-08,Standard,55332.78
6605,Kristina Davenport,jackpatterson@example.com,Malawi,2016-03-10,Basic,55827.58
6606,Lisa Rodriguez,ydavis@example.org,Mexico,2024-09-15,Standard,31345.55
6607,Jennifer Joseph,hopkinskaren@example.org,Benin,2025-10-07,Standard,11415.95
6608,Angela Gonzalez,michaelwilson@example.org,Yemen,2015-02-22,Standard,27949.21
6609,Aaron Washington,thomas44@example.com,Switzerland,2022-08-15,Premium,16160.84
6610,Cheryl Jackson,jeremyoliver@example.net,Bouvet Island (Bouvetoya),2022-08-12,Standard,29430.71
6611,Mr. Leonard Stanton,kgrant@example.com,Mali,2024-10-01,Standard,44515.0
6612,Mary Mills,doris13@example.net,Romania,2017-04-12,Basic,26852.85
6613,Melissa Becker,alexis74@example.com,Falkland Islands (Malvinas),2019-01-04,Premium,72626.01
6614,Jesse Bishop,autumnbarnes@example.net,Libyan Arab Jamahiriya,2017-12-05,Standard,7507.58
6615,Glenn Washington,cruzwilliam@example.org,Saint Vincent and the Grenadines,2019-12-01,Basic,14570.75
6616,Chase Martinez,harperjorge@example.com,Belarus,2025-01-22,Basic,49956.24
6617,Tiffany Martinez,wooddavid@example.com,Dominica,2021-05-21,Basic,32541.49
6618,David Jones,fkirk@example.net,Korea,2025-04-01,Premium,57147.46
6619,Ronnie Contreras,catherine14@example.com,Greece,2016-04-29,Basic,1708.05
6620,David Norris,megan01@example.com,Hong Kong,2024-11-06,Standard,12359.16
6621,Desiree Everett,graysierra@example.org,Guernsey,2016-04-07,Standard,2860.23
6622,Crystal Alvarez,adrian91@example.org,Ethiopia,2019-03-06,Standard,15502.36
6623,John Jones,tuckeraudrey@example.com,Norway,2017-08-03,Basic,9434.92
6624,Tyler Berger,collinsmichael@example.com,Myanmar,2025-08-25,Standard,22348.07
6625,Marisa Murphy,amymathews@example.com,Mexico,2021-09-04,Basic,10081.62
6626,Shane Thompson,esimmons@example.net,Australia,2018-01-28,Basic,29656.25
6627,Daisy Meyer,reyesamber@example.net,Burundi,2021-04-07,Standard,71613.24
6628,Michelle Werner,morrowcassandra@example.com,Vanuatu,2025-04-12,Basic,30214.98
6629,Eric Giles,john03@example.org,Panama,2015-06-08,Standard,22741.04
6630,Michael Green,craigchristina@example.net,Belize,2016-05-31,Standard,59107.96
6631,Karen Clark,thompsondanielle@example.com,Dominican Republic,2021-11-08,Premium,68284.55
6632,Brenda Lutz,gabrielcasey@example.org,Syrian Arab Republic,2016-07-14,Standard,65450.14
6633,Scott Brown,dustinbanks@example.org,Greenland,2016-12-31,Standard,32053.9
6634,Debbie Hall,markthomas@example.com,Saudi Arabia,2016-05-26,Standard,64169.35
6635,Susan Green,brianleon@example.com,Tokelau,2017-06-01,Standard,25050.95
6636,Tyler Mcdonald,kaylabridges@example.org,Congo,2018-04-22,Basic,48651.84
6637,Hannah Mendez,aphillips@example.org,North Macedonia,2020-08-05,Standard,2447.62
6638,Antonio Johnson,qmoore@example.org,Reunion,2018-05-28,Standard,67582.3
6639,David Lyons,rangelpaul@example.org,Somalia,2018-08-26,Standard,51433.89
6640,Lucas Davis,ryanbarnes@example.net,Australia,2019-11-26,Standard,16907.09
6641,Vanessa Moore,sandra26@example.org,Armenia,2024-03-29,Standard,7455.07
6642,Joshua Brewer,garymeyer@example.org,Guyana,2018-07-04,Basic,40194.72
6643,Lisa Gilbert,sandra45@example.net,Mongolia,2025-11-14,Premium,62325.14
6644,Gabriel Davidson,michelle52@example.net,Faroe Islands,2018-11-25,Premium,25143.02
6645,Judy Sanders,curtis88@example.net,Tuvalu,2024-04-18,Standard,12675.25
6646,Felicia Graham,ronnierussell@example.com,Sierra Leone,2015-01-14,Basic,44795.92
6647,Daniel Moss,jacksoncourtney@example.org,Czech Republic,2022-05-20,Basic,29730.39
6648,Tasha Sheppard,nkelly@example.net,Singapore,2024-09-29,Standard,7082.49
6649,Deborah Jones,jillian35@example.com,Philippines,2020-04-18,Premium,53855.55
6650,Erin Mueller,anne83@example.net,Jamaica,2016-08-09,Standard,58465.37
6651,Tracy Hoffman,michaelwatson@example.com,Cuba,2016-10-05,Standard,34882.75
6652,Scott Hurley,sarahmorgan@example.org,Guinea,2022-03-16,Standard,20484.82
6653,Craig Mercer,bfisher@example.com,Zambia,2018-11-20,Standard,18666.96
6654,Laura Cunningham,teresascott@example.org,Guinea-Bissau,2018-08-08,Standard,53499.32
6655,Frank Snow,gardnerelizabeth@example.org,Argentina,2021-07-21,Standard,13029.95
6656,Sabrina Martin,baldwinjason@example.com,Haiti,2024-06-09,Standard,12980.76
6657,Brent Li,derekhernandez@example.com,United States Minor Outlying Islands,2018-07-04,Standard,53532.0
6658,Dennis Martinez,roberthall@example.org,Isle of Man,2020-08-19,Premium,8895.3
6659,Nicole Wilson,luis71@example.com,Oman,2015-12-11,Standard,27776.19
6660,Frank Davenport,cfreeman@example.com,Mexico,2025-04-10,Standard,4341.75
6661,Amanda Gallegos,sheltondanielle@example.net,Bolivia,2015-07-13,Premium,63913.04
6662,Jay Evans,rebeccamccarthy@example.com,Comoros,2017-11-24,Standard,45046.65
6663,Ricky Perry,clarkjennifer@example.net,Mongolia,2020-04-15,Standard,23217.41
6664,Angelica Walter,sean97@example.org,Christmas Island,2017-05-29,Standard,27617.58
6665,Joshua Gomez,matthew78@example.net,Latvia,2019-12-01,Standard,10800.67
6666,Richard Soto,suareznatasha@example.com,Japan,2024-07-26,Basic,54952.06
6667,William Aguilar,deankathleen@example.net,Jersey,2023-11-08,Basic,8632.09
6668,Veronica Greene,alexander86@example.com,Wallis and Futuna,2021-07-06,Basic,9151.42
6669,Jenna Duncan,elizabethsampson@example.net,Oman,2021-05-28,Standard,60481.88
6670,Steven Carroll,hnelson@example.org,Dominica,2024-07-02,Standard,19681.82
6671,Angela Dominguez,johnsonkeith@example.com,Guadeloupe,2018-09-27,Basic,15437.3
6672,Ryan Murphy,cescobar@example.org,Grenada,2015-05-05,Standard,38413.25
6673,Christopher Wells,williambriggs@example.net,Iran,2017-06-10,Standard,9579.68
6674,Jeffrey Reynolds,lisa43@example.org,Benin,2015-10-09,Standard,65570.06
6675,Thomas Brown,wgomez@example.org,Gambia,2022-03-24,Standard,18163.53
6676,Dawn Murray,rgross@example.com,San Marino,2017-01-16,Standard,45165.43
6677,Albert Gomez,cjones@example.org,Pitcairn Islands,2020-04-27,Standard,3048.23
6678,Matthew Thomas,ashley08@example.net,Mayotte,2024-02-09,Standard,66749.43
6679,Pamela Kelley DDS,vanessadillon@example.com,Costa Rica,2023-11-28,Basic,5356.72
6680,Christopher Garcia,kayla21@example.org,Guatemala,2017-03-15,Standard,40862.05
6681,Traci Kelley,colemandawn@example.org,Saudi Arabia,2019-11-16,Premium,62083.94
6682,Kayla Arnold,brandon99@example.net,Brazil,2018-07-07,Standard,51399.27
6683,Robert Turner,cartermichael@example.org,Moldova,2018-06-06,Standard,33526.48
6684,Maurice Padilla,timothy42@example.net,Portugal,2017-05-21,Standard,62421.98
6685,Daniel Perry,smallgeorge@example.com,Gabon,2020-05-30,Basic,54738.16
6686,Francisco Adams,hollysingh@example.org,France,2015-07-24,Basic,58872.61
6687,Kyle Ramsey,boonedavid@example.org,Mauritania,2016-03-15,Premium,42448.25
6688,Jody Zimmerman,devon39@example.net,Reunion,2017-02-09,Standard,51495.54
6689,Renee Ross,karen27@example.com,Macao,2020-07-26,Standard,65234.4
6690,Alicia Garcia,martinkristopher@example.com,Iceland,2023-04-29,Premium,36069.51
6691,David Moore,jacobstracy@example.org,Algeria,2024-01-27,Standard,12403.25
6692,Sarah Matthews,lawsonemily@example.com,Tonga,2018-06-25,Standard,69927.65
6693,Sandra Parks,jonesmatthew@example.org,Dominica,2016-07-13,Standard,61069.04
6694,Anthony Lambert,paula37@example.net,Lebanon,2024-12-18,Standard,43275.48
6695,James Parker,taylormendoza@example.com,Mexico,2017-12-09,Standard,59591.54
6696,Randy Gonzalez,vasquezaustin@example.org,Gibraltar,2021-11-01,Basic,25773.77
6697,Darren Smith,matthewreyes@example.com,Faroe Islands,2015-04-29,Standard,44041.33
6698,David Santana,sandrayoung@example.org,Guinea-Bissau,2020-12-20,Standard,8634.37
6699,Jason Perez,valerie42@example.org,Isle of Man,2017-07-22,Standard,25686.25
6700,Christina Richardson,andresgilmore@example.net,Antarctica (the territory South of 60 deg S),2017-08-16,Standard,39964.06
6701,Maria Delgado MD,wrightmichael@example.com,Northern Mariana Islands,2018-10-26,Basic,51360.92
6702,Scott Mckinney,ncrawford@example.com,Gambia,2021-01-22,Standard,52894.31
6703,Terry Gonzalez,burgesskevin@example.org,Colombia,2018-04-04,Standard,49851.94
6704,Margaret Lewis,gloria48@example.net,Gibraltar,2018-04-22,Basic,12972.54
6705,Samantha Larson,jennifercarlson@example.com,Guinea,2020-10-08,Standard,55275.16
6706,Joy Pierce,michaelwilson@example.net,Luxembourg,2023-06-04,Basic,22491.18
6707,Michael Phillips,jroberts@example.org,Vanuatu,2021-11-24,Basic,62993.1
6708,Rachel Davidson,juan24@example.com,Kuwait,2019-11-30,Basic,43817.21
6709,Alejandra Potts,alexis63@example.org,Luxembourg,2019-02-28,Standard,68335.19
6710,Tina Curtis,kingmichelle@example.net,Guatemala,2018-09-07,Basic,66765.01
6711,Travis Fuller,lorigutierrez@example.com,Chad,2023-06-17,Standard,42933.35
6712,Christian Jones,qvalentine@example.net,Germany,2023-04-27,Standard,70922.23
6713,Christina Tucker,bcarr@example.com,Palestinian Territory,2017-01-03,Premium,44527.1
6714,John Foley,paulpalmer@example.net,Congo,2021-07-19,Premium,33222.78
6715,Richard Vazquez,jeffreyfreeman@example.net,Saint Pierre and Miquelon,2022-05-28,Standard,40526.28
6716,Michelle Avery,gallegosaaron@example.net,Zambia,2024-05-27,Basic,63468.19
6717,Scott Martinez,mjones@example.com,Nigeria,2020-12-06,Premium,10540.01
6718,Joshua Wilson,hgomez@example.com,Saint Vincent and the Grenadines,2025-03-05,Standard,48037.51
6719,Daniel Campbell,theresa26@example.org,Svalbard & Jan Mayen Islands,2020-03-07,Basic,67428.85
6720,Spencer Pittman,tknight@example.com,Barbados,2021-07-06,Premium,24780.42
6721,Bradley Smith,rreyes@example.com,Nicaragua,2017-12-11,Standard,68713.83
6722,Spencer Moore,stephanie78@example.net,Aruba,2023-11-10,Basic,60863.67
6723,Kathy Robles,hendersonalexis@example.org,Suriname,2019-10-09,Standard,69465.87
6724,Patricia Mitchell,udoyle@example.net,Barbados,2020-11-12,Standard,65570.19
6725,Anthony Harrison,guerradebra@example.org,Tunisia,2016-03-05,Basic,73657.68
6726,Robin Cox,jacqueline12@example.net,Niue,2022-02-27,Premium,54527.43
6727,Tristan Marshall,jamesclarke@example.org,Holy See (Vatican City State),2018-10-31,Premium,39730.19
6728,Brittany Walker,carlos13@example.net,Serbia,2016-04-12,Basic,63706.87
6729,Lauren Hines DDS,amberstanley@example.net,Cayman Islands,2021-11-02,Basic,43464.64
6730,William Price,kdunlap@example.org,India,2021-01-15,Basic,37003.39
6731,Juan Carter,brittanyreyes@example.com,Greenland,2018-10-10,Premium,70908.19
6732,David Green,rmorgan@example.org,Anguilla,2015-04-03,Standard,66591.22
6733,Brittney Johnson,parkererica@example.net,North Macedonia,2025-04-13,Basic,46385.34
6734,Keith Sims,lthomas@example.net,Malaysia,2021-06-04,Basic,63317.33
6735,Daniel Malone,john39@example.org,French Guiana,2016-03-07,Standard,12727.57
6736,Lauren Dunn,haynescynthia@example.net,Isle of Man,2019-02-26,Standard,43387.64
6737,Cory Garrett,lutzkaren@example.com,Montserrat,2019-10-08,Standard,42130.48
6738,Amy Campbell,melaniejackson@example.org,Sweden,2017-06-24,Basic,43993.78
6739,Carol Hansen,thomasabigail@example.net,Estonia,2022-01-16,Basic,28181.74
6740,Ashley Bowers,craigbrittany@example.net,Ireland,2020-08-28,Basic,23652.8
6741,Denise Brown,tina16@example.org,Bulgaria,2023-02-04,Standard,1794.9
6742,Brian Burns,timothy41@example.org,Ecuador,2023-08-16,Standard,56237.92
6743,Timothy Thompson,carolyn15@example.org,Guyana,2016-06-02,Basic,24051.66
6744,Rebecca Clark,christopher63@example.com,Lithuania,2023-05-08,Standard,1743.15
6745,Wendy Wilson,kristin46@example.com,Swaziland,2023-10-30,Premium,43281.58
6746,Renee Rodriguez,georgelozano@example.org,Somalia,2025-10-01,Standard,1030.03
6747,Patty Clay,caseadrienne@example.net,Tokelau,2021-06-07,Basic,9642.35
6748,Bryan Garcia,alicia10@example.org,France,2022-04-01,Basic,23226.19
6749,Carlos Cannon,john59@example.com,Malawi,2017-09-23,Basic,26379.74
6750,Kevin Davis,suzanne81@example.org,Puerto Rico,2015-08-30,Basic,3409.12
6751,Jeffrey Burnett,ysimpson@example.com,Australia,2020-12-31,Standard,24774.73
6752,Brandon Hoffman,stevenkemp@example.net,Moldova,2023-01-16,Basic,64205.0
6753,John Wise,imullen@example.org,Timor-Leste,2015-09-07,Premium,21434.68
6754,Sarah Schmidt,victor70@example.com,Benin,2023-01-06,Basic,22625.43
6755,Robert Harmon,thomas08@example.org,Colombia,2025-02-27,Standard,30184.45
6756,Mrs. Anna Wilson MD,mary24@example.net,Turks and Caicos Islands,2023-10-29,Standard,52362.71
6757,Sandra Turner,andrewwolf@example.com,Hong Kong,2023-06-30,Standard,15621.71
6758,Kim Chapman,laurahart@example.org,French Southern Territories,2015-11-20,Standard,68647.19
6759,Sara Smith,spearsbrittany@example.com,Malta,2023-01-30,Standard,26313.75
6760,Lisa Wright,adrian41@example.net,Haiti,2017-05-06,Standard,42734.16
6761,Brandon Soto,anthonyparsons@example.com,Barbados,2015-09-05,Standard,59936.32
6762,James Spears,zjennings@example.net,Saint Martin,2021-02-08,Basic,47090.69
6763,Jason Hogan,lauradickson@example.net,Mali,2023-06-05,Standard,65567.68
6764,Joseph Tate DVM,huntamanda@example.net,India,2019-02-11,Basic,32407.59
6765,Courtney Campbell,brian57@example.org,Thailand,2022-06-19,Standard,22069.43
6766,Kathleen Murray,gibbskimberly@example.com,Timor-Leste,2024-08-26,Standard,48886.95
6767,Vincent Hernandez,russellstephanie@example.com,Myanmar,2021-07-23,Standard,28324.12
6768,Elizabeth Rodriguez,michellejones@example.net,Antarctica (the territory South of 60 deg S),2018-11-21,Standard,14148.82
6769,Anthony Pham,hhinton@example.com,Ecuador,2019-04-05,Basic,8897.84
6770,Brandi Wolfe,kristin93@example.com,Malaysia,2022-08-12,Standard,29618.33
6771,Molly Livingston,romankevin@example.org,Slovakia (Slovak Republic),2024-05-26,Standard,49586.84
6772,Holly Bryant,mariestewart@example.com,Hungary,2020-06-14,Standard,18188.82
6773,Melissa Garcia,ystewart@example.com,Kuwait,2016-10-10,Standard,2355.93
6774,Jimmy Sparks,maddoxlynn@example.org,Argentina,2023-08-03,Standard,31781.36
6775,Alicia Boyd,schwartzconnie@example.net,Congo,2018-11-06,Standard,30886.98
6776,Laura Henry,lindahenson@example.org,Guyana,2020-11-04,Basic,22300.15
6777,Gina Reed,bmiller@example.net,Rwanda,2017-11-16,Premium,60591.04
6778,Victoria Young,monica98@example.net,Eritrea,2019-08-16,Premium,52933.45
6779,Sara Butler,qchambers@example.net,North Macedonia,2021-12-28,Premium,67024.28
6780,Tina Walton,james22@example.net,Netherlands,2025-08-22,Basic,34771.58
6781,Sarah Fernandez,davidparrish@example.net,Portugal,2018-10-03,Standard,66900.36
6782,Michael Robinson,alecsmith@example.org,Australia,2025-04-22,Standard,61405.61
6783,Timothy Golden,angela90@example.org,Uganda,2015-06-25,Standard,62160.6
6784,Shawn Reynolds,hernandezmichael@example.net,Liechtenstein,2015-06-03,Basic,72259.26
6785,Patrick Owen,bishopcheryl@example.org,Pitcairn Islands,2015-01-06,Standard,42126.18
6786,Nancy Elliott,peter69@example.org,Slovakia (Slovak Republic),2015-02-03,Premium,73514.66
6787,Laura Rodriguez,kaylafisher@example.com,Marshall Islands,2017-05-04,Standard,36623.83
6788,Chelsea Anderson,smiller@example.org,Iceland,2020-09-16,Standard,70038.61
6789,Megan Alvarez,gibsonjenna@example.com,Colombia,2017-11-27,Basic,19931.46
6790,Michelle Becker,sarah26@example.net,Bolivia,2020-12-06,Standard,34133.25
6791,Dillon Fernandez,ibuckley@example.net,Benin,2018-07-22,Basic,17436.28
6792,Deborah Vaughn,mark27@example.com,Argentina,2021-06-14,Basic,69510.73
6793,Ricky Ballard,vmorgan@example.org,Gibraltar,2019-09-10,Standard,59847.26
6794,Derek Kirby,stephensstephanie@example.net,Tunisia,2023-06-25,Standard,19694.55
6795,Kimberly Hopkins,lramos@example.net,Heard Island and McDonald Islands,2021-10-21,Basic,49530.85
6796,Ashley Eaton,morajames@example.com,Bahamas,2015-01-15,Standard,51981.14
6797,Donald Espinoza,nancy01@example.org,Falkland Islands (Malvinas),2021-01-06,Standard,13191.71
6798,Robyn Clarke,jason28@example.net,Serbia,2021-11-18,Basic,21046.92
6799,Taylor Collins,peter47@example.net,Jordan,2024-10-08,Standard,57453.24
6800,Christina Howard,lmcintosh@example.org,Isle of Man,2016-04-03,Standard,72078.5
6801,Karen Perez,masonashley@example.org,Gambia,2024-04-28,Basic,17975.43
6802,Edward Sanders,linda32@example.org,San Marino,2025-01-04,Basic,40438.41
6803,Amanda Sexton,kenneth96@example.net,Italy,2016-05-19,Standard,63477.91
6804,Joe Robbins,brianorr@example.net,Venezuela,2015-03-29,Standard,66647.88
6805,Marc Neal,randy61@example.com,Andorra,2021-03-14,Standard,32005.16
6806,Jacqueline Davis,lewismary@example.com,Saint Lucia,2023-11-06,Basic,73887.67
6807,Emily Steele,caseykrause@example.net,Niue,2024-05-01,Premium,28935.12
6808,Brenda Johnson,lchang@example.net,Guam,2023-08-03,Basic,58230.56
6809,Alexander Brown,kenneth15@example.com,Thailand,2025-08-15,Basic,15431.36
6810,Patricia Frazier,landrynicholas@example.com,Ukraine,2020-11-11,Standard,37914.79
6811,Jake Moore,andrewwilson@example.com,Mauritius,2017-04-21,Basic,38167.47
6812,Samantha Hoffman,floresstephen@example.org,Samoa,2023-05-20,Standard,33378.26
6813,John Long,levyelizabeth@example.org,Albania,2023-03-19,Standard,38519.7
6814,Claire Vance,april93@example.org,Denmark,2023-07-14,Standard,30501.55
6815,Stephanie Olson,robert79@example.com,Vietnam,2017-10-25,Standard,1290.86
6816,Sean Nguyen,joshuaponce@example.com,Madagascar,2021-10-14,Premium,53880.14
6817,Jason Rowland,clayscott@example.com,Trinidad and Tobago,2025-07-25,Premium,68507.54
6818,Donna Mcguire,erica78@example.com,India,2024-04-05,Basic,14676.85
6819,Holly Rowe,joshuawest@example.org,Estonia,2015-04-05,Standard,31580.05
6820,Michael Abbott,christopher52@example.org,Papua New Guinea,2016-06-29,Standard,9796.79
6821,Vanessa Clark,millersteven@example.net,India,2025-11-16,Standard,59117.44
6822,Xavier Jones,anita77@example.com,French Southern Territories,2022-05-07,Premium,19831.96
6823,Jason Gonzalez,ehopkins@example.org,Congo,2017-08-10,Basic,64711.14
6824,Joshua Phelps,tylerrusso@example.com,Azerbaijan,2023-02-14,Basic,45938.18
6825,Mary Wagner,tkim@example.com,Saint Lucia,2016-07-02,Standard,33903.22
6826,Tiffany Rivera,ortegamaureen@example.com,Martinique,2015-09-29,Premium,56907.65
6827,Jennifer Thomas,sullivanjose@example.com,Greenland,2020-07-19,Premium,53118.89
6828,Nathan Mathews,reedchristopher@example.org,French Polynesia,2018-01-19,Standard,62955.21
6829,Megan Hall,courtneyshaw@example.com,Nigeria,2018-01-13,Premium,16328.09
6830,Paul Dennis,gedwards@example.net,El Salvador,2024-06-03,Standard,58613.54
6831,Jason Brown,snyderlauren@example.net,Guernsey,2021-12-20,Standard,5877.43
6832,Lisa Ford,forbeslisa@example.com,Heard Island and McDonald Islands,2016-02-09,Standard,46305.39
6833,Carmen Hughes,rojasjose@example.com,Zimbabwe,2016-08-13,Basic,69288.87
6834,Frances Watts,jennifer87@example.org,Uruguay,2020-03-22,Basic,40912.96
6835,James Allen,shepardhector@example.com,Saint Barthelemy,2021-04-04,Premium,54831.69
6836,Daniel Miller,brownchristopher@example.com,Netherlands Antilles,2017-11-13,Standard,55894.56
6837,Amanda Hubbard,scott55@example.com,Kiribati,2017-04-18,Basic,43181.64
6838,Danielle Parks,edwardwhite@example.net,Bangladesh,2020-07-24,Standard,28146.27
6839,Zachary Mccarthy,piercemadeline@example.org,Israel,2017-01-29,Basic,59560.46
6840,Robert Riddle,michaelpalmer@example.org,Malta,2024-12-24,Standard,20059.85
6841,Kyle Hess,kclark@example.com,Uganda,2016-12-07,Standard,50590.31
6842,Don Rogers,thomaslester@example.org,Lao People's Democratic Republic,2024-04-16,Standard,8314.2
6843,Charles Melendez,hsweeney@example.com,Guernsey,2018-06-05,Standard,2899.59
6844,Vanessa Barber,graysarah@example.org,Montserrat,2022-09-17,Standard,32513.68
6845,Joseph Beltran,bthomas@example.com,Iraq,2015-02-19,Standard,4006.97
6846,Erin Huang,rthompson@example.com,Senegal,2022-10-15,Premium,30101.88
6847,Terry Booker,thomasalyssa@example.com,South Africa,2025-06-06,Standard,4442.77
6848,Timothy Riley,stephenwillis@example.net,Montenegro,2021-09-01,Standard,2877.31
6849,Leah Davis,thomasbenjamin@example.org,Guam,2019-05-21,Standard,59483.58
6850,Victoria Brewer,christian68@example.com,Antigua and Barbuda,2016-07-09,Basic,31204.32
6851,Ryan Espinoza,frederick37@example.org,Afghanistan,2019-08-04,Premium,27189.23
6852,Shannon Hayes,nwatson@example.org,Sao Tome and Principe,2015-02-10,Basic,43858.58
6853,Christopher Maynard,pjohnson@example.com,Senegal,2018-07-06,Standard,35815.76
6854,Katrina Mitchell,ronaldfriedman@example.net,Georgia,2017-09-23,Premium,7409.53
6855,Zachary Robinson,montoyaveronica@example.org,Cuba,2021-04-25,Premium,71659.79
6856,Ms. Mary Gomez,john67@example.org,Azerbaijan,2020-03-04,Basic,2193.27
6857,Kimberly Medina,olivernicole@example.com,Serbia,2017-02-15,Standard,34745.56
6858,Tyler Barnes,dillonharris@example.org,Pitcairn Islands,2020-01-24,Basic,2836.89
6859,Angela Kelly,sheri89@example.net,Congo,2017-04-16,Standard,7240.93
6860,Caroline Harris,rstephens@example.org,Brunei Darussalam,2015-06-18,Standard,28705.44
6861,Patricia Mcdonald,dhayes@example.com,Luxembourg,2015-11-06,Basic,35577.9
6862,Michele Cross,meaganevans@example.net,Svalbard & Jan Mayen Islands,2017-01-30,Standard,37297.17
6863,Noah Herring,destiny71@example.org,Djibouti,2017-11-05,Premium,60368.81
6864,Jacqueline Fischer,fmcbride@example.org,Brazil,2023-09-04,Standard,69173.19
6865,Bianca Moore,logan63@example.net,Yemen,2016-04-03,Standard,30711.57
6866,Jeffery Mitchell,jeanneaguirre@example.net,American Samoa,2016-11-15,Basic,8544.21
6867,Gregory Shelton,mtaylor@example.net,Colombia,2015-10-08,Standard,74462.55
6868,Kara Johnson,travisjones@example.org,Iceland,2017-11-17,Standard,720.08
6869,Brian Smith,andreagonzales@example.org,Vanuatu,2025-12-21,Standard,30677.91
6870,Tiffany Kelley,awright@example.net,Uganda,2018-05-20,Premium,17112.32
6871,Marcia Carroll,pwilliams@example.net,Sweden,2025-02-13,Standard,59042.26
6872,Michael Smith,hartrichard@example.net,Svalbard & Jan Mayen Islands,2016-01-16,Premium,27200.81
6873,Patrick Carney,michaelthomas@example.net,Grenada,2018-11-03,Standard,1400.91
6874,Carolyn Preston,andradevanessa@example.com,Albania,2018-01-10,Standard,68374.87
6875,Toni Williams,haroldmcneil@example.com,Dominica,2023-03-20,Basic,10858.23
6876,Christopher Weaver,barbarahoward@example.org,Marshall Islands,2015-03-11,Basic,49907.84
6877,Amanda Coleman,sweeneydarren@example.org,Tonga,2024-03-26,Standard,23055.55
6878,John Herrera,lisa59@example.net,Saint Helena,2024-11-27,Standard,63232.11
6879,Bryan Tucker,gibbsrobert@example.org,Saint Pierre and Miquelon,2017-05-02,Standard,46372.55
6880,Joseph Luna,steven60@example.org,Lao People's Democratic Republic,2022-01-06,Standard,31694.8
6881,Christina Coleman,mariabailey@example.org,Portugal,2025-05-08,Standard,7304.41
6882,Seth Smith,davidford@example.org,Venezuela,2022-04-22,Premium,30820.9
6883,Megan Moore,robin69@example.com,Slovakia (Slovak Republic),2023-01-28,Standard,61421.0
6884,Natalie Reynolds,patrick66@example.com,Indonesia,2022-08-05,Standard,72795.72
6885,Tara Dennis,robert14@example.org,Rwanda,2024-04-11,Premium,71114.39
6886,Alejandra Smith,hooddaniel@example.com,Estonia,2018-12-07,Standard,43929.87
6887,Jordan Burns,smiththomas@example.net,Sudan,2016-03-09,Premium,3019.89
6888,Tyler Thomas,jeffreysimmons@example.org,Norway,2018-08-02,Premium,50139.26
6889,Shelby Clark,josephwilliams@example.com,Falkland Islands (Malvinas),2025-05-05,Basic,40392.55
6890,Johnny Wood,blutz@example.org,Armenia,2019-10-27,Basic,13012.03
6891,Amber Smith,carmen18@example.com,Central African Republic,2023-06-30,Standard,30494.11
6892,Debra Franklin,cindygarrett@example.org,Gabon,2023-12-31,Basic,55004.89
6893,Laura Mitchell,ralphchapman@example.net,Iceland,2020-05-15,Standard,31168.38
6894,Stephanie Miller,tara55@example.net,Malta,2025-03-09,Standard,59389.49
6895,Albert Castillo,dbarton@example.com,Bolivia,2016-06-03,Basic,50666.22
6896,Christy Hicks,jillarnold@example.org,Liechtenstein,2015-08-29,Standard,28607.85
6897,Patrick Campbell,paul50@example.org,Papua New Guinea,2018-01-07,Basic,37639.94
6898,Joshua Sanchez,jennifer41@example.net,Wallis and Futuna,2020-09-24,Standard,19596.64
6899,Luis Martin,usingh@example.com,Aruba,2022-05-16,Basic,33014.57
6900,Scott Chung,fwright@example.net,Argentina,2021-05-01,Standard,6870.66
6901,Jay Lee,reedkristy@example.net,Libyan Arab Jamahiriya,2018-04-09,Premium,2681.54
6902,John Hall,fergusonnatalie@example.org,Oman,2015-12-18,Standard,42652.22
6903,Julie Barnes,hamiltonandrew@example.org,Madagascar,2019-07-12,Standard,3510.0
6904,Robert Smith,patrick11@example.net,Tokelau,2020-12-07,Standard,54525.95
6905,Krista Anderson,mccarthyvalerie@example.com,Macao,2025-07-27,Basic,57697.99
6906,Daniel Hart,andrewsnyder@example.org,Congo,2025-10-15,Basic,29629.6
6907,Christina Rosario,waltervargas@example.net,Bhutan,2017-03-19,Basic,9807.35
6908,Jennifer Hopkins,deborah86@example.org,El Salvador,2018-02-15,Basic,73478.64
6909,Mary Lindsey,qmayer@example.net,Chile,2018-01-12,Standard,38362.15
6910,Jason Wilcox,matthewcooper@example.org,Austria,2020-08-27,Standard,71306.15
6911,Robert Bailey,beckjean@example.com,Heard Island and McDonald Islands,2025-10-29,Standard,16994.11
6912,William Sanchez,christina08@example.net,Guernsey,2019-11-04,Standard,24062.44
6913,Donna Grant,samanthaenglish@example.org,Kazakhstan,2015-02-09,Standard,53652.59
6914,Carla Chavez,nhunter@example.com,Australia,2017-03-27,Standard,74840.86
6915,Russell Sims Jr.,mcmillanchristopher@example.net,Lebanon,2025-07-12,Basic,37002.18
6916,William Hayes,wilsonjeremy@example.org,China,2019-01-11,Basic,64999.94
6917,Thomas Wiggins,tjones@example.com,Korea,2017-05-02,Basic,361.38
6918,Deborah Wells,shawdanielle@example.org,Andorra,2015-03-26,Basic,397.88
6919,Alyssa Smith,perezbrian@example.net,Northern Mariana Islands,2017-10-15,Premium,39045.04
6920,Bruce Summers,scottalan@example.org,Saint Lucia,2019-07-10,Basic,55847.31
6921,Danielle Cobb,danielguerrero@example.net,Tonga,2021-11-12,Standard,44632.34
6922,Angela Hernandez,rcrosby@example.com,Egypt,2021-05-30,Premium,38832.81
6923,Michelle Sampson,nicholas84@example.com,Monaco,2016-01-04,Basic,42717.58
6924,Annette Mckee,jamiesanders@example.com,Niger,2023-12-14,Premium,9153.54
6925,Emily Henson,cartersteven@example.net,British Indian Ocean Territory (Chagos Archipelago),2024-08-06,Premium,43578.47
6926,Melissa Lynch,glennkristina@example.org,Western Sahara,2023-06-12,Basic,28990.11
6927,Bonnie Reese,robert97@example.net,North Macedonia,2017-08-20,Basic,11632.04
6928,Lauren Stephens,taylorrichard@example.net,Nicaragua,2025-06-21,Premium,37211.79
6929,Janice Singleton,jessicaspence@example.com,Peru,2022-07-20,Standard,62417.27
6930,Ryan Cain,yhorton@example.com,Korea,2023-02-24,Standard,58056.74
6931,Raven House,mwatson@example.com,Kenya,2015-07-03,Standard,53797.97
6932,Emma Kerr,ehenry@example.org,Puerto Rico,2023-03-22,Standard,40747.83
6933,Renee Hunter,barreralouis@example.net,Suriname,2024-06-13,Standard,40863.67
6934,Casey Rios,kimberlyyoung@example.org,Mongolia,2024-09-19,Basic,70724.51
6935,John Campbell,housejennifer@example.com,Luxembourg,2017-11-22,Basic,32037.99
6936,Jennifer Morgan,griffindeanna@example.net,United Kingdom,2015-04-05,Standard,3287.13
6937,Deborah Powell,eric73@example.org,Bangladesh,2025-11-27,Basic,61241.19
6938,Aaron Cook,lbecker@example.org,South Georgia and the South Sandwich Islands,2017-06-16,Standard,20980.42
6939,Kelly Smith,tonyarowe@example.org,Namibia,2016-02-01,Standard,9125.87
6940,Hannah Waters,wsanders@example.org,Azerbaijan,2019-12-31,Basic,18512.81
6941,Kimberly Jimenez,gonzalesjessica@example.net,Bangladesh,2024-11-23,Premium,7435.07
6942,Megan Bowers,butlerjacob@example.net,Pakistan,2021-10-10,Premium,7161.9
6943,Patrick Walker,kelly19@example.com,Georgia,2017-11-27,Standard,27861.16
6944,Jordan Little,amber67@example.org,Bouvet Island (Bouvetoya),2021-06-06,Standard,10828.74
6945,Nicole Moore,maria63@example.com,Cook Islands,2025-11-28,Basic,23351.18
6946,Ronald Dickson,bookerjohn@example.com,Venezuela,2024-01-10,Premium,47785.17
6947,Michael Benson,lmaynard@example.com,Algeria,2019-01-26,Basic,1149.86
6948,Jamie Castro,tbrown@example.org,Cambodia,2018-02-11,Standard,57257.28
6949,Jacqueline Farrell,ecole@example.net,Tonga,2018-08-10,Standard,2490.36
6950,Kayla Wilson,smithkristi@example.net,New Zealand,2021-09-12,Standard,43212.87
6951,Linda Moran,alvarezchristian@example.net,Tonga,2022-11-23,Standard,43754.85
6952,Taylor Madden,geraldallen@example.net,Myanmar,2019-12-14,Standard,30480.54
6953,Amanda Johnson,paul17@example.org,French Polynesia,2015-08-28,Premium,4261.72
6954,William Nolan,rhonda46@example.com,Haiti,2022-03-22,Standard,20207.99
6955,Brady Andersen,michelemahoney@example.com,Haiti,2022-12-03,Basic,60805.97
6956,Jennifer Huerta,julie15@example.net,Isle of Man,2022-09-21,Basic,68291.18
6957,Alexander Gonzalez,jessejenkins@example.com,Malawi,2022-04-27,Standard,69068.63
6958,Alec Griffin,jose52@example.com,Tanzania,2025-05-06,Standard,33643.69
6959,Amy Knight,zdiaz@example.com,Kyrgyz Republic,2016-09-03,Basic,72618.91
6960,James Graham,orichard@example.net,Lesotho,2015-05-18,Basic,29483.38
6961,Mr. Rodney Clark,parkermatthew@example.com,Yemen,2015-10-14,Standard,37684.58
6962,Kimberly Hamilton,cohenleslie@example.com,United States Virgin Islands,2025-02-23,Standard,51739.83
6963,Alan Baker,jessica18@example.com,Armenia,2025-03-27,Premium,17248.26
6964,Jamie Clark,carolynscott@example.net,Iraq,2019-08-13,Standard,72827.69
6965,Richard Harris,cmiller@example.com,Niger,2017-06-29,Standard,71339.86
6966,Ashley Thompson,tiffany38@example.com,Saudi Arabia,2015-02-04,Standard,34218.93
6967,Alexander Bishop,johnstoneric@example.org,Guyana,2016-01-23,Standard,12170.41
6968,Larry Chaney,johnlowe@example.org,Palestinian Territory,2016-07-25,Basic,42111.02
6969,Travis Myers,brandi32@example.net,Japan,2021-02-26,Standard,25068.16
6970,Paul Wilson,jeanetteirwin@example.net,Botswana,2015-10-12,Premium,31545.8
6971,Randy Kent,aaronjohnson@example.org,Trinidad and Tobago,2025-12-05,Standard,59026.06
6972,Joseph Hunt,josephwilson@example.com,Montserrat,2018-03-20,Standard,42443.45
6973,Jerry Martinez,nsmith@example.org,Bhutan,2016-04-13,Standard,66946.01
6974,Louis Sexton,joelbautista@example.net,Greece,2021-09-30,Basic,4797.21
6975,Danielle Clark,christopherbrooks@example.com,Jersey,2019-10-13,Standard,4389.76
6976,Paul Garrison,jenniferjarvis@example.net,Switzerland,2016-06-07,Standard,4270.21
6977,Patricia Higgins,andrewsdale@example.com,Papua New Guinea,2020-02-21,Standard,39297.28
6978,Peter Patterson Jr.,chrissantos@example.com,France,2024-11-09,Premium,6957.4
6979,Christopher Lowery,ilee@example.net,Libyan Arab Jamahiriya,2025-02-20,Basic,13389.63
6980,Joseph Castaneda,dawn73@example.org,Saint Barthelemy,2025-05-17,Premium,55191.86
6981,Terrance Rubio,eric63@example.com,Trinidad and Tobago,2016-01-02,Standard,5381.12
6982,Cindy Hunt,moorejohn@example.com,Guam,2017-12-19,Premium,49201.08
6983,Dr. Paula Pugh DDS,areed@example.com,Eritrea,2015-02-17,Basic,53720.93
6984,Michael Ramos,jason41@example.org,Guatemala,2023-06-05,Standard,32346.4
6985,Elijah Dennis,lholt@example.com,Cuba,2023-08-28,Standard,71690.09
6986,David Anderson,mary83@example.com,Saint Lucia,2023-06-16,Basic,68530.12
6987,Kenneth Matthews,samantha89@example.com,Liberia,2015-07-08,Standard,28792.22
6988,Robert Snyder,manningelizabeth@example.org,United States Minor Outlying Islands,2016-12-28,Basic,23083.25
6989,Christopher Conner,garciaroy@example.org,Colombia,2019-09-13,Basic,73390.59
6990,Cory Wall,qzhang@example.net,Tonga,2018-05-13,Basic,63946.73
6991,Timothy Martin,breanna26@example.org,Guernsey,2016-03-14,Standard,72487.87
6992,Joseph Avila,adamwalton@example.net,Burkina Faso,2015-01-29,Standard,25134.0
6993,Shannon Castro,hicksandrew@example.com,Norway,2023-12-15,Standard,54008.59
6994,April Mason,georgejohnson@example.org,Guinea-Bissau,2023-03-17,Standard,15570.6
6995,Brian Lucas,katrina35@example.net,Eritrea,2017-11-28,Standard,63439.49
6996,Bradley Williams Jr.,brianachung@example.org,Chad,2019-09-24,Standard,41985.49
6997,Alexander Pope,garyharper@example.org,Tanzania,2020-12-30,Premium,74938.19
6998,John Daugherty,masonsalazar@example.net,Papua New Guinea,2023-06-28,Standard,70530.04
6999,Daniel Reynolds,hallmary@example.com,Australia,2024-04-06,Premium,51034.32
7000,Savannah Mcdonald,smithtimothy@example.net,Bosnia and Herzegovina,2019-06-03,Standard,71465.38
7001,Richard Williams MD,eddie60@example.net,Malawi,2019-05-25,Standard,533.55
7002,Kristina Richards,stephaniewilliams@example.com,Brazil,2019-05-06,Basic,52843.53
7003,Angela Lopez,chendricks@example.org,Montserrat,2023-10-13,Basic,69908.2
7004,Michelle Levy,becky11@example.com,Bouvet Island (Bouvetoya),2016-06-16,Standard,11660.05
7005,Kevin Brown,gphillips@example.net,Liechtenstein,2025-05-23,Standard,5974.98
7006,Calvin Cooper,fischerdustin@example.net,Morocco,2019-08-02,Standard,33284.25
7007,Douglas Norris,kathleen29@example.net,Portugal,2024-08-08,Basic,33289.34
7008,Thomas Simmons,tjones@example.net,Tokelau,2018-04-16,Basic,59310.49
7009,Rodney Underwood,emily95@example.com,Belgium,2022-06-06,Standard,62282.73
7010,Elizabeth Powers,dwilliams@example.org,Netherlands Antilles,2017-04-30,Standard,4741.69
7011,Natalie Bush,halljacob@example.com,Suriname,2025-12-07,Standard,2978.33
7012,Gregory Hernandez,rwhite@example.org,Guadeloupe,2018-05-27,Basic,60519.16
7013,Angelica Flores,hfisher@example.net,Pakistan,2018-05-19,Standard,36382.1
7014,Daniel Owens,vrodriguez@example.com,Cameroon,2018-07-06,Basic,9635.17
7015,Yvette Rodriguez,cheryl91@example.net,Cameroon,2018-06-13,Basic,60924.2
7016,Jasmine Powers,david33@example.com,Palau,2024-11-08,Premium,54522.85
7017,Eric Wilson,christophermccormick@example.com,Angola,2016-09-16,Basic,28535.68
7018,Natasha Graves DDS,zamoramargaret@example.org,Ukraine,2018-10-09,Basic,11523.49
7019,Justin White,joe65@example.com,Uruguay,2017-11-01,Basic,32603.57
7020,Morgan Miller,maytony@example.net,Panama,2016-11-01,Standard,56402.94
7021,Gabriel Ewing,reedmonique@example.com,Mozambique,2016-12-05,Standard,43218.7
7022,Rachel Stafford,josephmorrison@example.com,Martinique,2022-10-01,Premium,30125.29
7023,Christine Villegas,christina08@example.org,New Caledonia,2024-03-06,Standard,21408.35
7024,Amanda Smith,richard81@example.net,Mauritania,2022-07-09,Premium,9498.43
7025,Chelsea Mata,christopherruiz@example.org,Iceland,2017-03-12,Basic,37106.06
7026,Donna Farmer,jasminegriffin@example.org,Guadeloupe,2016-08-24,Standard,6253.01
7027,Laura Johnson,hramirez@example.org,Bahamas,2022-07-01,Standard,438.48
7028,Brian Johnston,xhanson@example.org,Andorra,2018-10-13,Standard,23177.54
7029,Wendy Jacobs,fernandezmark@example.net,Luxembourg,2020-08-11,Standard,59224.39
7030,Devon Vaughn,brittneymiller@example.com,Trinidad and Tobago,2017-01-02,Basic,37826.09
7031,Jessica Quinn,jonathan93@example.com,Uruguay,2018-02-09,Basic,39735.57
7032,Jordan Mcguire,gholmes@example.net,British Virgin Islands,2015-04-06,Standard,31628.21
7033,Mark Salinas,tholder@example.net,Paraguay,2024-09-17,Basic,30535.08
7034,Anthony George,fullerjeffery@example.com,Niue,2016-02-07,Basic,26211.92
7035,Barbara Rodgers,johnhiggins@example.com,Grenada,2017-01-14,Basic,74474.01
7036,Kimberly Miller,martinscott@example.com,Bolivia,2019-02-28,Premium,61184.52
7037,Sarah Gardner,rbright@example.com,Brunei Darussalam,2018-02-16,Standard,49324.24
7038,John Logan,brownmolly@example.org,Spain,2017-10-09,Premium,54534.0
7039,Lisa Keith,tyler25@example.com,French Southern Territories,2019-07-03,Basic,9105.17
7040,Kimberly Salinas,zcarroll@example.com,Benin,2025-08-31,Premium,45944.73
7041,Amy Berry,wallercarl@example.net,Romania,2025-08-10,Standard,563.3
7042,Michael Matthews,cooksarah@example.com,Georgia,2023-01-01,Standard,10885.25
7043,Jenny Banks,duane16@example.com,Egypt,2019-04-27,Basic,65454.06
7044,Samantha Bryant,lauracherry@example.net,Australia,2016-10-30,Premium,4619.45
7045,Jamie Paul,jkelly@example.com,Norway,2016-03-06,Premium,52490.34
7046,Adrian Bridges,monroekatie@example.com,Namibia,2021-08-22,Standard,41419.22
7047,Alexa Morse,kristen11@example.org,Fiji,2015-07-22,Standard,68453.33
7048,Anthony Kennedy,ryanmurphy@example.net,South Georgia and the South Sandwich Islands,2015-05-13,Premium,60617.18
7049,Nancy Williams,carrollvictoria@example.com,British Indian Ocean Territory (Chagos Archipelago),2025-04-22,Basic,15936.78
7050,Jennifer Jackson,michaelmckee@example.org,Belize,2017-09-12,Basic,61043.53
7051,Mark West,gcooper@example.org,Taiwan,2023-05-20,Premium,51816.95
7052,Bethany Booker,leediana@example.com,Wallis and Futuna,2023-07-18,Premium,61742.02
7053,Jesse Bruce,millervanessa@example.net,Brunei Darussalam,2023-10-03,Standard,31266.83
7054,Matthew Abbott,williamsmark@example.net,Czech Republic,2023-07-01,Basic,66375.8
7055,Ronald Booth,truiz@example.org,Slovakia (Slovak Republic),2023-07-13,Standard,69566.64
7056,Joshua Wise,jeffrey11@example.com,Iraq,2023-01-08,Basic,26769.7
7057,Jonathon Morris,vthompson@example.net,Turkmenistan,2015-07-28,Standard,56406.38
7058,Corey Rodriguez,amy33@example.com,France,2021-07-11,Basic,19563.2
7059,Ashley Hernandez,hking@example.com,Sao Tome and Principe,2022-02-18,Standard,63443.73
7060,James Banks,jenniferclark@example.org,Central African Republic,2024-09-22,Standard,39410.29
7061,Peter Arnold,owenscody@example.org,Trinidad and Tobago,2016-05-08,Standard,954.56
7062,Sandra Colon DVM,matthew41@example.org,Yemen,2018-10-27,Premium,71875.78
7063,Holly White,sydneyschwartz@example.com,American Samoa,2022-12-02,Standard,39875.66
7064,Angela Andrews,watkinskevin@example.net,Russian Federation,2016-11-12,Premium,35572.98
7065,Jacob Wells,ldoyle@example.net,Honduras,2024-05-21,Standard,50780.68
7066,Dakota Hayes,garciadavid@example.org,Aruba,2020-04-15,Standard,55914.63
7067,William Vaughn,hholt@example.net,Kenya,2023-07-12,Premium,35231.65
7068,Gregory Huffman,jaredsmith@example.org,Colombia,2016-04-03,Premium,17195.65
7069,Christopher Hall,ydavis@example.com,Denmark,2015-04-23,Basic,8157.33
7070,Mary Lee PhD,sabrina99@example.net,Korea,2023-09-27,Standard,38520.93
7071,Caitlin Jones,stewartsusan@example.net,Central African Republic,2016-09-25,Standard,73202.11
7072,Ryan Roberson,jessicafisher@example.com,Japan,2021-09-06,Premium,15409.5
7073,Beth Walters,lunaclarence@example.net,Tokelau,2019-04-23,Basic,44208.88
7074,Mrs. Angela Salazar MD,philip05@example.org,Oman,2016-05-09,Standard,36908.15
7075,Emily Peterson,iroach@example.com,Russian Federation,2024-05-23,Standard,36516.06
7076,Alex Kelley,jason22@example.com,Sierra Leone,2019-09-14,Standard,33693.8
7077,Kendra Mckenzie,joannsmith@example.com,Somalia,2025-02-15,Standard,8176.67
7078,Eric Rice,vasquezwendy@example.net,Svalbard & Jan Mayen Islands,2021-02-18,Premium,59920.6
7079,Jessica Ford,nedwards@example.net,Guinea,2021-02-26,Premium,54278.91
7080,Tina Spencer,scottjoel@example.org,Chad,2024-09-21,Standard,26554.37
7081,Patricia Peterson,jonathongreen@example.net,Pitcairn Islands,2016-11-26,Basic,2602.97
7082,Sharon Avery,gjohnson@example.com,Philippines,2018-04-15,Standard,50267.44
7083,Kimberly Fry,dustinlewis@example.net,Ethiopia,2017-05-23,Standard,57660.42
7084,Madison Yates,shawn48@example.com,Malta,2016-10-26,Basic,72309.66
7085,Maurice Osborne,kevin51@example.net,Estonia,2021-07-24,Basic,9335.24
7086,Mark Ford,scottnicolas@example.org,Lesotho,2021-10-03,Premium,74500.24
7087,Dale Riley,jimmy82@example.com,Iraq,2018-12-14,Standard,28836.39
7088,Mary Wilson,jasonburke@example.com,Estonia,2022-06-22,Basic,19653.72
7089,Thomas Walsh,paularamsey@example.org,Taiwan,2019-12-18,Standard,29322.78
7090,Christopher Maynard,cbauer@example.net,Tokelau,2019-11-25,Standard,26898.92
7091,Amy Oliver,phoffman@example.net,New Zealand,2021-06-25,Standard,9099.96
7092,Dawn Hansen,brentmendoza@example.org,Mongolia,2019-02-02,Basic,68600.7
7093,Kyle Hodges,anamoore@example.net,Mongolia,2025-07-30,Standard,70485.33
7094,Katrina Griffith,alexander39@example.net,Gabon,2023-04-02,Premium,24308.59
7095,Teresa Morgan,benjamin81@example.com,Bhutan,2018-05-06,Premium,30641.28
7096,Deborah Anderson,randall62@example.org,Latvia,2015-01-19,Basic,29282.54
7097,Michelle Long,emilyhutchinson@example.org,Georgia,2017-03-20,Standard,971.05
7098,Jonathan Martinez,joseph56@example.com,Belize,2025-09-16,Standard,73447.08
7099,Shannon Watkins,pcooper@example.org,Bangladesh,2017-11-22,Basic,39320.46
7100,James Lewis,marc45@example.org,Benin,2024-07-07,Basic,11951.42
7101,Charles Jones,anita31@example.org,Austria,2016-04-05,Standard,56167.31
7102,Sherri Sanchez,andrewknight@example.org,Palau,2021-06-25,Standard,64961.26
7103,Brittany Williams,natalie76@example.com,United States Virgin Islands,2018-04-14,Premium,40751.74
7104,Jessica Wilkins,mharrell@example.net,Mexico,2015-02-11,Standard,16724.2
7105,Christopher Zimmerman,rroberts@example.org,Papua New Guinea,2019-10-08,Standard,8258.49
7106,Tony Alvarado,swalker@example.com,Mozambique,2024-02-17,Standard,60759.34
7107,Cathy Wade,brittany12@example.org,Cuba,2015-07-11,Premium,64396.84
7108,Thomas Williams,matthewking@example.org,Jersey,2015-10-19,Premium,27780.5
7109,Jasmine Perkins,ebrown@example.net,Greenland,2023-07-25,Standard,54047.21
7110,Elizabeth Johnson,adamsgregory@example.org,Barbados,2019-05-09,Basic,41366.2
7111,Debbie Pham,wwhite@example.com,Ghana,2023-11-27,Standard,30469.92
7112,Mrs. Jennifer Costa,natasha55@example.org,Cape Verde,2025-06-29,Standard,50164.06
7113,Tim Mitchell,alexander83@example.net,India,2018-06-23,Standard,24917.11
7114,Christopher Galloway,kimberly93@example.net,Canada,2018-08-27,Standard,7237.06
7115,Samantha Walters,gwalter@example.net,Marshall Islands,2023-07-15,Premium,9107.24
7116,Andre Chen,shelia28@example.com,Finland,2017-11-29,Standard,37525.5
7117,Morgan Johnson,donnafrancis@example.com,Bosnia and Herzegovina,2020-09-01,Basic,11871.24
7118,Shawna Cannon,ocalderon@example.net,Kenya,2019-10-05,Basic,43994.28
7119,Mark Crawford,janice00@example.net,Turks and Caicos Islands,2020-04-19,Basic,9390.39
7120,Sarah Brown,linda07@example.net,Nicaragua,2023-05-08,Standard,25437.76
7121,Lindsey Ramos PhD,williamsjose@example.com,Myanmar,2016-07-14,Basic,64851.0
7122,Gregory Harper,michelle24@example.net,Saudi Arabia,2020-01-14,Standard,5957.91
7123,Douglas Williams,saundersvictor@example.org,Eritrea,2016-02-08,Basic,24881.31
7124,Jose Todd,kfreeman@example.com,Tanzania,2023-07-31,Premium,44522.58
7125,Erica Pugh,denniswilson@example.net,Cook Islands,2018-10-30,Standard,38125.05
7126,Randall Johnson,sandersalexandra@example.net,American Samoa,2024-07-30,Standard,11818.64
7127,John Powell,jerrynorman@example.net,Venezuela,2022-07-13,Basic,3659.68
7128,Kaitlin Davidson,torresrebecca@example.net,Sudan,2017-07-19,Basic,34774.02
7129,Pamela Wu,dillon67@example.com,Fiji,2018-04-25,Basic,1659.84
7130,George Osborne,samantha67@example.net,Guam,2023-04-12,Basic,32776.09
7131,Christine Ramos,zphillips@example.org,Palau,2018-02-21,Basic,27893.43
7132,Mrs. Tina Trujillo,briana52@example.com,Barbados,2016-08-01,Standard,34827.55
7133,Autumn Boyd,travis25@example.com,Northern Mariana Islands,2016-02-21,Premium,5083.17
7134,Nicholas Harris,christopher11@example.org,Chad,2024-04-10,Premium,15467.17
7135,Regina Hawkins,heatherglover@example.net,Papua New Guinea,2019-04-23,Standard,9407.1
7136,Debra Brown,figueroabrandon@example.org,Oman,2020-05-22,Basic,56663.73
7137,Eric Scott,carneyglenda@example.net,Jordan,2017-07-30,Standard,48181.0
7138,Kevin Shepherd,jacobmason@example.org,Saint Vincent and the Grenadines,2017-06-05,Standard,54268.84
7139,David Lara,josechan@example.net,Algeria,2025-12-22,Premium,24024.25
7140,Allison Jimenez,stevenschneider@example.com,Kiribati,2017-01-30,Standard,1441.94
7141,Corey Benson,markwhite@example.com,Philippines,2015-10-26,Basic,22413.89
7142,Travis Hughes,sotomadison@example.net,French Guiana,2018-08-21,Basic,37868.3
7143,Jeffrey Garrett,webbholly@example.net,Kuwait,2019-04-20,Basic,50460.99
7144,Richard Ayala,cortezalexandra@example.com,Anguilla,2018-09-23,Premium,42306.03
7145,Jennifer Schwartz,mariaturner@example.net,Falkland Islands (Malvinas),2022-09-07,Standard,56442.62
7146,Kevin Bautista,dunnashley@example.net,Angola,2025-01-07,Standard,73599.57
7147,Tiffany Ball,pedro98@example.org,Zimbabwe,2024-05-08,Standard,41736.29
7148,Eric Smith,shannongonzalez@example.net,Bulgaria,2019-09-03,Standard,3665.57
7149,Kristen Velez,christine41@example.net,Turkey,2019-12-30,Standard,10423.98
7150,Elaine Proctor,bakerstanley@example.org,Guatemala,2017-04-27,Standard,28449.21
7151,John Jacobs,bshannon@example.com,Angola,2024-08-22,Premium,70933.26
7152,Patricia Shields,francesthomas@example.net,Andorra,2018-10-17,Basic,15687.91
7153,Mark Wheeler,fishertimothy@example.net,Burundi,2025-04-29,Standard,41249.62
7154,Jennifer Welch,adamhernandez@example.org,Zambia,2016-07-20,Standard,31463.28
7155,Carl Kelley,nhanson@example.com,Svalbard & Jan Mayen Islands,2025-01-06,Standard,9622.18
7156,Claire Maddox,jenniferhernandez@example.org,Lithuania,2024-05-16,Standard,54222.16
7157,Eric Taylor,roachnicole@example.org,Maldives,2025-01-17,Standard,4145.84
7158,Joseph Newman,kingamy@example.net,Nepal,2017-12-14,Standard,2508.16
7159,Timothy Jackson,jasonsosa@example.org,Christmas Island,2019-05-31,Standard,70225.46
7160,Monica Coleman,lwilson@example.net,Kenya,2015-08-24,Standard,17723.26
7161,Jordan Davis,hgonzalez@example.org,Norway,2023-09-20,Standard,58567.86
7162,Timothy Schwartz,christophergreen@example.net,Guinea-Bissau,2023-11-03,Standard,700.48
7163,Dawn Anderson,djohnson@example.com,Maldives,2024-05-10,Premium,39480.77
7164,Tamara Walsh,xpham@example.com,Chad,2017-03-30,Standard,11073.07
7165,Mary Austin,ngonzalez@example.com,El Salvador,2025-09-24,Standard,55729.73
7166,Renee Holland,kristakim@example.com,Tanzania,2020-01-15,Basic,44814.54
7167,Nicholas Walton,rossadam@example.net,Slovenia,2015-02-06,Standard,19488.59
7168,April Tapia,bsanchez@example.net,Papua New Guinea,2023-04-11,Standard,51215.41
7169,Philip Best,bonnie77@example.org,Saint Lucia,2023-04-06,Standard,33904.83
7170,Nancy Mcdonald,jeremycook@example.org,Macao,2020-03-12,Standard,44754.56
7171,Ralph Lawrence,lopezamanda@example.net,Nauru,2017-11-09,Standard,25590.32
7172,Donna Leonard,samuel47@example.com,Serbia,2021-07-31,Standard,63827.74
7173,Logan Ford,hernandezerica@example.org,Kyrgyz Republic,2024-04-27,Basic,2314.69
7174,Jennifer Ramirez,suarezlauren@example.com,Cayman Islands,2024-06-23,Basic,19660.48
7175,Matthew Webster,ronald73@example.com,Canada,2019-07-07,Standard,15951.83
7176,John Acosta,brownsean@example.net,Greenland,2023-03-04,Basic,9985.28
7177,James Stevens,timothy51@example.org,Tuvalu,2016-12-22,Standard,4707.81
7178,Mike Delacruz,heather98@example.net,Armenia,2020-05-28,Standard,48349.0
7179,Katherine Martinez,ffreeman@example.net,Ukraine,2024-05-16,Premium,57177.86
7180,Michelle Williams,patricktiffany@example.net,Thailand,2024-12-12,Standard,27981.63
7181,Michael Cross,castrojeffrey@example.org,Ukraine,2025-11-11,Standard,45604.36
7182,Renee Martinez,jasmine03@example.net,Niue,2015-08-23,Standard,31864.35
7183,Richard Hall,leemike@example.org,Bosnia and Herzegovina,2024-11-25,Basic,12031.69
7184,Danielle Fitzgerald,hernandezjennifer@example.com,South Africa,2018-01-03,Standard,8773.0
7185,Rebecca Nelson,wiseamber@example.net,Haiti,2021-03-16,Basic,30460.09
7186,Virginia Ford,heathermay@example.org,Tunisia,2025-07-17,Standard,28266.07
7187,Kelly Howell,rebeccayoung@example.net,Panama,2021-06-27,Premium,32006.13
7188,Kimberly Clark,sotorobert@example.org,Falkland Islands (Malvinas),2024-01-17,Premium,43942.43
7189,Sandra Hoffman,rebeccatate@example.net,Bahrain,2017-01-08,Standard,2461.7
7190,Lauren Gentry,amy70@example.com,Pakistan,2021-05-18,Basic,74618.91
7191,Logan Medina,qbradford@example.com,Sweden,2025-12-25,Basic,1290.08
7192,Austin Gardner,williamsmatthew@example.net,Chad,2019-06-17,Basic,14032.76
7193,Wesley Morris,vperez@example.org,Madagascar,2015-09-06,Standard,62204.69
7194,Kelly Taylor,gregory30@example.org,Central African Republic,2015-10-20,Standard,2139.18
7195,Karen Cherry,toddescobar@example.com,Cayman Islands,2023-07-08,Standard,66294.47
7196,Gregg Cisneros,uosborne@example.net,Cameroon,2015-11-26,Premium,16398.81
7197,Sean Haynes,justinchandler@example.com,Tonga,2024-12-12,Standard,14752.86
7198,Christopher Murray,laura72@example.com,Kazakhstan,2022-09-07,Basic,66640.88
7199,Matthew Hicks,richard53@example.net,Uzbekistan,2021-07-17,Premium,2709.14
7200,James Cross,wmitchell@example.org,Nicaragua,2024-05-13,Standard,14060.04
7201,Joshua Green,mharrington@example.net,Liechtenstein,2018-02-19,Standard,19221.94
7202,Michael Sherman,nkramer@example.org,Mongolia,2016-04-08,Standard,16984.79
7203,Jonathan Walton,umack@example.org,Saudi Arabia,2021-04-25,Basic,33182.58
7204,April Gillespie,milleralexander@example.org,Liberia,2025-12-23,Standard,33409.19
7205,Kaitlin Young,braunapril@example.org,Saint Martin,2021-01-20,Standard,41751.72
7206,John Wright,dshelton@example.org,United States Minor Outlying Islands,2023-04-25,Standard,42320.92
7207,Evan Quinn,weberjerry@example.net,Canada,2017-12-01,Standard,69739.7
7208,William Scott,morgan45@example.net,Finland,2021-11-27,Premium,66102.99
7209,Susan Valentine,fstone@example.net,Netherlands Antilles,2021-03-02,Basic,61367.37
7210,Donna Robles,enielsen@example.com,Georgia,2017-06-15,Standard,52491.34
7211,Timothy Grant,kcarroll@example.net,Eritrea,2020-03-07,Basic,17058.76
7212,Aaron Ingram,robinsonroy@example.net,Trinidad and Tobago,2020-07-13,Basic,74350.16
7213,Jesse Miller,loganle@example.org,United States Minor Outlying Islands,2016-10-17,Standard,64623.13
7214,Johnathan Villarreal,melliott@example.org,Christmas Island,2019-05-07,Basic,9061.0
7215,Angela Potts,rachelrobinson@example.net,Solomon Islands,2018-05-07,Standard,49003.25
7216,Holly Mendoza,thompsonrebecca@example.org,Chile,2019-10-25,Basic,42350.12
7217,Nicole Fitzgerald,jamesbarnes@example.net,Tonga,2023-01-22,Premium,62325.78
7218,David Chambers,nicoleporter@example.org,Saint Kitts and Nevis,2018-09-18,Standard,29786.18
7219,Sharon Kelly,brianbaker@example.org,Aruba,2016-11-11,Basic,34157.89
7220,Andrea Moore,hernandeztimothy@example.net,Indonesia,2025-12-16,Standard,22953.25
7221,Jessica Lindsey,bpalmer@example.org,Bhutan,2021-12-28,Standard,36821.58
7222,Kyle Adams DDS,nancyalvarez@example.org,Croatia,2015-04-06,Basic,44082.21
7223,Dr. Michael Bautista,alyssa41@example.net,Nepal,2024-08-20,Standard,292.65
7224,Kathleen Mendez,hawkinslisa@example.org,Nigeria,2015-01-12,Standard,22776.11
7225,Jordan Pollard,ybell@example.net,Guadeloupe,2019-01-28,Standard,37263.34
7226,Kelly Williams,wryan@example.net,Guatemala,2015-03-30,Basic,63524.94
7227,Susan Abbott,brian10@example.com,Haiti,2022-06-17,Standard,41036.61
7228,Kimberly Zimmerman,vmartin@example.com,Solomon Islands,2025-10-06,Basic,7970.38
7229,Michelle Williams,matthewwright@example.net,Sudan,2015-07-10,Basic,13088.86
7230,Christopher Hubbard,rjackson@example.com,Philippines,2025-02-20,Standard,57930.63
7231,Rhonda Noble,wrightalexander@example.net,Ghana,2018-05-10,Standard,61939.65
7232,Erin Harrington,jrasmussen@example.org,Niger,2015-05-14,Basic,18055.2
7233,Michael Meyer,moyerluis@example.org,Ireland,2025-04-01,Standard,40780.49
7234,Aaron Simmons,nfischer@example.com,American Samoa,2025-01-29,Premium,17081.5
7235,Laura Gates,stevenssteven@example.org,Chile,2017-10-09,Standard,71794.6
7236,Misty Porter,amanda36@example.org,France,2016-11-18,Standard,740.4
7237,Patricia Torres,sheltonian@example.org,United States Minor Outlying Islands,2016-09-22,Standard,5275.87
7238,Heidi Cook,julie48@example.com,Barbados,2024-01-12,Basic,67963.65
7239,Mrs. Catherine Martinez,marymarquez@example.org,Russian Federation,2015-09-01,Standard,64049.65
7240,Ryan Young,raven17@example.com,Turkey,2017-07-15,Premium,66384.03
7241,Kayla Sullivan,ihowell@example.net,Aruba,2023-12-06,Basic,21455.07
7242,David Stuart,ysmith@example.com,Denmark,2017-07-14,Basic,67335.29
7243,Michael Tucker,christophermartin@example.org,Turkmenistan,2024-02-13,Basic,43671.92
7244,Kimberly Holloway,randy14@example.com,Pitcairn Islands,2022-10-18,Standard,42129.59
7245,Jennifer Miranda,hrogers@example.net,Rwanda,2023-06-20,Basic,46877.68
7246,Katelyn Shea,james79@example.net,Papua New Guinea,2016-10-26,Basic,14657.92
7247,Joshua Dixon,simmonsrobert@example.net,Aruba,2025-04-22,Standard,18660.16
7248,Erin Garcia,tmitchell@example.net,Lebanon,2015-01-30,Standard,32149.92
7249,Christopher Wells,wmcknight@example.com,French Polynesia,2021-04-30,Basic,2242.26
7250,Dustin Woods,cjohnson@example.net,Sierra Leone,2022-03-27,Basic,40492.84
7251,Gloria Morgan,larrymoody@example.com,Finland,2025-10-31,Standard,9692.84
7252,Michelle Mcfarland,tmccarthy@example.org,Barbados,2016-01-06,Basic,56511.23
7253,Erica Cox,fgibson@example.net,Guatemala,2019-12-25,Standard,43589.12
7254,Victoria Martin,nbarron@example.net,Mauritania,2019-05-28,Basic,56413.92
7255,Anthony Richardson,lbenitez@example.org,Anguilla,2021-09-28,Standard,65623.79
7256,Gabriel Sanders,hendersonkathleen@example.com,Venezuela,2016-04-27,Standard,71365.57
7257,Jennifer Ross,kwalters@example.org,Tokelau,2019-07-03,Premium,72531.82
7258,John Murphy,zacharyharris@example.org,Denmark,2018-06-19,Standard,36213.88
7259,Deborah Wright,michaelmitchell@example.com,Venezuela,2015-09-26,Standard,21019.68
7260,Carmen Owen,julieeverett@example.com,Japan,2021-09-04,Basic,28948.83
7261,Daniel Porter,xmoon@example.org,Antigua and Barbuda,2016-01-16,Basic,20298.08
7262,Alison Richard,smithandrew@example.org,San Marino,2018-11-01,Standard,67651.11
7263,Jason Davis,romerowilliam@example.com,South Africa,2021-07-28,Standard,59813.03
7264,Michael Ellison,myersterri@example.com,Puerto Rico,2015-11-08,Premium,29815.36
7265,Mr. Aaron Boyer,sarah25@example.org,Senegal,2019-03-06,Basic,7715.62
7266,Casey Mcdowell,wardjames@example.org,Korea,2025-08-03,Standard,30208.47
7267,Kevin Snow,ljones@example.com,Tonga,2020-04-23,Standard,71321.6
7268,James Wilson,keithobrien@example.org,Croatia,2020-09-14,Standard,50166.54
7269,Ashley Caldwell,candrade@example.org,Kazakhstan,2019-04-19,Standard,30048.48
7270,Thomas Carter,osmith@example.com,Monaco,2022-11-12,Premium,67951.54
7271,Deborah Wilson,albert83@example.org,Vanuatu,2016-05-08,Premium,46655.61
7272,Daniel Wilson,melissa34@example.net,Luxembourg,2015-04-19,Standard,57542.33
7273,Brian Burns,littlemary@example.net,Cyprus,2022-05-26,Premium,44583.59
7274,Brian Rodriguez,ann66@example.net,Poland,2018-01-05,Basic,40095.2
7275,Chelsea Lynn,mcraig@example.net,Bulgaria,2015-09-08,Standard,10522.79
7276,James Moore,heather63@example.com,Haiti,2015-09-15,Standard,52960.0
7277,Mary Lucero,thomasdiane@example.net,Spain,2018-09-21,Standard,17462.81
7278,Angela Glass,david35@example.net,Haiti,2018-01-14,Standard,24005.18
7279,Adam Ayala,kdiaz@example.net,Libyan Arab Jamahiriya,2016-02-16,Standard,57949.01
7280,Rickey Hanson,tara59@example.net,Bolivia,2017-08-31,Standard,8103.79
7281,Charles Spears,taylordanielle@example.org,Madagascar,2024-07-19,Standard,3940.36
7282,Karen Welch,wrightjulie@example.com,Angola,2020-03-03,Standard,68820.07
7283,Terri Jones,ballardadam@example.com,Ireland,2021-10-15,Standard,19754.39
7284,Lisa Gomez,williamsbruce@example.com,Micronesia,2023-04-25,Basic,28233.54
7285,Elijah Reed,jasmine86@example.org,Cocos (Keeling) Islands,2025-11-20,Standard,10064.1
7286,Anthony Francis,lindsay41@example.com,Benin,2022-12-10,Premium,41007.9
7287,Victor Reyes,carolinethomas@example.org,Qatar,2022-07-29,Basic,47214.12
7288,Maria Webster,owensalbert@example.com,El Salvador,2023-11-15,Standard,69899.87
7289,Maria Thomas,matthewwarren@example.net,Comoros,2025-05-27,Premium,13729.87
7290,Mackenzie Johnston,christopher52@example.org,Gabon,2021-02-01,Basic,22862.71
7291,Alexander Torres,heidimcdaniel@example.com,India,2020-07-11,Standard,3348.19
7292,Shaun Rich,matthew82@example.com,Tajikistan,2017-03-23,Standard,62256.23
7293,Cindy Young,kfarmer@example.org,Guadeloupe,2023-06-30,Basic,66076.91
7294,Shane Clark,stanleyvalenzuela@example.net,Saint Vincent and the Grenadines,2021-04-05,Standard,44320.19
7295,Trevor Vincent,greenstacy@example.com,Jamaica,2024-10-14,Standard,7371.81
7296,Dr. Travis Wright,bauertiffany@example.net,French Polynesia,2018-10-25,Standard,4522.69
7297,Angela Stewart,bryanrichards@example.org,Tanzania,2018-04-02,Standard,40831.9
7298,Steven Holt,hilljoseph@example.org,Argentina,2024-11-27,Basic,20801.55
7299,Andrew Ryan,loriwilliams@example.net,Taiwan,2023-10-23,Standard,47831.35
7300,Alejandro Daniel,zwiley@example.net,French Guiana,2020-12-12,Basic,55209.26
7301,Jenna Murphy,eric52@example.com,Kazakhstan,2016-12-04,Standard,55476.59
7302,Guy Rogers,sskinner@example.com,Cambodia,2019-11-26,Basic,24217.77
7303,Kathleen Peterson,morrisondwayne@example.com,Bulgaria,2019-07-15,Basic,35967.49
7304,Samantha Collins,devin22@example.org,Jamaica,2020-09-11,Basic,1594.71
7305,Louis Vance,jamesconner@example.com,New Caledonia,2022-05-21,Standard,36298.56
7306,Angela Roberts,simonjackie@example.net,Ghana,2018-06-03,Standard,12829.06
7307,Jonathan Dean,thompsonbrent@example.net,Ecuador,2022-02-24,Basic,64704.2
7308,Michelle Lewis,karenvang@example.com,Guadeloupe,2015-11-25,Basic,55349.26
7309,Christina Simon,crystaldurham@example.com,Pakistan,2021-03-25,Basic,29536.31
7310,Antonio Schroeder,iflores@example.com,Malawi,2018-12-06,Standard,13971.63
7311,Stephen Jordan,kevin69@example.net,Bangladesh,2017-01-21,Premium,8195.14
7312,Mark Spencer,brobinson@example.net,Ecuador,2025-06-21,Standard,59737.13
7313,Nicole Mcintosh,gillespieelizabeth@example.net,Puerto Rico,2024-11-25,Standard,12808.2
7314,Emily Lin,rickymcdonald@example.org,Nigeria,2021-03-12,Basic,33679.85
7315,Erik Stewart,garciajennifer@example.com,Haiti,2017-10-28,Standard,44276.43
7316,Amanda Galvan,hartrichard@example.net,Tunisia,2016-01-07,Basic,48547.4
7317,Brian Watson,browncharles@example.net,Kazakhstan,2016-10-27,Basic,12922.15
7318,Leslie Mckee,danielnicole@example.net,Croatia,2018-03-23,Standard,20696.14
7319,Heather Sullivan,jacob60@example.com,Northern Mariana Islands,2015-02-16,Standard,13331.48
7320,Andrea Davis,abutler@example.com,Ethiopia,2022-05-07,Basic,45509.97
7321,Phillip Dickerson,jessicarowe@example.net,Svalbard & Jan Mayen Islands,2022-10-12,Standard,12975.51
7322,Michelle Miller,schwartzelizabeth@example.org,Luxembourg,2019-06-21,Standard,10294.82
7323,Amanda Cabrera,iharrington@example.com,Zambia,2025-01-01,Premium,68912.42
7324,Marcus Taylor,johnjohnson@example.org,Tokelau,2025-10-18,Standard,62975.97
7325,Louis Hines,nguyenjennifer@example.org,Turkey,2017-01-28,Standard,32415.57
7326,Chad Landry,lucasjoshua@example.com,Cote d'Ivoire,2022-04-04,Premium,62737.55
7327,Andrea Jones,ugill@example.com,Tunisia,2021-11-22,Premium,53858.94
7328,Austin Medina,michaelfleming@example.com,Uzbekistan,2015-12-12,Premium,55364.96
7329,Manuel Rodriguez,walkercody@example.com,French Guiana,2023-07-23,Standard,18609.37
7330,April Galvan,glee@example.org,Guinea-Bissau,2016-07-04,Standard,46534.22
7331,Rebecca Randolph,heather76@example.com,Sao Tome and Principe,2016-01-19,Standard,62767.46
7332,Ashley Hawkins,oholt@example.net,Faroe Islands,2019-04-15,Premium,44493.5
7333,Joshua Rodriguez,phillipsmason@example.org,Sao Tome and Principe,2019-09-16,Basic,52188.38
7334,Kristen Smith,xrivas@example.org,Svalbard & Jan Mayen Islands,2016-08-11,Basic,69899.38
7335,Pamela Horn,elizabeth84@example.com,Mauritania,2018-08-05,Standard,49515.92
7336,Christopher Martin,rkrause@example.org,Bulgaria,2025-05-10,Standard,30167.44
7337,William Henderson,isawyer@example.com,Christmas Island,2024-06-04,Standard,31494.4
7338,Corey Acosta,jonathan45@example.org,Rwanda,2024-10-04,Premium,73177.33
7339,Amanda Alexander,danielle10@example.net,Congo,2022-12-12,Premium,21283.17
7340,Daniel Hill,maryburns@example.org,Pitcairn Islands,2015-02-12,Standard,70469.62
7341,Dawn Rivera,whitney23@example.com,Dominican Republic,2020-03-11,Premium,24585.94
7342,Michael Cunningham,tmartinez@example.net,Italy,2016-01-05,Standard,20535.42
7343,Tracy Combs,gabrielhurst@example.org,Guadeloupe,2016-08-23,Standard,32064.4
7344,Tyler White,zgreen@example.net,Mozambique,2017-04-22,Basic,50578.93
7345,David Scott,robinsonthomas@example.org,Guadeloupe,2023-10-27,Basic,66482.91
7346,Kathleen Mcdaniel,ichandler@example.org,Cocos (Keeling) Islands,2025-07-04,Standard,1179.2
7347,Sarah Beasley,tiffanysolomon@example.org,Saint Martin,2022-12-28,Basic,19608.4
7348,Mark Lewis,dean03@example.org,Philippines,2016-07-16,Premium,32786.64
7349,Karen Clark,nathan35@example.org,South Africa,2019-05-13,Basic,53727.36
7350,Brent Alvarado,mallen@example.com,Honduras,2018-03-24,Standard,67519.63
7351,Douglas Campos,gsavage@example.com,Saint Martin,2020-02-27,Premium,56227.72
7352,Elizabeth Jones,uweaver@example.net,Brazil,2025-01-12,Standard,35372.66
7353,Michelle Kemp,laurie53@example.net,Central African Republic,2025-08-31,Standard,27310.42
7354,Kathleen Lee,bonnie28@example.org,Benin,2015-05-10,Standard,68914.33
7355,Kimberly Sandoval,sandersrobert@example.org,Ecuador,2023-11-11,Standard,52017.85
7356,Cathy Hunt,morrisonconnor@example.com,Saint Martin,2021-12-29,Standard,22100.73
7357,Jorge Phillips,wbryant@example.com,Philippines,2024-11-13,Basic,61454.51
7358,Miss Ashley Glass,nicole65@example.net,Faroe Islands,2018-09-04,Standard,5442.24
7359,Mrs. Anna White,oolson@example.net,Saint Helena,2021-03-04,Basic,7731.49
7360,Kyle Smith,linda51@example.org,Malaysia,2024-05-16,Standard,74850.9
7361,Timothy Gutierrez,jeffreyestrada@example.com,Jamaica,2021-05-01,Basic,46574.26
7362,Ashley Schwartz,ericcisneros@example.org,Tanzania,2017-01-18,Standard,22658.54
7363,Rodney Evans,kjohnson@example.com,Kiribati,2021-04-14,Premium,12860.33
7364,Patrick Cox,rmiller@example.net,United States Virgin Islands,2023-08-27,Standard,23247.02
7365,Colleen Ayala,jonathan46@example.com,South Georgia and the South Sandwich Islands,2016-11-20,Standard,57701.54
7366,Janice Dennis,williamhernandez@example.net,Chad,2023-10-04,Standard,26064.95
7367,Ashlee Mitchell,sarasosa@example.com,Northern Mariana Islands,2024-03-28,Standard,14928.7
7368,Caitlin Williams,christophergross@example.net,India,2021-05-24,Standard,19350.75
7369,Kayla West,nina47@example.net,Jordan,2019-01-10,Basic,1055.83
7370,Sydney Gonzalez,ellisamanda@example.org,Iraq,2019-02-23,Basic,58010.14
7371,Danielle Wilson,phillipmorrison@example.net,Belize,2023-07-15,Basic,28542.9
7372,Pamela Parks,cooperjennifer@example.net,Peru,2015-06-19,Premium,42066.04
7373,Tristan Smith,chris19@example.net,Myanmar,2017-03-21,Standard,35203.88
7374,Stephen Guzman,diane11@example.com,France,2017-12-26,Standard,55112.18
7375,Bobby Anderson,scollins@example.com,Belgium,2025-09-26,Premium,1153.57
7376,Dr. Kelly Murphy,debrajohnson@example.org,Australia,2020-08-13,Premium,25583.04
7377,Haley Vega,reginahawkins@example.org,Argentina,2018-07-05,Basic,47030.15
7378,Matthew Aguilar,jonathanjohnson@example.org,Tuvalu,2016-12-15,Standard,70784.59
7379,Brittany Sims,elizabeth99@example.net,South Georgia and the South Sandwich Islands,2017-08-18,Premium,54526.95
7380,Judith White,craigrogers@example.net,Barbados,2015-03-07,Standard,44349.99
7381,Jeffrey Ramos,adamserica@example.org,Saint Pierre and Miquelon,2023-10-05,Basic,2679.48
7382,Samantha Cole,kaufmanmarco@example.net,Aruba,2017-12-08,Standard,40138.88
7383,Jasmine Hernandez,jeffreyward@example.net,Fiji,2020-06-24,Standard,3980.84
7384,Kathryn Washington,medinalauren@example.com,Serbia,2023-04-07,Basic,47723.05
7385,Melissa Campbell,christopheryoung@example.net,Hong Kong,2020-08-31,Premium,16854.14
7386,Lance Day,zwilliams@example.org,Kyrgyz Republic,2018-02-03,Basic,39310.63
7387,Geoffrey Myers,patrickrodriguez@example.net,South Africa,2023-02-28,Standard,4079.39
7388,Kara Zimmerman,bgarcia@example.org,Taiwan,2020-01-23,Standard,40781.86
7389,Diana Oconnor,william00@example.net,Jersey,2018-12-10,Basic,72235.66
7390,Bruce Bennett,wyatt85@example.com,Saint Helena,2019-08-24,Basic,19416.44
7391,Jeffrey Henderson,angela67@example.com,Malta,2024-10-31,Basic,10070.18
7392,Crystal Taylor,zmiranda@example.org,New Zealand,2021-03-16,Standard,17729.54
7393,Darrell Myers,baxterashley@example.org,Brunei Darussalam,2023-10-09,Basic,67624.34
7394,Alex Mueller,ojoyce@example.com,Saint Helena,2024-11-22,Premium,49519.34
7395,Martin Vang,michellefranco@example.net,Comoros,2024-02-27,Standard,39080.17
7396,Kimberly Cole,craigshannon@example.com,Barbados,2015-05-18,Standard,45767.43
7397,Erica Beard,bryantstephanie@example.org,Portugal,2020-05-01,Basic,11399.17
7398,David Gutierrez,mark56@example.com,Cyprus,2024-06-15,Basic,12728.55
7399,Nicole Clark,theresaarnold@example.org,Cote d'Ivoire,2018-06-15,Premium,58336.05
7400,Brenda Keller,nicoleclark@example.org,United Kingdom,2022-04-15,Standard,52388.45
7401,Pedro Davis,travisbrady@example.net,Mexico,2015-03-25,Basic,42266.93
7402,Stephanie Turner,thart@example.net,Cuba,2019-08-15,Standard,17905.04
7403,Mr. Peter Thompson II,kbass@example.net,Cuba,2018-10-14,Basic,32273.25
7404,Lori Erickson,carla12@example.net,Bulgaria,2017-10-12,Basic,17285.05
7405,Melanie Anderson,pamelajones@example.org,Kenya,2021-08-22,Standard,68634.8
7406,Dustin Ware,jennifer85@example.org,Uzbekistan,2019-06-12,Standard,16042.73
7407,Kaitlyn Phillips,schaeferchristopher@example.org,Netherlands,2017-05-14,Standard,33142.36
7408,Chad Marks,vriley@example.com,Nigeria,2022-11-10,Premium,30490.23
7409,Ryan Mejia,christopherdunn@example.net,Andorra,2021-02-22,Basic,67881.07
7410,Colleen Wright,mariahardin@example.net,Korea,2017-01-21,Basic,13931.97
7411,Sandra Gonzalez,ujones@example.org,Finland,2020-05-01,Standard,66616.98
7412,Mr. Larry Mcclure PhD,qmiller@example.net,Ghana,2023-09-14,Basic,48267.39
7413,Kathy Brewer,sandersstephanie@example.net,France,2020-09-27,Premium,1456.82
7414,Brittany Dodson,frankyoung@example.net,Niger,2019-10-31,Standard,48616.44
7415,Jonathan Joseph PhD,dawnthomas@example.org,United States of America,2018-09-11,Standard,37803.01
7416,Whitney Hansen,sellerstimothy@example.org,Cameroon,2015-07-11,Standard,60673.28
7417,Brenda Jacobson,vevans@example.com,Maldives,2021-06-03,Standard,56419.38
7418,Andrew Weber,joseph08@example.net,Costa Rica,2024-02-13,Standard,23024.82
7419,Todd Wright,john42@example.com,Netherlands Antilles,2021-12-05,Standard,38749.04
7420,Anna Crawford,ana77@example.org,Cape Verde,2020-05-26,Basic,37902.7
7421,Carlos Santiago,christophermorrison@example.com,Kazakhstan,2024-06-18,Basic,2049.26
7422,Linda Davis,danielle97@example.net,Romania,2018-08-14,Standard,74570.7
7423,Tanya Allen,rachel02@example.com,Cambodia,2022-02-21,Basic,63327.23
7424,Frank Mcdaniel,danielstark@example.org,Jamaica,2024-04-16,Standard,10569.26
7425,Elaine Huang,dmcguire@example.com,Syrian Arab Republic,2017-12-10,Premium,34291.99
7426,Kimberly Perry,ohowe@example.net,Kazakhstan,2023-07-31,Standard,42187.32
7427,Kristine Butler,turnerkayla@example.com,Haiti,2024-09-10,Basic,6061.78
7428,Kimberly Davis,barkerpamela@example.org,Australia,2015-05-02,Standard,54315.81
7429,Kelsey Gould,samantha23@example.org,Iceland,2024-05-29,Standard,15643.47
7430,Brian Gutierrez,megannguyen@example.org,Ghana,2023-07-23,Premium,5462.18
7431,Stephanie Guerra,gallowaykyle@example.com,Western Sahara,2022-08-01,Standard,69837.21
7432,Jacob Barnes,brooksbradley@example.com,Norway,2017-02-24,Basic,1358.55
7433,Natalie Barrett,wellssabrina@example.com,Brunei Darussalam,2016-12-27,Basic,43621.19
7434,Olivia Mendoza,prestonmaria@example.net,Mayotte,2021-11-26,Basic,38295.52
7435,Erin Martinez,eugenewiggins@example.net,Tunisia,2024-02-26,Premium,74640.92
7436,Brian Hall,marcpearson@example.org,Pitcairn Islands,2016-05-06,Standard,12190.43
7437,Amy Castillo,jsmith@example.org,Sweden,2018-08-15,Standard,31546.3
7438,Joshua Gonzalez,kimtaylor@example.net,Belize,2023-08-31,Basic,57767.46
7439,Sandra Wood,englishsheila@example.net,Cook Islands,2020-02-18,Basic,34907.88
7440,Zachary Farrell,cody14@example.org,Guam,2020-12-26,Basic,69173.61
7441,Colleen Reeves,espinozadeborah@example.net,Montserrat,2021-11-06,Standard,62326.77
7442,Eric Reed,shaun46@example.net,French Polynesia,2018-04-10,Standard,30540.58
7443,Christina Hall,lisa30@example.net,Papua New Guinea,2022-10-19,Standard,15666.95
7444,Mia Kelley,masonmichael@example.net,Guernsey,2022-06-16,Standard,51600.5
7445,Aaron Marks,carrieward@example.net,Panama,2022-07-26,Standard,66349.67
7446,Paul Lara,cheryl94@example.org,Kenya,2018-05-23,Basic,71833.69
7447,Cynthia Jones,heidijames@example.com,Guadeloupe,2022-10-06,Standard,48070.09
7448,Juan Dillon,foleypatricia@example.org,Northern Mariana Islands,2023-09-10,Premium,21350.2
7449,Jacqueline Stephens,karla92@example.com,Nepal,2020-01-16,Standard,73385.01
7450,Daniel Lopez,randy18@example.org,Pitcairn Islands,2017-01-05,Premium,28683.51
7451,Todd Garcia,kwilson@example.org,Brazil,2021-01-15,Premium,25663.4
7452,Amanda Chavez,joshuasmith@example.com,Solomon Islands,2017-11-24,Standard,398.88
7453,Michael Fisher,garciaanthony@example.net,Spain,2025-10-01,Basic,39905.02
7454,Patricia Dickerson,ttrujillo@example.net,Saint Kitts and Nevis,2025-03-26,Basic,17592.02
7455,Christina Davis,jeffrey39@example.com,Tonga,2022-05-21,Standard,58239.09
7456,Christina Snyder,david86@example.org,South Africa,2022-10-27,Basic,60926.3
7457,Matthew Scott,hurstdanielle@example.org,Antigua and Barbuda,2022-08-10,Premium,65399.5
7458,Kenneth Snyder,melissa18@example.org,Guam,2023-02-16,Basic,5882.02
7459,Andrew Thomas,rbenton@example.org,Paraguay,2020-08-18,Standard,31217.82
7460,Katherine Pollard,hmcgrath@example.net,Eritrea,2022-02-09,Basic,667.13
7461,Suzanne Reed,zimmermanernest@example.com,Georgia,2022-06-09,Standard,48156.76
7462,Mark Richards,charles34@example.com,Liechtenstein,2024-11-25,Standard,8763.86
7463,Kevin Lopez,vsalazar@example.org,Niger,2023-06-22,Standard,43597.4
7464,Sabrina Smith,maria57@example.org,Somalia,2016-02-26,Basic,69105.11
7465,Henry Moran,alexrobinson@example.net,Faroe Islands,2024-11-23,Standard,63855.83
7466,Heidi Bradley,hannahblack@example.com,French Guiana,2022-05-19,Basic,69095.35
7467,Michael Knox,danielbaker@example.org,Cambodia,2020-09-24,Premium,63781.62
7468,Crystal Smith,gibbslaura@example.org,New Caledonia,2025-07-15,Premium,360.08
7469,Brian Evans,kcooper@example.com,Mauritania,2020-05-03,Standard,3717.01
7470,Carol Christian,johnnytorres@example.net,Western Sahara,2016-10-01,Premium,45031.01
7471,Todd Cook,sara75@example.com,Angola,2020-01-02,Standard,22551.2
7472,Brittany Perez,allisonferguson@example.org,Uzbekistan,2020-10-02,Basic,15468.13
7473,David Bryant,perkinsmark@example.net,Mauritania,2022-03-08,Standard,2600.55
7474,Alyssa Perez,reginamartinez@example.com,Czech Republic,2015-09-26,Basic,72080.25
7475,Edward Ferguson,abriggs@example.org,Senegal,2020-12-05,Standard,30307.81
7476,Michelle Rowe,nthompson@example.org,Cook Islands,2021-03-03,Standard,70953.72
7477,Pamela Goodwin,nbrown@example.com,Dominican Republic,2018-04-27,Standard,65291.38
7478,Brenda Rasmussen,anthony65@example.com,Mexico,2018-08-29,Basic,63222.94
7479,Christopher Richardson,martinjennifer@example.org,British Indian Ocean Territory (Chagos Archipelago),2024-07-16,Basic,2506.76
7480,Brett Gomez,jennifer05@example.net,Pitcairn Islands,2020-09-10,Premium,11261.06
7481,Dawn Hopkins,thomasfreeman@example.com,United Kingdom,2025-09-01,Standard,72454.08
7482,Laurie Green,tyler18@example.net,Singapore,2020-03-27,Standard,48208.55
7483,Sheila Bowen,kennethjohnson@example.org,Turks and Caicos Islands,2019-09-13,Standard,6889.09
7484,Dustin Ortiz,jaygreen@example.org,South Africa,2021-08-23,Standard,31867.93
7485,Kaitlyn Jackson,marc63@example.com,Norfolk Island,2024-12-02,Standard,54012.62
7486,Stephanie Wilson,steven71@example.net,Azerbaijan,2016-12-03,Basic,64428.82
7487,Suzanne Cunningham,karenbrewer@example.org,Niger,2016-06-26,Basic,30609.3
7488,Jennifer Taylor,jacqueline41@example.net,Afghanistan,2016-06-30,Premium,2723.75
7489,Sarah White,qramirez@example.com,Falkland Islands (Malvinas),2016-05-06,Basic,18198.05
7490,Gregory Wu,wendysmith@example.com,Trinidad and Tobago,2024-01-09,Standard,47761.3
7491,Darrell Decker,robertbradford@example.org,Holy See (Vatican City State),2017-03-08,Standard,69231.56
7492,Crystal Rodriguez,carterjohn@example.com,Bahamas,2018-02-23,Standard,66206.65
7493,Amy Archer,lindascott@example.net,Uzbekistan,2021-09-02,Standard,24623.25
7494,Claire Allen,thompsonmichael@example.com,Western Sahara,2022-03-14,Standard,48909.32
7495,Diana Baker MD,randyhenry@example.com,Yemen,2022-08-19,Standard,74874.41
7496,James Meyer,brandon89@example.com,Sri Lanka,2015-01-25,Basic,36470.33
7497,Aaron Lewis,josephbautista@example.net,Turkey,2023-05-16,Premium,1068.66
7498,Diana Trujillo,michaeloliver@example.com,Trinidad and Tobago,2022-05-18,Standard,49728.81
7499,Robert Harmon,edward62@example.com,Korea,2024-10-31,Premium,12382.4
7500,Tina Ryan,sarahnavarro@example.org,Benin,2015-03-18,Standard,30734.68
7501,Austin Davis,lgonzales@example.org,British Indian Ocean Territory (Chagos Archipelago),2016-10-01,Standard,70424.4
7502,Maria Banks,ltravis@example.com,Sudan,2017-10-15,Basic,34525.07
7503,Derek Mendoza,andrewramirez@example.org,Uganda,2017-12-26,Premium,41461.15
7504,Tyler Simon,dchapman@example.net,Bolivia,2024-02-26,Standard,30528.91
7505,Brenda Ross,john60@example.com,Cyprus,2021-11-03,Basic,4645.21
7506,William Lawrence,jaredrobinson@example.net,Moldova,2015-01-04,Standard,57138.12
7507,Angela Porter,elizabethdiaz@example.com,Cyprus,2017-09-19,Premium,56627.52
7508,Angela Gordon,wspencer@example.org,Saint Vincent and the Grenadines,2023-07-30,Standard,10188.58
7509,James Ponce,vkim@example.net,Peru,2018-12-12,Basic,23298.32
7510,Anthony Kirk,tlewis@example.com,Mali,2019-10-07,Standard,52455.49
7511,Willie Johnson,shane47@example.net,Serbia,2022-11-06,Standard,56603.97
7512,Carla Young,prowe@example.org,Iceland,2019-02-13,Standard,33111.25
7513,Sharon Velez,stephensashley@example.org,Montenegro,2015-03-08,Basic,21059.01
7514,William Reyes,foconnor@example.com,Sweden,2024-04-10,Basic,65559.37
7515,Marcus Cruz,david36@example.org,Andorra,2025-01-29,Basic,63069.91
7516,Jodi Richardson,albert84@example.org,Russian Federation,2018-12-13,Standard,11228.55
7517,Jordan Norman,davisstephen@example.org,South Africa,2020-08-03,Basic,42854.18
7518,Bonnie Cochran,fharper@example.com,Timor-Leste,2025-07-13,Standard,27865.54
7519,Lauren Shaw,hmartinez@example.org,Holy See (Vatican City State),2017-03-20,Basic,30980.76
7520,Barry Simmons,clayandrea@example.org,Bulgaria,2015-06-07,Basic,17503.88
7521,Kristina Thomas,erinphillips@example.com,Jersey,2021-10-11,Standard,60558.09
7522,Michael Nguyen,xhale@example.net,Jersey,2019-07-29,Basic,72769.16
7523,Willie Sweeney,teresa04@example.org,Mayotte,2019-03-08,Standard,5758.34
7524,Christina Webster,jamesnovak@example.net,Mali,2020-06-07,Standard,42629.33
7525,Marcus Joseph,kimwu@example.org,Korea,2022-06-23,Basic,64185.13
7526,David Grant,swallace@example.org,Kenya,2015-07-26,Basic,10332.91
7527,Ethan Tran,stephanie70@example.net,Suriname,2020-11-18,Basic,14153.15
7528,Elizabeth Moore,ryancharles@example.com,Portugal,2019-08-10,Standard,12642.47
7529,Charles Sampson,qlove@example.com,Bouvet Island (Bouvetoya),2019-04-22,Standard,9878.61
7530,Sarah Jones,cortiz@example.com,Djibouti,2020-02-02,Standard,5682.19
7531,Ashley Blackburn,middletonsamantha@example.net,Latvia,2019-07-30,Basic,42797.4
7532,James Barnett,whitealexander@example.net,Uruguay,2019-03-25,Standard,66967.39
7533,Michael Parker,jeffjackson@example.org,Guam,2024-12-23,Standard,44353.14
7534,Charles Morrison,martinjordan@example.com,Palau,2016-09-24,Basic,49383.5
7535,Charlene Garrett,joyceshannon@example.org,Guyana,2023-11-15,Standard,55358.46
7536,Robert Hoover,daniel39@example.com,Grenada,2017-06-01,Basic,41225.08
7537,Christopher Neal,wallaceperry@example.com,Saint Barthelemy,2020-05-09,Standard,41575.24
7538,Connie Turner,anthony92@example.com,Cameroon,2020-10-09,Basic,30136.34
7539,Lisa Olson,uhernandez@example.net,Saint Kitts and Nevis,2021-11-07,Standard,37283.56
7540,Steven Mitchell,melissasullivan@example.com,Dominica,2019-11-12,Standard,68748.25
7541,Katrina Valentine,shawn99@example.org,Israel,2017-11-09,Premium,9326.0
7542,Monica Payne,jeffreybridges@example.org,Bahamas,2025-08-17,Standard,3901.97
7543,Kenneth Simpson,walkerrobert@example.com,Mauritius,2021-10-26,Basic,19047.28
7544,Amy Horne,irobertson@example.org,Comoros,2017-03-30,Basic,7399.51
7545,Brenda Pham,cwilliamson@example.com,Comoros,2025-12-11,Standard,56016.17
7546,Kimberly Porter,ballwilliam@example.net,Guam,2016-05-31,Basic,6576.67
7547,Philip Yu,ddavidson@example.org,Montenegro,2025-01-21,Standard,2442.49
7548,Julia Gill,gharris@example.org,Tonga,2022-04-26,Premium,22487.44
7549,Tanner Scott,frederickvelez@example.net,Israel,2025-06-06,Basic,52455.04
7550,Maria Bishop,cynthia10@example.com,Seychelles,2023-02-15,Standard,63045.66
7551,Daniel Thomas,johnsontanya@example.net,Micronesia,2023-11-20,Basic,5283.57
7552,Helen Brooks,sheilagreen@example.com,Malta,2017-07-18,Standard,48991.73
7553,Daryl Trevino,brownjustin@example.net,Finland,2023-03-14,Basic,65335.96
7554,Ethan Hurst,garystewart@example.net,Niue,2018-05-15,Basic,5536.09
7555,Gavin Barnes,fhickman@example.org,Fiji,2024-02-07,Premium,15508.36
7556,Brian Perkins,johnnywells@example.net,Reunion,2025-02-08,Standard,24274.44
7557,Brian Hill,markjoseph@example.net,Argentina,2016-06-26,Standard,40881.41
7558,Gary Reyes,david72@example.com,Cote d'Ivoire,2019-11-16,Premium,46064.09
7559,James Copeland,qpatrick@example.org,Denmark,2019-04-21,Standard,62503.54
7560,Catherine Lee DDS,brockmartha@example.org,United States Minor Outlying Islands,2022-06-25,Standard,55735.64
7561,Theresa Molina MD,bradleyhernandez@example.org,Serbia,2025-03-10,Basic,10373.57
7562,Shawn Johnson,kristin03@example.net,Malaysia,2022-12-15,Premium,46676.08
7563,Alan Martin,james62@example.net,Kuwait,2017-01-18,Standard,4406.94
7564,Donald Martinez,margaret97@example.net,Poland,2015-05-07,Standard,62415.9
7565,Kimberly Rogers DDS,pweber@example.org,Hong Kong,2019-10-14,Standard,36464.82
7566,Amanda Duffy,mpalmer@example.net,Saint Barthelemy,2016-02-24,Standard,70695.1
7567,Timothy Ochoa,jennifer12@example.net,Tajikistan,2025-02-26,Standard,19761.15
7568,William Russell,sarah21@example.org,Argentina,2025-07-07,Standard,9601.4
7569,Linda Rivera,sandersdaniel@example.com,Sudan,2023-09-17,Standard,73263.18
7570,Mitchell Cohen,nwebster@example.com,Barbados,2024-02-27,Standard,72965.39
7571,Tracy Anderson,crystalcohen@example.net,Bangladesh,2019-02-24,Premium,74083.37
7572,Christopher Lewis,courtney47@example.net,Iran,2015-01-18,Standard,10095.22
7573,Roy Roberts,bradley85@example.com,Eritrea,2017-10-04,Premium,49501.41
7574,Stacey Burke,hughesbrent@example.org,Mozambique,2021-11-26,Standard,457.67
7575,Karen Rice,christy84@example.com,Tanzania,2020-11-25,Standard,7762.68
7576,Andrew Kramer,duncanmichael@example.com,Australia,2020-05-21,Standard,25157.11
7577,Mathew Garcia,lopezaaron@example.com,Lao People's Democratic Republic,2025-04-07,Standard,57394.98
7578,Mr. Tyler Shaw Jr.,andrewbooker@example.org,Costa Rica,2018-04-04,Basic,72277.93
7579,James Escobar,jbrown@example.net,Lithuania,2017-10-12,Basic,752.89
7580,Heather Fernandez,thorntondouglas@example.net,Kiribati,2017-11-21,Basic,23224.68
7581,Ashley Walker,jeffrey32@example.net,Guinea-Bissau,2017-07-12,Premium,12461.67
7582,Kristina Harrington,torreschristian@example.org,Libyan Arab Jamahiriya,2020-05-28,Basic,49334.47
7583,Chad Anderson,davismary@example.com,Gabon,2019-07-16,Standard,23852.2
7584,Emily Knapp,alexis46@example.net,Barbados,2020-06-30,Premium,4124.28
7585,Michael Price,beardtroy@example.org,Tuvalu,2015-10-28,Standard,48266.68
7586,Mr. Ryan Burns,shepardcynthia@example.com,Wallis and Futuna,2015-09-12,Standard,72808.45
7587,Eric Dodson,msmith@example.com,China,2021-06-15,Standard,6690.53
7588,Andrew Walters,albert40@example.org,Cayman Islands,2015-07-04,Basic,13655.56
7589,Justin Blevins,rachelavila@example.org,Iran,2021-12-22,Premium,25181.06
7590,George Holloway,mooreallen@example.org,Belize,2023-02-06,Basic,43891.19
7591,Kendra Graham,cpatterson@example.com,Hungary,2020-06-06,Premium,15071.13
7592,Steven Rasmussen,patrickclark@example.org,Antigua and Barbuda,2017-02-16,Standard,34606.73
7593,Kelly Davis,james99@example.net,Nepal,2018-04-18,Standard,13992.67
7594,Joseph Potts,joneskevin@example.org,Vanuatu,2024-06-29,Basic,23460.54
7595,Sonya Brown,thomasunderwood@example.net,Bulgaria,2015-01-01,Standard,41358.78
7596,James Medina,christophercosta@example.com,Fiji,2015-04-16,Basic,37130.33
7597,Raymond Romero,johnayala@example.net,Congo,2019-08-31,Standard,71917.98
7598,Sandra Reynolds,terri77@example.org,Yemen,2018-07-15,Basic,58141.4
7599,Johnathan Scott,cassandrabanks@example.org,Djibouti,2024-12-03,Basic,69244.62
7600,Travis House,holmesgina@example.net,France,2019-08-21,Premium,62811.32
7601,Hunter Chapman,rhondaking@example.com,Anguilla,2021-10-27,Standard,58360.06
7602,Mikayla Russell,elizabeth26@example.org,United States of America,2015-05-20,Premium,35473.47
7603,Jessica Aguilar,joshuawalker@example.net,Peru,2024-07-27,Basic,51682.57
7604,Brooke Morgan,lopezmichelle@example.org,Belize,2020-06-02,Basic,26956.67
7605,Debra Graham,jessica04@example.org,Ethiopia,2016-11-12,Standard,72085.77
7606,Charles Byrd,nicholas61@example.com,Azerbaijan,2015-11-18,Basic,44583.44
7607,Edward Johnson,gonzaleskevin@example.com,Uganda,2025-11-23,Standard,28918.62
7608,Michael Nixon,kimberly31@example.org,Nicaragua,2015-10-28,Standard,45475.14
7609,Nicole Clark,tim69@example.org,Lithuania,2015-01-06,Standard,26712.83
7610,John French,kelsey24@example.org,Liberia,2015-11-20,Standard,40959.53
7611,Rachel Jones,xbowman@example.org,Burkina Faso,2018-08-07,Basic,60630.1
7612,Kathy Simmons,mooremary@example.net,New Zealand,2018-01-16,Basic,34028.91
7613,Kristen West,donna81@example.net,Georgia,2022-07-03,Basic,46531.8
7614,Amanda Mann,thompsonstephen@example.com,Bermuda,2016-04-24,Standard,45270.23
7615,Elizabeth Johnson,mkennedy@example.org,Gibraltar,2020-07-07,Basic,3755.1
7616,Taylor Gordon,abigail06@example.org,Falkland Islands (Malvinas),2018-03-13,Basic,451.29
7617,Tom Hughes,ogilbert@example.net,Slovenia,2024-04-18,Premium,18625.79
7618,Nancy Stafford,spearsanthony@example.com,Bouvet Island (Bouvetoya),2018-07-30,Basic,53832.63
7619,Carl Johnson,wmason@example.com,Kyrgyz Republic,2018-02-05,Basic,9012.92
7620,Aimee Fisher,bduarte@example.net,Canada,2017-10-15,Basic,74585.96
7621,Cheryl Martinez,rosskayla@example.net,Monaco,2021-02-14,Standard,59187.54
7622,Robert Fernandez,sierra23@example.com,French Polynesia,2021-01-19,Premium,6337.26
7623,Holly Velazquez,briannasmith@example.com,Mayotte,2019-04-17,Premium,15873.21
7624,Robin Robinson,mary52@example.com,Svalbard & Jan Mayen Islands,2025-07-16,Standard,12233.82
7625,Gina Williams,maria10@example.net,Iran,2020-10-05,Basic,3232.94
7626,Pamela Smith,laneashley@example.net,Eritrea,2021-03-21,Standard,61602.39
7627,Mark Delgado,rogersalisha@example.net,Egypt,2022-01-17,Standard,71151.84
7628,Travis Serrano,jacksondaniel@example.net,San Marino,2022-05-27,Basic,55844.8
7629,Wesley Meyers,lisalynch@example.net,Cocos (Keeling) Islands,2016-09-12,Standard,40651.25
7630,Sarah Scott,bbarr@example.net,Namibia,2022-10-29,Standard,12019.23
7631,Anna Reeves,blevinssavannah@example.com,Eritrea,2019-04-15,Standard,72819.25
7632,Kristen Lopez,vpratt@example.org,Germany,2021-09-24,Standard,32940.37
7633,Daniel Fry,xgill@example.com,Finland,2017-08-27,Standard,15478.35
7634,Diane Haynes,brianphillips@example.org,Jersey,2017-03-30,Standard,31459.89
7635,Julie Burgess,lisa66@example.net,Tonga,2020-04-02,Premium,14443.04
7636,Randall Mahoney,ehart@example.com,Uruguay,2020-08-22,Standard,63787.81
7637,William Parker,woodwilliam@example.com,Israel,2023-07-19,Basic,67525.2
7638,Raymond Stanton,kcantu@example.net,Zambia,2015-06-24,Basic,32542.19
7639,Sarah Glenn,kaitlyn73@example.org,Korea,2021-04-06,Standard,72380.35
7640,Joshua Johnson,ugeorge@example.net,Reunion,2021-09-09,Standard,72669.39
7641,Vernon Crawford,rodriguezbriana@example.net,Japan,2023-01-10,Standard,73433.83
7642,Sheena Torres,laura21@example.com,French Guiana,2016-01-15,Premium,52522.04
7643,Marissa Edwards,james86@example.net,French Polynesia,2022-10-08,Standard,54285.71
7644,Sarah Barker,contrerasnicole@example.com,Botswana,2024-09-15,Standard,73436.35
7645,Jacqueline Macdonald,yolanda73@example.net,Tonga,2022-08-20,Standard,7117.69
7646,Mark Love,hday@example.org,Guatemala,2019-05-16,Basic,11108.14
7647,Angela Banks,veronicaburton@example.org,Slovenia,2021-01-09,Standard,7444.58
7648,Dr. Daniel Jacobson,xdawson@example.net,Finland,2015-07-12,Standard,25553.13
7649,Kathryn Stanton,dlong@example.net,Puerto Rico,2017-09-14,Standard,60075.6
7650,Kevin Ortiz,yrodriguez@example.org,Peru,2021-08-30,Standard,9168.04
7651,Heather Perez,carpenterdaniel@example.net,Morocco,2020-02-06,Standard,2668.05
7652,Lisa Barton,daniel75@example.com,Zambia,2016-10-12,Basic,50499.62
7653,Robert Nicholson,gutierrezedwin@example.org,Namibia,2021-09-26,Premium,23687.07
7654,James French,ryanperry@example.com,Uzbekistan,2020-05-03,Basic,50939.51
7655,Dr. Jesse Branch,jasonpacheco@example.org,Hong Kong,2022-12-22,Standard,20629.6
7656,Vanessa Gonzalez,lhogan@example.com,Congo,2022-10-30,Standard,36148.52
7657,Jonathan Jones,paigewilliams@example.com,Moldova,2020-12-18,Basic,4488.71
7658,Joan Henderson,esparzatammy@example.net,Benin,2016-07-17,Standard,50998.64
7659,Misty Harrison,joneschristine@example.net,Croatia,2015-11-24,Basic,67181.15
7660,Patricia Goodman,gina41@example.com,Falkland Islands (Malvinas),2019-05-19,Standard,4998.38
7661,John Rodriguez,smithdanielle@example.net,India,2021-06-02,Basic,61759.85
7662,Christopher Rivera,brendangreen@example.com,Latvia,2018-01-20,Standard,18480.09
7663,Katrina Ross,christine22@example.org,Tonga,2024-01-06,Standard,59502.24
7664,Amy Hammond,jennifer97@example.net,Korea,2024-10-14,Standard,30761.01
7665,Brian Nelson,millerdominique@example.org,Cote d'Ivoire,2022-11-19,Standard,18802.74
7666,Theresa Smith,jkey@example.com,Thailand,2015-01-12,Basic,28350.54
7667,Andrea Porter,mary66@example.net,Latvia,2016-07-18,Standard,73222.67
7668,Alyssa Stanley,lloydcheryl@example.org,British Virgin Islands,2020-12-29,Basic,5757.02
7669,Jeffrey Rodriguez,billyprice@example.com,Madagascar,2020-06-14,Standard,9948.06
7670,Stephen Drake,adkinsemily@example.net,Bhutan,2015-01-25,Basic,68064.39
7671,Jason Gardner,deckerrobert@example.com,Reunion,2019-07-02,Standard,29272.56
7672,Philip Hernandez,danielsmichelle@example.net,Antarctica (the territory South of 60 deg S),2015-08-01,Premium,69627.45
7673,David Smith,angel96@example.org,Netherlands,2019-06-10,Standard,3354.36
7674,Kari Lee,alyssa14@example.com,Albania,2019-02-28,Standard,62235.32
7675,Victoria Hansen,heather40@example.net,Lao People's Democratic Republic,2024-12-12,Premium,54887.32
7676,Shannon Schaefer,larry17@example.com,Honduras,2019-10-23,Standard,48611.71
7677,James Guerra,olopez@example.org,Dominica,2021-02-10,Standard,849.07
7678,Catherine Brooks,starkstephanie@example.net,Liberia,2017-06-05,Standard,1068.44
7679,Angela Gallagher,leahmyers@example.net,Romania,2016-11-06,Standard,44529.3
7680,Justin Hernandez,sgregory@example.com,Palestinian Territory,2022-03-02,Premium,55623.3
7681,Brian Walker,sarahbrown@example.org,Faroe Islands,2015-04-06,Premium,27521.53
7682,Jordan Foster,mmonroe@example.org,Netherlands Antilles,2022-09-21,Standard,25587.74
7683,Alexandra Anderson,milleranna@example.net,Bahamas,2023-06-28,Standard,70721.14
7684,Caitlin Perez,hubbardsamuel@example.com,Guernsey,2021-09-13,Standard,35194.94
7685,Katherine Lopez,daniel86@example.com,Saint Lucia,2021-06-11,Standard,64345.74
7686,David Mathis,david19@example.com,Sri Lanka,2019-05-27,Standard,14203.8
7687,Wanda Fuller,erikbaker@example.org,Portugal,2020-12-24,Premium,46840.25
7688,Dawn Vincent,lovericardo@example.org,Timor-Leste,2025-11-04,Standard,10195.33
7689,Mark Steele,briangarza@example.com,Reunion,2025-08-17,Standard,68813.05
7690,Sabrina Hughes,kaitlyncastro@example.com,Spain,2018-08-10,Standard,22321.86
7691,Melissa Wilson,gregoryjones@example.org,Russian Federation,2022-01-25,Standard,20683.24
7692,Mr. James Brown,chris20@example.net,Northern Mariana Islands,2018-07-30,Standard,10495.4
7693,Jason Morton,acase@example.net,Lithuania,2021-10-13,Standard,41873.55
7694,Christina Walker,scott32@example.com,Cape Verde,2018-09-11,Standard,21577.17
7695,Stacy Vazquez,steven36@example.com,Montenegro,2021-04-02,Standard,7019.58
7696,Lauren Stewart,vasquezjacob@example.com,Tajikistan,2023-01-21,Premium,42189.22
7697,Laura Guzman,jeanette99@example.net,Saudi Arabia,2022-01-21,Standard,29349.4
7698,Susan Mosley,chandlerdouglas@example.org,Pakistan,2024-12-09,Standard,16049.26
7699,Karen White MD,reyeschristopher@example.net,Lebanon,2018-09-14,Basic,21403.51
7700,Jonathan Hernandez,christian26@example.org,Bhutan,2024-09-21,Standard,30609.3
7701,Daniel Dunn,andrewglover@example.net,Benin,2019-02-28,Standard,59616.6
7702,Darrell Martinez,amandadecker@example.com,Tajikistan,2020-07-20,Premium,37125.93
7703,Gary Kirby,byrdjasmine@example.net,Nepal,2019-04-06,Premium,52531.0
7704,Anthony Short,hallsteven@example.net,Mauritius,2019-07-31,Premium,72720.68
7705,Rose Rice,vjones@example.org,Gabon,2016-07-25,Premium,31644.93
7706,David Harrison,bgordon@example.net,Namibia,2020-01-08,Standard,31873.53
7707,Patrick Washington,sjensen@example.org,Saint Barthelemy,2022-03-07,Premium,33806.0
7708,Jesus Johnson,xmoreno@example.org,Holy See (Vatican City State),2025-05-02,Standard,31764.55
7709,Walter Matthews,lopezalexandra@example.com,Yemen,2018-12-18,Standard,10048.37
7710,Bryan Espinoza,john51@example.net,Guinea-Bissau,2020-08-26,Basic,4950.87
7711,Tony Lambert,jorgewilliams@example.com,Saint Barthelemy,2025-09-16,Standard,5557.72
7712,Katie Cox,robin08@example.net,New Caledonia,2019-12-13,Standard,576.51
7713,Robert Wallace,mcclainelizabeth@example.com,Mauritania,2025-08-31,Standard,54506.22
7714,Bobby Guzman,zmitchell@example.net,Algeria,2016-01-20,Premium,37404.52
7715,Joan Taylor,john77@example.com,Dominica,2020-11-26,Standard,4284.15
7716,Olivia Payne,ibauer@example.org,Heard Island and McDonald Islands,2016-06-12,Standard,4872.42
7717,Donald Warren,smithsamantha@example.org,South Africa,2017-05-06,Standard,22841.1
7718,Brian Lawson,sscott@example.com,Mozambique,2019-12-17,Standard,24648.19
7719,Christina Barnes,drakemonica@example.net,Guatemala,2019-03-18,Standard,4481.93
7720,Angel Roberts,reevesandrew@example.org,Norfolk Island,2019-02-05,Basic,54961.24
7721,Donald Wilson,kroberts@example.org,Dominican Republic,2018-08-03,Standard,51080.7
7722,Jamie Friedman,hornshirley@example.org,Brazil,2020-03-30,Standard,74066.67
7723,Devon Holmes,frank52@example.com,Togo,2020-02-29,Standard,24119.01
7724,Thomas Marshall,bryanespinoza@example.net,Spain,2015-11-24,Premium,70034.79
7725,Zachary Gaines,townsendtimothy@example.org,Guam,2022-02-23,Basic,69947.34
7726,Kristy Harris,tamara59@example.net,Sweden,2025-10-25,Standard,29990.01
7727,Dr. Vanessa Wilson MD,bergersarah@example.net,Nepal,2023-01-21,Basic,22700.73
7728,Derrick Anderson,joshuabradley@example.com,Guinea-Bissau,2018-09-14,Standard,16306.9
7729,Luis Arnold,dianecrawford@example.com,Liberia,2017-08-20,Standard,9448.39
7730,Olivia Parker,gchase@example.net,Mexico,2021-10-23,Standard,24339.62
7731,Brenda Singleton,bramsey@example.com,Israel,2021-04-10,Standard,47133.3
7732,Henry Gross,abigailsmith@example.org,Western Sahara,2015-01-29,Standard,41133.66
7733,Jeffrey Harper,joyce44@example.org,Israel,2023-08-29,Standard,35285.88
7734,Tyler Vargas,edward32@example.net,Comoros,2023-05-14,Standard,18405.83
7735,David Oneill,jonesdeborah@example.net,Liechtenstein,2023-12-27,Standard,63605.48
7736,Matthew Bradley,jessicamora@example.org,Puerto Rico,2017-09-27,Basic,40769.05
7737,Hector Patterson,seth23@example.net,Japan,2016-02-15,Basic,60476.87
7738,Jennifer Williams,gjones@example.org,Western Sahara,2021-10-07,Standard,12504.69
7739,Monica Bradford,dbyrd@example.net,Isle of Man,2017-06-07,Standard,36792.95
7740,Theresa Johnson,julie18@example.com,Aruba,2022-09-28,Standard,61349.13
7741,Johnny Freeman,barry18@example.net,Gabon,2017-05-21,Basic,52470.57
7742,Sandra Brown,ianbird@example.com,Guinea,2021-05-05,Basic,10211.29
7743,Thomas Walker,robertpetersen@example.net,Albania,2017-11-27,Basic,30514.22
7744,Sherri Walker,monicaluna@example.org,Luxembourg,2025-05-02,Premium,65176.14
7745,Mary Cooke,wilsonangela@example.net,Montserrat,2016-11-02,Premium,18195.46
7746,Alexander Graves,smithshawn@example.net,Andorra,2025-01-17,Basic,70124.16
7747,Martin Miller,omurillo@example.net,Italy,2024-08-21,Basic,28360.64
7748,Michelle Bennett,tiffanyrobinson@example.net,Equatorial Guinea,2016-11-08,Standard,14215.67
7749,Patrick Zimmerman,gpowell@example.net,Guadeloupe,2021-12-22,Standard,68903.85
7750,Christina Moody,rlindsey@example.com,Madagascar,2023-01-31,Basic,12169.16
7751,Frederick Powell,tammyabbott@example.org,Egypt,2016-07-30,Standard,25526.54
7752,Adam Walker,nelsoncory@example.net,Iraq,2017-01-16,Premium,18062.81
7753,Brittany Mitchell,michaelmcgee@example.org,British Indian Ocean Territory (Chagos Archipelago),2022-09-22,Premium,7270.57
7754,Madeline Aguirre,watkinsalexander@example.org,Botswana,2021-12-01,Basic,5128.09
7755,Kevin Anderson,gbeck@example.org,Mauritania,2016-12-18,Standard,57145.62
7756,Matthew Davis MD,pmckenzie@example.org,Korea,2017-05-20,Standard,22176.8
7757,Andrew Green,daniellewells@example.com,Romania,2015-10-17,Basic,37224.64
7758,David Brooks,michellebell@example.com,Japan,2024-12-22,Standard,39514.03
7759,Beth Becker,stephen66@example.org,Azerbaijan,2020-06-02,Standard,60027.23
7760,Elizabeth Meadows,johnstonrobin@example.org,Oman,2015-12-11,Standard,24250.89
7761,Brian Perez,woodkenneth@example.net,Solomon Islands,2018-11-02,Standard,20337.49
7762,Lisa Sellers,brownstephanie@example.net,Spain,2025-04-05,Premium,29328.05
7763,Jeffrey Arnold,rhart@example.net,Faroe Islands,2021-05-17,Basic,24439.66
7764,Emily Gray,xrosario@example.com,Japan,2017-04-06,Standard,46769.6
7765,Pamela Martin,andre15@example.org,Christmas Island,2015-05-01,Standard,16780.01
7766,Sonya Johnson,howardtimothy@example.org,Nauru,2023-11-05,Premium,62467.29
7767,Debra Johnson,juliestevens@example.org,Armenia,2022-07-21,Standard,18627.65
7768,Courtney Thompson,holmesderrick@example.org,Peru,2019-11-07,Standard,58065.9
7769,Martha Ford,hclark@example.net,Saint Barthelemy,2016-09-08,Basic,54421.8
7770,Jeremy Clark,fperez@example.org,Northern Mariana Islands,2020-03-29,Basic,37084.04
7771,Nicolas Mason,fking@example.net,United States of America,2015-11-05,Standard,15480.46
7772,Heather Manning,rebecca25@example.net,Ghana,2022-11-06,Standard,54516.75
7773,Rhonda Morris,david41@example.com,Egypt,2019-07-04,Basic,71631.89
7774,Anthony Allen,smartinez@example.org,Afghanistan,2015-04-26,Basic,54825.97
7775,Ms. Kristin Sullivan,simmonsjose@example.org,Vanuatu,2017-04-29,Basic,33360.5
7776,Elizabeth Moore,bradleyerica@example.net,Congo,2019-03-31,Standard,4163.91
7777,Jonathan Lyons,garciastephanie@example.org,Marshall Islands,2018-07-06,Basic,25295.59
7778,Shawna Harris,abigail54@example.com,Albania,2018-05-31,Standard,37880.9
7779,Stephanie Guerrero,tanyamorrison@example.com,Dominican Republic,2023-03-01,Premium,21752.88
7780,Dr. Thomas Wells,franklinmichael@example.com,Mexico,2023-11-15,Basic,48113.41
7781,Erik Kelly,joshuaduarte@example.org,Kuwait,2016-06-25,Basic,54662.36
7782,Dennis Henry,martinezjoshua@example.net,Guadeloupe,2022-07-29,Basic,20451.09
7783,Mark Patterson,oscarwalker@example.org,Cape Verde,2023-10-07,Standard,32716.08
7784,Barbara Adams,karen80@example.net,Niue,2019-10-20,Basic,38098.88
7785,Peggy Roberts,fosterjacob@example.com,North Macedonia,2021-05-20,Standard,10544.58
7786,Alicia Henderson,mbuck@example.com,Netherlands,2019-10-27,Basic,63178.84
7787,James Brown,trevor39@example.org,Eritrea,2015-06-13,Basic,1281.06
7788,Mark Lee,lindalee@example.net,Niue,2024-01-10,Standard,30511.64
7789,Christine Wolfe DDS,petersdavid@example.org,Cuba,2022-02-11,Standard,73662.86
7790,Kaitlin Mcfarland,beasleystacey@example.net,Luxembourg,2019-07-11,Basic,60765.55
7791,Kristin Mueller,trevinohayley@example.net,Singapore,2025-08-10,Basic,59710.9
7792,Sylvia Steele,batkins@example.net,Panama,2021-06-07,Standard,5555.29
7793,Tara Carson,hamiltonantonio@example.net,Croatia,2020-06-12,Standard,23800.83
7794,Joseph Beck,staylor@example.net,San Marino,2020-11-11,Standard,15862.72
7795,Ryan Adams,kevin93@example.com,Honduras,2022-11-03,Basic,73575.28
7796,Kellie Boyd,gdouglas@example.com,Egypt,2023-05-25,Basic,51034.49
7797,Robyn Mathews,tiffanygriffith@example.org,Bermuda,2018-02-11,Standard,40740.84
7798,Gabrielle Hall,adriana96@example.org,Tonga,2015-11-13,Basic,44962.23
7799,Dan Larsen,martindaniel@example.net,New Caledonia,2020-09-03,Standard,68563.64
7800,Matthew Moyer,hbrown@example.com,Denmark,2021-12-15,Standard,44298.48
7801,Erica Diaz,brandon18@example.org,Sweden,2015-02-28,Basic,61086.6
7802,Stephanie Charles,fwalls@example.com,Cayman Islands,2023-12-23,Basic,44891.85
7803,Jason Phillips,robertwoods@example.net,Afghanistan,2019-09-04,Standard,10933.45
7804,Lori Lyons,smithbilly@example.net,Tuvalu,2017-06-05,Basic,32879.77
7805,Sean English,harrismarc@example.net,Lesotho,2025-12-09,Premium,55961.29
7806,Troy Fox,sherry42@example.com,Canada,2016-02-20,Standard,67015.82
7807,Patrick Davis MD,smithkimberly@example.com,China,2021-02-22,Premium,11981.9
7808,Jennifer Cruz DVM,qgonzalez@example.org,Thailand,2020-12-25,Standard,70108.39
7809,Juan Jones,johnsonmariah@example.org,Uzbekistan,2024-09-21,Basic,5828.58
7810,David Johnson,larashane@example.com,Somalia,2018-03-26,Basic,24883.44
7811,Tyrone Ewing,nathanielperkins@example.com,Mayotte,2017-10-27,Standard,25622.71
7812,Edward Davis,walter21@example.com,Saint Pierre and Miquelon,2017-01-17,Premium,52560.29
7813,Richard King,christianmckinney@example.com,Azerbaijan,2022-11-03,Standard,32911.07
7814,Stacey Mcgrath,khawkins@example.net,Benin,2016-07-17,Basic,65706.91
7815,John Kim,swarren@example.net,Paraguay,2025-11-26,Basic,61292.38
7816,Lori Lester,chenpatrick@example.org,Portugal,2025-07-13,Standard,68677.66
7817,Robin Hayes,christopher55@example.org,Nauru,2024-12-22,Standard,13153.72
7818,Shane Clark,morrisonadrienne@example.org,Cyprus,2019-06-17,Basic,12330.75
7819,Kayla Bush,reneepayne@example.net,Cape Verde,2022-10-22,Basic,56052.61
7820,Eduardo Griffin DDS,kevin46@example.org,Sri Lanka,2023-09-07,Standard,63581.54
7821,Janet Castillo,kyork@example.org,Egypt,2025-10-28,Standard,10815.45
7822,Adrian Rush,david21@example.net,Marshall Islands,2022-03-18,Premium,33906.28
7823,Stephen Richards,martinronald@example.net,Monaco,2018-09-12,Standard,36360.15
7824,Janet Romero,jesseyoung@example.com,Bolivia,2018-04-03,Standard,72946.7
7825,Matthew Murphy,geraldcortez@example.net,Pitcairn Islands,2019-04-24,Premium,39281.2
7826,Heidi Smith,harrisonamy@example.org,Azerbaijan,2017-03-29,Standard,74061.86
7827,Sally Chaney,mariaramirez@example.org,Thailand,2022-03-16,Standard,19342.48
7828,Mr. Brett Miller,stacygonzales@example.com,Zambia,2023-05-21,Standard,23119.56
7829,Greg Hill,michelle17@example.org,Saudi Arabia,2025-11-27,Basic,45059.51
7830,Abigail Russell,mary76@example.com,Kiribati,2015-04-11,Basic,20508.64
7831,Tina Watson,fishersarah@example.com,Grenada,2019-10-21,Basic,24511.41
7832,Tanya Gibbs,kristahughes@example.org,Belarus,2021-05-12,Standard,46859.03
7833,Jessica Macdonald,toneill@example.com,United States Minor Outlying Islands,2024-11-28,Basic,29164.84
7834,Sheryl Thompson,catherinemercer@example.net,South Georgia and the South Sandwich Islands,2015-01-16,Standard,18297.78
7835,Curtis Garcia,umccarthy@example.org,Hungary,2019-12-27,Basic,64391.48
7836,Dylan Wilcox,caseyjoseph@example.org,Antarctica (the territory South of 60 deg S),2016-05-03,Standard,29774.12
7837,Molly Holmes,ortegacatherine@example.org,Andorra,2021-06-08,Premium,40839.49
7838,Sheri Hodges,ssteele@example.net,Nauru,2019-04-23,Basic,31434.27
7839,Mark Ford,kmurphy@example.net,Belgium,2019-09-11,Standard,803.82
7840,Brian Wilkerson,brayelizabeth@example.net,Kuwait,2023-03-20,Standard,67589.91
7841,Angela West,heather16@example.com,Bangladesh,2025-08-31,Standard,38115.91
7842,Frank Kennedy,zjordan@example.net,Martinique,2025-05-24,Standard,37569.85
7843,Nicholas Pierce,harrisangela@example.com,Cameroon,2018-09-04,Standard,30045.14
7844,Holly Salazar,jonesmichelle@example.com,Venezuela,2020-07-14,Basic,27045.93
7845,Mary Bentley,lpalmer@example.net,Guam,2016-12-06,Standard,74342.05
7846,Joshua Davidson,jameskrista@example.com,Tanzania,2015-01-24,Standard,32463.77
7847,Christina Dixon,hansenluke@example.net,El Salvador,2020-01-03,Premium,29134.51
7848,Jennifer Jenkins,stephen16@example.net,Ghana,2019-08-27,Standard,59070.51
7849,Charles Davis,kathleenmitchell@example.org,Poland,2018-04-07,Basic,64223.75
7850,Craig Valdez,wmatthews@example.com,Bhutan,2019-08-26,Standard,26966.65
7851,Robin Reid,steven01@example.com,Mexico,2016-03-12,Standard,19337.71
7852,Hannah Garrett,jessicawilkerson@example.org,China,2024-08-30,Standard,66910.11
7853,Philip Stokes,bradleymedina@example.com,Saint Martin,2020-09-29,Standard,5386.15
7854,Travis Williams,berrynancy@example.org,Saint Pierre and Miquelon,2018-04-27,Standard,35555.13
7855,Brianna Elliott,edwardnorman@example.net,Slovenia,2024-05-05,Premium,60175.24
7856,Heather Ramos MD,ramseyandrea@example.com,Cook Islands,2025-03-25,Standard,39813.95
7857,Jeremy Gonzales,laurawilliams@example.com,Kyrgyz Republic,2020-09-30,Standard,32078.6
7858,Donald Perkins,coxbarbara@example.org,Andorra,2024-03-15,Basic,62778.18
7859,Franklin Allen,nicholas08@example.net,Maldives,2015-09-18,Standard,3381.77
7860,Mitchell Castro,anneblack@example.com,Uzbekistan,2019-07-31,Standard,71885.28
7861,Diana Riley,lfreeman@example.com,Burkina Faso,2018-05-06,Standard,66171.79
7862,Manuel Miller,pattersonstacey@example.org,Korea,2025-04-11,Basic,20266.64
7863,Kelly Ayers,adamsrenee@example.org,Afghanistan,2015-09-06,Standard,48313.33
7864,Nicholas Pineda,veronicalane@example.net,Uruguay,2018-09-25,Standard,59849.19
7865,Katherine Wang,ealvarez@example.com,Papua New Guinea,2023-04-03,Basic,40656.66
7866,Patrick Parks,justin10@example.org,Niger,2021-10-29,Standard,2522.16
7867,Roberta Davis,wendyruiz@example.com,Svalbard & Jan Mayen Islands,2015-10-11,Basic,21028.78
7868,Kevin Duarte,mackenzie42@example.com,Anguilla,2015-02-19,Standard,50181.01
7869,Kayla Rodriguez,raymondbruce@example.com,Comoros,2015-09-29,Standard,32636.06
7870,Jesus Turner,nicolerandolph@example.net,Gambia,2020-06-08,Basic,35803.37
7871,Richard Gibbs,sandrawalsh@example.net,Tuvalu,2025-01-15,Basic,68967.39
7872,Rhonda Sanders,yvette19@example.com,Fiji,2024-06-05,Standard,36651.66
7873,Melanie Clarke,qrios@example.net,Turkmenistan,2021-03-24,Standard,74254.94
7874,Colton Gibbs,qwaller@example.org,Svalbard & Jan Mayen Islands,2019-05-14,Standard,15928.43
7875,Eric Ramirez,sdavis@example.net,Reunion,2018-05-08,Standard,39615.35
7876,Eileen Hughes,robin66@example.org,United States Minor Outlying Islands,2017-04-18,Standard,3407.24
7877,Gregory Miller,zbarnett@example.org,Cayman Islands,2023-06-07,Standard,57813.03
7878,Debra Horn,bassdaniel@example.net,Ireland,2020-09-17,Standard,22611.85
7879,James Singh,silvalisa@example.net,Pakistan,2018-08-11,Basic,1308.51
7880,Carla Gross,bennettjoseph@example.org,Saint Martin,2017-07-01,Standard,48027.08
7881,Anthony Lee,carlos09@example.org,Fiji,2024-12-17,Standard,50843.09
7882,Christopher Howard,adam56@example.net,Reunion,2023-07-16,Standard,62171.93
7883,Charles Berry,tmcgee@example.com,China,2019-11-06,Standard,10741.6
7884,Raven Malone,lindaleonard@example.org,Malta,2017-10-24,Premium,53862.72
7885,Laura Johnson,parkerpaul@example.org,Cote d'Ivoire,2024-01-26,Standard,48887.85
7886,Timothy Dennis,njones@example.org,Papua New Guinea,2025-11-14,Basic,60156.95
7887,John Campbell,melissajones@example.org,Zambia,2021-09-25,Premium,68373.23
7888,Donald Ford,boyertammy@example.net,Hong Kong,2020-11-02,Basic,10708.43
7889,Linda Petersen,simpsonjames@example.org,Thailand,2015-03-13,Standard,63154.49
7890,Carrie Wilson,jessicathomas@example.com,Azerbaijan,2016-09-21,Standard,63367.71
7891,Steven Wade,davidanderson@example.net,Kenya,2023-05-06,Premium,7453.59
7892,Olivia Fisher,brandon04@example.net,United Kingdom,2018-03-16,Standard,34622.77
7893,Laura Carson,david34@example.net,Rwanda,2021-11-02,Standard,34655.62
7894,Jessica Russell,erobinson@example.org,Suriname,2022-05-12,Standard,71159.28
7895,Sara Taylor,cruzjohn@example.com,Guinea-Bissau,2019-10-09,Standard,38633.03
7896,Lisa Woods,carla56@example.com,Guinea-Bissau,2022-09-13,Basic,74508.88
7897,James Henderson,csanders@example.com,Morocco,2015-01-16,Standard,12132.78
7898,Colleen Park,longbreanna@example.net,Zimbabwe,2016-06-12,Standard,56657.44
7899,Adam Martin,evanhenderson@example.net,Equatorial Guinea,2022-03-12,Basic,24170.0
7900,Christina Taylor,jennifer42@example.org,Gambia,2020-10-07,Standard,29883.28
7901,Adam Campbell,leslieoliver@example.org,Grenada,2021-05-25,Basic,20914.91
7902,Ariel Montgomery,robertojones@example.com,Iran,2023-08-06,Standard,18540.77
7903,Erica Wade,timothygomez@example.net,Kuwait,2019-10-25,Standard,72837.78
7904,Amanda Flores,kathydavis@example.net,Australia,2023-02-07,Premium,48301.17
7905,Mr. Steven Rivera DDS,yolandanelson@example.com,Bouvet Island (Bouvetoya),2023-06-27,Standard,53803.26
7906,Jeffrey Hill,jessicalawson@example.com,China,2024-05-28,Standard,34578.68
7907,Brittany Meyers,brenda03@example.org,Cameroon,2017-05-09,Standard,69624.86
7908,Melissa Davis,renee59@example.net,Tanzania,2017-02-27,Premium,73668.71
7909,Isabella Rowe,chad71@example.com,India,2017-01-14,Standard,28950.19
7910,Terry Robinson,wilsonchristopher@example.net,Latvia,2025-11-03,Basic,16219.32
7911,Christine Kelley,edwardkelly@example.net,Cook Islands,2019-03-02,Standard,51183.32
7912,Shawn Adams,harrisoneric@example.org,Palau,2025-05-09,Premium,60944.28
7913,Benjamin Flowers,baxtercory@example.com,Ukraine,2020-04-03,Basic,57385.63
7914,Ms. Tiffany Gray,snydertimothy@example.org,British Virgin Islands,2023-09-26,Standard,11431.21
7915,Joshua Gallagher,michael35@example.com,Niue,2019-01-21,Premium,28765.99
7916,Jennifer Murray,gonzalezdaniel@example.org,Cook Islands,2019-08-25,Basic,42343.7
7917,Rhonda Jones,kylescott@example.net,Hong Kong,2015-04-06,Standard,44630.56
7918,James Clayton,choisandra@example.com,Christmas Island,2017-08-22,Basic,69606.87
7919,Darrell Hill,alexis60@example.org,Taiwan,2017-06-20,Premium,54438.72
7920,Jennifer Rodriguez,alberthiggins@example.net,Falkland Islands (Malvinas),2022-01-02,Standard,9148.77
7921,Diana Villa,jeffrey36@example.org,Antarctica (the territory South of 60 deg S),2025-12-30,Standard,43550.55
7922,Jose Morse,mikeclark@example.net,Ecuador,2020-04-15,Standard,13051.9
7923,Susan Hill,gbell@example.org,Peru,2015-05-28,Standard,43097.36
7924,Matthew Hughes,matthewmurphy@example.net,Saint Pierre and Miquelon,2025-12-21,Basic,59794.06
7925,Jeffery Reese,mdavis@example.net,Guam,2024-10-15,Standard,61838.17
7926,Katelyn Smith,adam30@example.net,Saint Pierre and Miquelon,2022-02-25,Basic,40775.92
7927,Karen Anderson,stephanie85@example.com,South Africa,2021-03-11,Standard,50414.64
7928,Jeffery Ramos,durhamjason@example.net,Saint Vincent and the Grenadines,2020-01-04,Standard,35084.65
7929,Christopher Stone,jamesray@example.com,Gambia,2015-10-17,Standard,52819.2
7930,Bruce Miller Jr.,melaniehoward@example.net,Comoros,2020-07-26,Standard,33526.46
7931,Crystal Green,gduke@example.net,Sierra Leone,2020-11-19,Standard,15388.75
7932,Robert Eaton,macknicole@example.com,Samoa,2024-09-12,Premium,61436.1
7933,Rhonda Smith,thompsondiane@example.com,Gambia,2015-06-12,Standard,46917.56
7934,Thomas Cruz,harrismatthew@example.net,Vietnam,2020-03-10,Basic,56233.79
7935,Ryan Bauer,michelle42@example.org,Tuvalu,2015-09-23,Standard,26617.49
7936,Andrew Payne,jason93@example.net,South Georgia and the South Sandwich Islands,2021-04-03,Standard,45288.98
7937,Ronald Mayer,sjohnson@example.org,Tunisia,2021-10-28,Standard,27877.14
7938,Joshua Hernandez,greenebrenda@example.com,Uzbekistan,2016-11-17,Basic,47132.27
7939,Kathryn Sandoval,michael45@example.com,Saint Barthelemy,2020-09-01,Standard,41357.12
7940,Renee Heath,banksmary@example.net,Isle of Man,2019-08-11,Standard,38501.55
7941,Samantha Ward,thomasmckenzie@example.com,Vanuatu,2016-09-29,Standard,1958.35
7942,Sally Thompson,sphillips@example.net,Syrian Arab Republic,2019-06-21,Basic,51472.28
7943,Beverly Simpson DDS,cassandra19@example.net,Namibia,2019-06-23,Premium,18025.2
7944,Ronald Perez,kyle77@example.org,Mozambique,2025-06-29,Standard,13735.4
7945,Joshua Bright,bradley14@example.com,Slovakia (Slovak Republic),2015-04-25,Standard,50175.53
7946,Kristie Faulkner,suttonkristi@example.org,Latvia,2015-12-28,Standard,25197.04
7947,Heather Chase,feliciablack@example.net,Estonia,2016-02-13,Standard,60594.19
7948,Carolyn Ramos,fowlerwilliam@example.org,Estonia,2023-11-07,Standard,42638.66
7949,Logan Davis,saracamacho@example.net,Mongolia,2024-07-02,Standard,48357.26
7950,Christopher Fields,worr@example.net,United States Minor Outlying Islands,2020-09-23,Standard,57240.74
7951,Jeremy Brooks,vchristensen@example.org,India,2015-04-19,Basic,61207.08
7952,Samuel Robinson,djohnson@example.org,Russian Federation,2025-04-07,Standard,36761.96
7953,Scott Gallagher,michaelbennett@example.net,Colombia,2024-07-12,Standard,53716.33
7954,Tyler Smith,tiffanyriggs@example.net,British Indian Ocean Territory (Chagos Archipelago),2016-04-30,Basic,2989.43
7955,Valerie Ho,ndowns@example.net,Greenland,2017-06-17,Premium,44063.69
7956,Ricky Forbes,swalters@example.com,Holy See (Vatican City State),2021-03-22,Standard,11218.41
7957,Andre Cox,wthompson@example.com,Nepal,2025-01-07,Premium,41607.62
7958,Thomas Huerta,kimberly52@example.org,Netherlands Antilles,2022-12-03,Standard,20798.85
7959,Jeffrey Buchanan,michaelrichards@example.net,Finland,2019-11-24,Standard,69744.85
7960,Robert Gentry,derek05@example.com,Saint Lucia,2020-02-04,Standard,45658.53
7961,Molly Hayes,maryoneill@example.net,Bouvet Island (Bouvetoya),2018-07-19,Basic,18385.13
7962,Jonathan Barker,pwest@example.net,Haiti,2020-02-29,Premium,36939.53
7963,Melissa Bryant,jfrancis@example.org,Austria,2020-10-25,Standard,31178.99
7964,Benjamin Miller,tammy57@example.com,Comoros,2025-12-05,Basic,64911.09
7965,Stephen Banks,longrobert@example.org,Turkey,2020-01-02,Standard,26734.91
7966,Jay Boone,jnelson@example.net,Honduras,2017-08-25,Premium,36641.17
7967,Douglas Henry,dawnlewis@example.com,Ecuador,2024-06-02,Basic,57504.18
7968,Kelli Contreras,andersoncourtney@example.com,Sweden,2017-06-12,Basic,67435.15
7969,Jesus Donovan,rebecca05@example.org,Serbia,2022-02-02,Premium,24862.9
7970,Mark Russell,ian88@example.net,Latvia,2018-07-27,Premium,63350.79
7971,Bryce Moore,olivia00@example.org,Turkey,2019-01-04,Standard,67903.85
7972,Aaron Brooks,lindahayes@example.org,Holy See (Vatican City State),2020-05-13,Premium,7247.66
7973,Brandon Chapman,ascott@example.org,Netherlands,2023-04-16,Standard,50743.76
7974,Jeffery Fry,brent71@example.net,China,2024-03-21,Standard,20720.17
7975,Crystal Roberts,urodriguez@example.com,Niue,2019-02-14,Standard,3592.26
7976,Ruben Green,moodystacey@example.net,Sri Lanka,2016-03-04,Basic,40420.27
7977,Cathy Wilson,wilsonsandy@example.net,Pakistan,2018-06-17,Basic,23524.41
7978,Linda Lee,tatedana@example.com,North Macedonia,2022-04-22,Basic,71335.29
7979,Rhonda Gomez,dylancampos@example.org,Estonia,2016-09-16,Basic,7904.6
7980,Randy Decker,zjohnson@example.com,Slovenia,2023-11-24,Basic,73338.82
7981,Patrick Robinson,dreyes@example.org,Palestinian Territory,2019-06-29,Standard,3929.16
7982,Sheri Cruz,pattersonsarah@example.net,Turkey,2018-08-21,Standard,33436.73
7983,Jason Johnson,davisjermaine@example.net,Saint Lucia,2025-06-24,Standard,29667.41
7984,Ronald Mcgee,jessica07@example.net,Angola,2023-05-05,Basic,45230.1
7985,Thomas Riddle,manuelgarcia@example.org,Saint Vincent and the Grenadines,2024-11-06,Premium,48005.54
7986,Earl Rodriguez,eric41@example.org,Egypt,2021-01-11,Basic,46438.79
7987,Angela Johns,taylorjessica@example.net,Burkina Faso,2017-08-08,Premium,66215.39
7988,Janice Ryan,markfields@example.com,Dominican Republic,2023-09-22,Standard,22865.85
7989,Sarah Barber,ifrench@example.com,Ireland,2020-09-29,Standard,26947.75
7990,Timothy Costa,mark68@example.net,Thailand,2020-04-21,Standard,31048.02
7991,Anthony Lawson,natalieharvey@example.com,Montenegro,2025-04-05,Standard,22184.97
7992,Jessica Cunningham,tammysanchez@example.net,El Salvador,2023-08-29,Basic,17584.71
7993,Sabrina Petty,christina07@example.net,Puerto Rico,2025-09-11,Standard,64252.8
7994,Erin Mathews,john02@example.org,Azerbaijan,2019-11-05,Standard,1868.26
7995,Dr. Brian Ferrell,diana50@example.net,Peru,2018-07-31,Standard,10319.76
7996,Kristi Smith,murillowilliam@example.com,Ireland,2020-09-03,Standard,56939.09
7997,Zoe Johnson,gloverpaula@example.net,Netherlands Antilles,2018-12-25,Standard,65178.15
7998,Melissa Campos,hrice@example.org,Aruba,2020-01-30,Standard,37491.9
7999,Aaron Pena,joshua44@example.com,Togo,2025-03-16,Basic,12222.48
8000,Patricia Cameron,michaelharrison@example.org,Sweden,2019-12-04,Basic,11260.84
8001,Amy Frazier,charles10@example.net,Faroe Islands,2025-10-14,Standard,38301.04
8002,Michael Hartman,wgomez@example.net,Northern Mariana Islands,2022-12-20,Standard,55792.18
8003,Andrea Peterson,evansryan@example.net,Turkey,2015-12-30,Premium,42478.88
8004,Sarah Smith,tmay@example.net,Solomon Islands,2022-11-28,Standard,27779.58
8005,David Mosley,ernesthunter@example.com,Western Sahara,2024-03-19,Standard,48279.34
8006,Rachel Oconnell,christiancampos@example.net,Djibouti,2016-01-06,Standard,13335.01
8007,Joshua Jones,griffithtravis@example.org,Kyrgyz Republic,2019-03-08,Standard,74451.73
8008,Tim Dawson,garzatina@example.net,Armenia,2023-04-15,Premium,26185.22
8009,Tyler Hayes,davislaura@example.com,Portugal,2019-11-08,Standard,18746.06
8010,Rachel Terrell,michele93@example.org,Greenland,2020-03-26,Basic,2041.46
8011,Emily Neal,elizabeth49@example.com,Armenia,2023-11-30,Basic,22666.86
8012,Kathleen Livingston,epitts@example.org,Denmark,2017-11-08,Standard,35452.97
8013,Patricia Hess,garciatanya@example.org,Bhutan,2018-11-15,Standard,54604.87
8014,Nicole Williams,wwyatt@example.net,Antigua and Barbuda,2021-02-09,Basic,43029.57
8015,William Lane,patricia87@example.org,El Salvador,2022-01-12,Standard,6404.25
8016,Daniel Kim,tsullivan@example.com,Lesotho,2025-05-10,Standard,55619.09
8017,Bonnie Brooks,briana60@example.com,Slovenia,2015-09-18,Basic,8839.12
8018,Joshua Harrison,ncombs@example.net,Antarctica (the territory South of 60 deg S),2025-08-20,Standard,25416.09
8019,Bruce Moore,vphelps@example.com,Cocos (Keeling) Islands,2020-10-04,Standard,12627.47
8020,Megan Hughes,timbaker@example.net,Mongolia,2021-03-10,Standard,30485.59
8021,Martha Baker,vweaver@example.net,French Guiana,2018-03-20,Premium,62601.16
8022,Rodney Mccoy,hosborn@example.net,Greenland,2023-11-01,Basic,7641.42
8023,Valerie Franklin,traceyjones@example.org,Paraguay,2022-06-27,Basic,62873.84
8024,Natalie Lopez,morsekenneth@example.org,Lesotho,2015-08-28,Standard,52504.02
8025,Whitney Evans,robert50@example.com,Georgia,2021-04-22,Basic,19322.13
8026,David Gates,gail41@example.com,Venezuela,2020-01-17,Standard,36642.29
8027,Jeff Keller,state@example.org,Libyan Arab Jamahiriya,2016-06-10,Standard,55261.81
8028,Antonio Robinson,scottmary@example.com,Ethiopia,2016-05-28,Standard,53992.68
8029,Audrey Goodman,simmonsmorgan@example.com,Angola,2022-02-21,Standard,21824.01
8030,Michael Mason,robert02@example.net,Monaco,2023-08-23,Basic,72839.23
8031,Anne Jimenez,gonzalesdonald@example.org,Zambia,2019-10-06,Basic,60940.1
8032,Gary Smith,jpitts@example.org,Hong Kong,2025-11-14,Basic,47672.51
8033,Jessica Kaiser,ogalvan@example.com,Niger,2023-02-21,Basic,2460.37
8034,Scott Horton,fbeltran@example.net,Greece,2024-03-09,Standard,28989.19
8035,Amanda Watson,katherine91@example.net,French Guiana,2017-02-11,Standard,41947.81
8036,Hayley Kim,lfrench@example.org,Bouvet Island (Bouvetoya),2016-05-19,Standard,34068.39
8037,Austin Morrison,donald17@example.org,Malaysia,2019-08-29,Standard,28472.16
8038,Antonio Richards,michelereeves@example.com,Burundi,2015-01-07,Standard,71452.85
8039,Yvette Ingram,amber54@example.com,Belgium,2019-06-03,Premium,23680.21
8040,Cesar Nguyen,haynesjanet@example.org,El Salvador,2024-02-06,Basic,21021.89
8041,Ann Smith,torrestanya@example.org,Turks and Caicos Islands,2023-11-24,Basic,2647.35
8042,Charles Watson,qbradley@example.com,Ecuador,2022-08-17,Basic,9818.44
8043,Maria Morrison,adrianhawkins@example.org,Vietnam,2021-11-18,Standard,16708.47
8044,Melissa Martin,aaron66@example.org,Antarctica (the territory South of 60 deg S),2025-02-01,Standard,3211.43
8045,Amanda Novak,armstrongjulia@example.org,Somalia,2025-11-25,Basic,54458.55
8046,Joseph Harris,audreyweaver@example.com,Congo,2019-09-21,Standard,16747.86
8047,Wendy Ayala MD,santiagoangela@example.net,Lesotho,2015-03-08,Standard,46385.47
8048,Shelly Yu,tturner@example.org,Hungary,2021-11-21,Premium,64852.26
8049,Cassandra Jones,katherinekeller@example.net,Iceland,2018-05-31,Premium,11441.57
8050,Tracey Mora,andersonbryan@example.net,Cayman Islands,2018-01-28,Standard,30419.5
8051,Bobby Delgado,krystallewis@example.com,Costa Rica,2017-05-15,Standard,46354.41
8052,Michael Williams,debramontoya@example.net,Namibia,2015-09-14,Standard,64411.43
8053,Richard Benson,vperez@example.com,Heard Island and McDonald Islands,2025-03-08,Standard,63897.1
8054,Patrick Vaughn,dawn08@example.net,Togo,2016-07-27,Standard,66155.74
8055,Chad Mendoza,chelsea40@example.org,Lithuania,2015-08-04,Basic,28422.84
8056,Kevin Benson,tinaeverett@example.net,Malaysia,2020-06-28,Premium,28933.83
8057,Vanessa Dennis,eric25@example.com,French Guiana,2015-09-30,Basic,28625.85
8058,Lisa Scott,garypeterson@example.org,Eritrea,2019-01-01,Standard,58726.54
8059,David Myers,dylanibarra@example.net,Singapore,2025-01-08,Basic,48302.73
8060,Brian Clark,sarahlewis@example.com,Japan,2021-07-14,Standard,25280.42
8061,Steven Santana,milleremily@example.net,Ecuador,2020-06-13,Basic,48042.07
8062,Tom Horton PhD,sharrison@example.net,Austria,2024-11-16,Standard,28328.27
8063,Natalie Martinez,judithwood@example.net,Christmas Island,2021-10-25,Standard,7177.95
8064,Brittany Cervantes,garciabrenda@example.net,Mexico,2024-08-16,Premium,16420.81
8065,Nicholas Romero,nicoleclark@example.net,Palau,2021-02-20,Basic,68963.65
8066,Chelsea Trujillo,mccoycatherine@example.com,Swaziland,2023-05-02,Standard,72967.0
8067,Candice Garrison,annarussell@example.net,Saint Martin,2023-03-04,Basic,25909.81
8068,Bailey Wilson,jamesstewart@example.net,Sri Lanka,2025-07-04,Basic,15819.4
8069,Kelly White DDS,william80@example.com,Mauritius,2018-03-27,Basic,20513.69
8070,Patricia Tucker,dmason@example.com,Moldova,2021-02-28,Basic,19372.39
8071,Anthony Ramirez MD,eric35@example.net,Marshall Islands,2020-12-24,Standard,10765.97
8072,Madeline James,anthony92@example.net,Sierra Leone,2015-01-04,Basic,17344.86
8073,Spencer Ray,qsolomon@example.org,South Africa,2025-09-23,Standard,56688.37
8074,Brittany Mosley,angela80@example.org,Gabon,2019-01-19,Standard,19138.65
8075,Joshua Pierce,mallorylee@example.net,New Caledonia,2022-10-20,Standard,54908.33
8076,Gabriella Dean,kathy66@example.net,Malta,2018-04-12,Premium,51576.17
8077,Ashley Brown,maryryan@example.com,Tuvalu,2019-01-04,Standard,15048.49
8078,Donald Allen,mknight@example.net,Saudi Arabia,2023-10-07,Premium,19738.4
8079,Jason Robinson,faith08@example.net,Barbados,2020-03-26,Standard,39567.24
8080,John Hooper,frussell@example.net,French Guiana,2015-09-18,Standard,23931.93
8081,Jeff Brooks,sarah08@example.net,New Caledonia,2018-03-31,Premium,51693.22
8082,Michelle Ruiz,webbpatrick@example.org,Equatorial Guinea,2017-09-25,Premium,24336.74
8083,Teresa Jackson,margaretmorgan@example.net,Israel,2019-10-07,Standard,48884.7
8084,Thomas Meyer,glenn95@example.org,Nepal,2022-10-31,Premium,14775.36
8085,Donna Graham,amanda48@example.net,Reunion,2015-07-31,Standard,28204.7
8086,Jennifer Farmer,simpsonmarcus@example.net,Germany,2021-01-04,Premium,54300.73
8087,Joseph Anderson,laurageorge@example.net,American Samoa,2018-07-02,Standard,18429.86
8088,Susan Carpenter,ohahn@example.net,Solomon Islands,2016-01-13,Standard,6552.0
8089,Jeff Burch,marshalljoshua@example.com,Sudan,2019-11-10,Basic,18950.25
8090,Cindy Evans,knightevelyn@example.org,Gibraltar,2022-01-29,Standard,31088.32
8091,Richard Rodriguez,jamieochoa@example.com,Tonga,2020-06-13,Premium,60064.03
8092,Crystal Davis,rhardy@example.com,Reunion,2020-02-12,Basic,6051.81
8093,Todd Dominguez,masonwilliam@example.org,Samoa,2019-07-19,Premium,46231.67
8094,Phillip Myers,mckenziebrandon@example.com,Samoa,2018-05-18,Standard,24176.24
8095,Erica Berg,kclark@example.org,Uruguay,2024-05-29,Premium,57133.71
8096,Jeremy Frye,terry88@example.com,Italy,2022-04-23,Premium,48263.03
8097,Andrew Combs,andrewterry@example.org,Maldives,2019-10-19,Basic,10923.4
8098,Shaun Thompson,reginaldpaul@example.org,Belgium,2017-09-28,Basic,49326.79
8099,Kimberly Campbell,ccochran@example.net,Equatorial Guinea,2019-03-05,Basic,54181.08
8100,Thomas Underwood,stevenlucas@example.net,Turks and Caicos Islands,2023-05-02,Basic,13645.64
8101,Cory Rodriguez,alicia88@example.org,Lao People's Democratic Republic,2015-08-05,Standard,30467.27
8102,Daniel Clark,ryan57@example.net,Bosnia and Herzegovina,2025-10-02,Standard,4303.68
8103,Melissa Rice,loganramirez@example.org,Taiwan,2025-12-15,Standard,65602.33
8104,Gary Rodriguez,qlopez@example.net,Samoa,2025-03-16,Standard,70692.97
8105,Thomas Martinez,ramosdavid@example.org,Jamaica,2025-04-07,Standard,50727.19
8106,Brian Thomas,riverajoseph@example.org,Switzerland,2023-04-23,Basic,12822.93
8107,David Vega,shayes@example.org,Faroe Islands,2016-09-20,Premium,21873.39
8108,Danielle Haynes,zmiller@example.com,Congo,2015-05-31,Premium,30812.11
8109,Jacob Walton,rossdavid@example.net,Kuwait,2018-08-02,Premium,5885.24
8110,Peter Dunlap,benjamin04@example.org,Bangladesh,2015-03-20,Basic,42587.64
8111,Vanessa Patton,hgarza@example.net,Grenada,2019-10-05,Premium,64528.74
8112,Michael Jones,qmoran@example.com,Poland,2023-04-20,Basic,15634.05
8113,Daniel Perkins,trevormedina@example.org,Iceland,2024-07-25,Standard,9872.19
8114,Amanda Strickland,mperkins@example.org,Rwanda,2018-08-01,Premium,3042.53
8115,Katelyn Frazier,lisaporter@example.net,Morocco,2016-06-18,Standard,73304.3
8116,Cynthia Cantrell,abigailhobbs@example.org,United Kingdom,2019-03-06,Standard,13413.53
8117,Jennifer Anderson,hunterjames@example.net,Grenada,2016-01-27,Standard,49212.37
8118,Brittany Rasmussen,zgreen@example.com,France,2023-06-30,Basic,55502.22
8119,Tammy Jenkins,jessicafranco@example.org,Vietnam,2023-07-03,Premium,5895.54
8120,Nancy Johnson,deborah78@example.net,Switzerland,2017-05-06,Standard,40180.34
8121,Kathryn Peters,waltonpatricia@example.net,Greenland,2017-07-22,Standard,7801.9
8122,Dustin Smith,amandahudson@example.org,Czech Republic,2020-10-18,Standard,27430.39
8123,Zachary Stanley,schmittmichelle@example.net,Finland,2023-12-07,Standard,72971.1
8124,Jonathan Palmer,sanchezjennifer@example.org,Palestinian Territory,2021-09-14,Standard,18433.46
8125,Christopher Arnold,margaret96@example.net,Sierra Leone,2019-08-14,Standard,62472.19
8126,John Rice,jesus75@example.org,Christmas Island,2017-06-06,Standard,25160.93
8127,Alexandra Taylor,laura80@example.com,Hungary,2018-05-07,Standard,37669.65
8128,Thomas Hernandez,opearson@example.org,Norway,2019-12-19,Basic,22521.69
8129,Melissa Young,stevenwalter@example.org,Bahamas,2017-12-16,Standard,622.0
8130,Eric Jensen,jramirez@example.net,Swaziland,2017-03-02,Standard,32396.12
8131,Troy Cox,benjamin93@example.org,Slovakia (Slovak Republic),2023-03-08,Standard,55970.38
8132,Dr. Amanda Zimmerman DDS,laurieevans@example.net,Solomon Islands,2017-10-10,Basic,71318.98
8133,Barbara Williams,abridges@example.net,Heard Island and McDonald Islands,2022-07-07,Standard,34172.83
8134,Robert Brown,rileyrick@example.org,Sudan,2024-03-16,Standard,67892.08
8135,Janet Rowland,mary18@example.org,Cocos (Keeling) Islands,2021-03-03,Standard,49724.86
8136,Brian Lambert,julieray@example.org,Belarus,2021-12-22,Standard,27199.11
8137,David Lee,jennifermolina@example.org,Cuba,2019-07-16,Standard,17595.99
8138,Marcia Taylor,sara81@example.com,Colombia,2022-09-20,Basic,7135.61
8139,Evan Jackson Jr.,kimberly91@example.com,Thailand,2025-10-06,Standard,28927.71
8140,Michael Miller,jeffrey21@example.org,Greenland,2021-04-23,Standard,61102.04
8141,Kathryn Phillips,lisachase@example.net,Mauritius,2023-07-27,Basic,20246.45
8142,Edward Delgado,cynthiapittman@example.net,Palau,2019-02-23,Basic,72042.98
8143,Elizabeth Mccarthy,yacevedo@example.net,Trinidad and Tobago,2020-09-23,Basic,65457.22
8144,Jason Smith,wheelerdiana@example.org,Botswana,2019-09-02,Premium,68730.15
8145,Robert Clark,cervanteshannah@example.org,Belgium,2023-10-12,Standard,20178.43
8146,Ashley Glass,emily88@example.org,Suriname,2019-07-15,Basic,16633.37
8147,Dennis Bailey,deborahjohnson@example.org,Nicaragua,2016-10-14,Basic,52423.2
8148,Lynn Thornton,ryanrichardson@example.net,Portugal,2025-08-22,Standard,33254.48
8149,Valerie Bishop,nathaniellittle@example.net,Brunei Darussalam,2019-11-14,Standard,57410.13
8150,Zachary Stewart,robert79@example.net,Bhutan,2018-10-16,Basic,50102.52
8151,Jessica Shah,englishdouglas@example.net,Georgia,2022-09-24,Standard,43646.88
8152,Michele Davis,baileybarbara@example.org,Gibraltar,2023-07-18,Standard,30727.23
8153,Danielle Burgess,kelsey97@example.org,Kuwait,2021-03-08,Standard,57498.96
8154,Alexis Hawkins,bmaynard@example.org,Morocco,2016-09-23,Basic,56158.34
8155,Timothy Brown,lorithomas@example.net,Guatemala,2022-12-06,Standard,65837.87
8156,Derrick Thomas,pattersonpeter@example.net,Palestinian Territory,2025-05-11,Basic,29272.23
8157,Michael Garcia,igoodman@example.org,Guam,2018-10-19,Standard,22511.31
8158,Deborah Wilson,russellkelly@example.net,San Marino,2020-02-18,Standard,11959.9
8159,Charlene Gonzales,campbellthomas@example.org,Guam,2019-09-10,Basic,52413.7
8160,Jessica Salazar,ebyrd@example.org,Mozambique,2021-02-18,Basic,55934.76
8161,James Palmer,madison34@example.com,Czech Republic,2017-05-20,Basic,24467.62
8162,Edward Clark,robertchavez@example.net,Pakistan,2021-02-24,Basic,21674.78
8163,Bruce Zavala,reneedunlap@example.net,Guam,2017-10-06,Standard,56243.95
8164,Amanda Cox,matthew80@example.org,Eritrea,2023-10-20,Standard,2203.53
8165,Glen Aguirre,nkelly@example.com,Belgium,2016-08-25,Premium,54872.0
8166,Kaitlin Scott,kimberlytownsend@example.org,El Salvador,2022-03-01,Standard,35411.57
8167,Elizabeth Zimmerman DDS,michelle92@example.net,Andorra,2024-12-22,Standard,45729.28
8168,Diana Diaz,whitealicia@example.org,Syrian Arab Republic,2015-11-13,Basic,59102.75
8169,Jesse Terry,sarah94@example.com,United States of America,2017-07-08,Standard,26747.73
8170,Ryan Young,elizabeth74@example.org,Kazakhstan,2016-02-20,Standard,37631.96
8171,Susan Wu,afigueroa@example.com,Nicaragua,2022-05-10,Standard,58675.46
8172,Samantha Peterson,teresa86@example.net,Finland,2015-04-30,Standard,34777.37
8173,Jeffrey Payne,williamhull@example.org,Saint Helena,2017-05-02,Standard,37408.43
8174,Michelle Elliott MD,martindavid@example.net,Nauru,2020-04-15,Standard,28620.58
8175,Diane Moore,nixonryan@example.com,Heard Island and McDonald Islands,2023-09-03,Standard,58182.41
8176,Sara Price,aparrish@example.org,Vietnam,2021-01-05,Premium,7382.56
8177,Samantha Hess,luisfarrell@example.org,Belgium,2025-10-02,Standard,61135.24
8178,Rodney Smith,mary56@example.net,France,2021-03-27,Standard,53440.49
8179,Deborah Price,vbright@example.net,Zimbabwe,2018-01-31,Basic,29148.16
8180,Melissa Lee,xburnett@example.com,Trinidad and Tobago,2025-12-24,Standard,9057.39
8181,Michael Douglas,aguirrepaige@example.com,Israel,2023-10-16,Premium,21589.25
8182,Nicole Winters,zcollins@example.org,Ecuador,2023-10-13,Standard,57673.98
8183,Gerald Myers,dwilson@example.com,Montserrat,2018-08-17,Basic,29915.33
8184,Julia Price,christinacosta@example.com,Uganda,2023-05-25,Standard,62915.06
8185,Jennifer Moore,justin69@example.org,Macao,2016-11-04,Standard,62393.24
8186,Angela Perry,yvettegeorge@example.com,Kenya,2018-11-11,Standard,52764.21
8187,Dylan Porter,jeffreywright@example.net,Wallis and Futuna,2024-02-25,Basic,15582.33
8188,Anthony Harrison,xwoods@example.net,Aruba,2016-07-22,Standard,8389.14
8189,Douglas Bolton,harrissarah@example.net,Slovakia (Slovak Republic),2024-01-17,Basic,43984.68
8190,Jessica Stevenson,samantha98@example.net,United States Minor Outlying Islands,2015-02-16,Standard,67471.05
8191,Lori Long,patrick87@example.com,Albania,2017-12-10,Standard,61594.29
8192,Mary Watson,twinters@example.com,South Georgia and the South Sandwich Islands,2022-06-28,Standard,49954.55
8193,Christina Bennett,donnakeith@example.org,Mauritania,2022-11-17,Premium,48241.83
8194,Jennifer Thomas,sextontammy@example.org,Benin,2021-05-12,Basic,53965.74
8195,Jason Adkins,tina67@example.org,New Caledonia,2020-01-24,Standard,46626.54
8196,Thomas Parsons,huynhrebecca@example.com,Pitcairn Islands,2022-08-25,Basic,2161.72
8197,Christopher Cobb Jr.,jennifer61@example.com,Kuwait,2018-09-08,Basic,17008.68
8198,Jennifer Schwartz,afuller@example.com,Antarctica (the territory South of 60 deg S),2016-03-05,Standard,8542.58
8199,Brooke Rodriguez,lisascott@example.net,Romania,2018-12-04,Basic,8280.85
8200,Timothy Acosta,josephbaker@example.org,Korea,2016-04-10,Basic,42948.64
8201,Joshua Kerr,zdavis@example.net,North Macedonia,2021-05-14,Standard,53951.54
8202,Kenneth Conway,samantha78@example.org,Monaco,2015-05-19,Standard,54920.78
8203,Joseph Juarez,ocooley@example.net,Dominican Republic,2017-07-16,Basic,6327.46
8204,Heather Duran,msmith@example.org,Oman,2017-06-01,Standard,72911.7
8205,Miss Kim Murphy,amycruz@example.com,Montenegro,2024-05-05,Standard,50024.8
8206,Clayton Gamble,robert91@example.org,Armenia,2025-09-24,Standard,60058.04
8207,Alexis Daniels,hbaxter@example.com,Croatia,2016-02-16,Standard,40127.56
8208,Mary Johnson,brian44@example.org,Venezuela,2021-02-12,Standard,61957.96
8209,James Fields,harrisadam@example.org,Greece,2023-03-03,Basic,20081.34
8210,Gregory Berry,zdavis@example.org,French Guiana,2019-11-14,Premium,5569.12
8211,Rachel Robertson,edwardsdenise@example.com,Trinidad and Tobago,2015-10-30,Standard,16434.13
8212,Kelly Dawson,alyssa40@example.org,French Southern Territories,2016-01-09,Basic,68176.05
8213,Dana Stevens,amandageorge@example.org,Kuwait,2018-03-04,Premium,1029.04
8214,Crystal Caldwell,gina58@example.net,Turkey,2022-06-08,Standard,53350.7
8215,Allison Villarreal,mmeadows@example.net,Bahamas,2015-07-14,Standard,57931.51
8216,Leslie Burke,randymiranda@example.net,Guinea,2025-05-07,Basic,49297.75
8217,Jill Holmes,micheal66@example.org,Jordan,2016-09-08,Standard,68410.9
8218,Ian Taylor,jenkinsmariah@example.net,Myanmar,2019-09-05,Standard,62351.83
8219,Shawn Mcpherson,jameshowe@example.net,Syrian Arab Republic,2019-07-14,Basic,69455.76
8220,Juan Wright,seth01@example.com,Philippines,2023-05-22,Basic,74944.07
8221,Michael Nelson,carneyross@example.net,Christmas Island,2021-10-02,Basic,65743.78
8222,Frank Lopez,joselee@example.com,Kiribati,2016-05-14,Premium,22075.36
8223,Robert Smith,tony92@example.org,Cyprus,2017-11-22,Basic,57785.7
8224,Jessica James,alyssahayes@example.org,Solomon Islands,2018-09-10,Standard,55768.17
8225,Kayla Johnson,mitchell45@example.org,Uganda,2016-09-30,Standard,19769.7
8226,Ryan Ruiz,woodsalexis@example.net,Morocco,2017-03-19,Basic,15912.36
8227,Joshua Graham,joseph59@example.org,Fiji,2020-05-12,Premium,4838.41
8228,Matthew Vasquez,russellemily@example.com,Turkey,2020-06-12,Standard,50429.66
8229,Sara Clark,rsmith@example.org,Andorra,2016-02-13,Basic,69628.66
8230,Megan Anthony,jasonwhite@example.org,Denmark,2015-08-29,Standard,40880.0
8231,Kathleen Simmons,scott08@example.org,Isle of Man,2016-02-10,Premium,59093.53
8232,Amanda Cooper,jennynelson@example.org,Aruba,2023-11-13,Basic,66311.04
8233,Jordan Bishop,hillkelly@example.net,Greenland,2016-07-07,Standard,15445.04
8234,Susan Fuller,jfox@example.net,Czech Republic,2022-08-24,Basic,7557.64
8235,Angel Brown,kristine67@example.net,Guatemala,2015-03-08,Standard,63607.79
8236,Cynthia Kaufman,paul76@example.net,Iran,2020-03-15,Basic,22933.27
8237,Lisa Brown,singhjason@example.org,Dominican Republic,2025-11-19,Standard,572.03
8238,Tina Norton,melanie43@example.net,Panama,2022-05-07,Basic,41784.49
8239,Joseph Phelps,emily04@example.com,United Arab Emirates,2016-06-26,Premium,7128.17
8240,Gabrielle Bailey,angelarichardson@example.net,Mauritius,2022-02-01,Basic,34588.4
8241,Lori Jackson,perkinsjesus@example.net,Aruba,2020-06-07,Standard,10469.63
8242,Douglas Hartman,julie98@example.org,Albania,2025-06-03,Basic,5862.45
8243,Kelly Greer,lozanoanthony@example.net,Lao People's Democratic Republic,2020-05-05,Standard,72739.02
8244,Miguel Robinson,donnaacosta@example.net,Trinidad and Tobago,2019-04-08,Basic,27795.55
8245,James Farmer,blogan@example.net,El Salvador,2021-10-14,Standard,32295.57
8246,Andrew Robertson,vchristensen@example.com,Saint Pierre and Miquelon,2025-10-23,Premium,41669.55
8247,Kelly Fuller,crystal38@example.net,Algeria,2020-08-07,Premium,68868.31
8248,Holly Spears,chall@example.net,Belgium,2022-05-17,Standard,72804.28
8249,Melissa Simpson,scottlisa@example.com,Pakistan,2021-06-23,Basic,9378.04
8250,Victoria Brown,john29@example.org,Heard Island and McDonald Islands,2022-03-12,Basic,12906.62
8251,Terry Carpenter,amy87@example.com,Greece,2024-11-01,Standard,26289.24
8252,Anne Hunter,connorjoseph@example.com,Mali,2015-12-04,Premium,53321.49
8253,Jasmine Meyer,leah18@example.com,Tanzania,2015-07-30,Basic,16530.18
8254,Frank Jimenez,dale78@example.net,Korea,2025-10-30,Standard,49843.59
8255,Traci Wise,johnsonrichard@example.org,Turkmenistan,2019-07-24,Standard,29293.07
8256,Tanner Anthony,crobinson@example.org,Wallis and Futuna,2018-10-12,Standard,61107.62
8257,Susan Navarro,adaniels@example.com,Tanzania,2023-07-01,Standard,24407.33
8258,John Reyes,nstevens@example.com,Taiwan,2025-01-07,Standard,55534.63
8259,Colleen Thomas,rodriguezerica@example.org,Falkland Islands (Malvinas),2019-01-28,Premium,10635.07
8260,Jeffrey Howard,timothy98@example.com,United Arab Emirates,2015-09-24,Standard,54119.63
8261,Michael Gardner,carl96@example.net,Costa Rica,2021-02-01,Basic,35124.22
8262,Karen Barnes,kristinehardin@example.net,Namibia,2020-11-02,Standard,46115.23
8263,Kayla Moon,xrodriguez@example.net,Italy,2019-10-11,Standard,68259.18
8264,Christopher Perez,hilljean@example.org,Canada,2021-05-24,Standard,21353.91
8265,Rachel White,james75@example.net,Samoa,2015-08-28,Basic,44941.85
8266,Annette Simmons,ashley97@example.org,Macao,2022-01-19,Premium,8171.03
8267,Bryan Santiago,halexander@example.com,Cook Islands,2020-01-24,Basic,25719.8
8268,Ethan Maddox,wheelerrichard@example.net,Saint Pierre and Miquelon,2019-07-05,Standard,49839.75
8269,Kayla Foster,davisjulie@example.org,Mongolia,2020-08-29,Standard,27463.61
8270,David Espinoza,benjamin26@example.net,Rwanda,2017-01-24,Standard,11136.93
8271,Mary Eaton,marvinpeters@example.net,Mauritius,2020-02-10,Standard,54399.72
8272,Julie Walters,nicholastorres@example.net,South Africa,2023-07-12,Standard,30464.5
8273,Timothy Roberts,evanskathleen@example.net,El Salvador,2015-04-17,Standard,30530.75
8274,Cassidy Simpson,bsantiago@example.com,Germany,2020-05-05,Standard,65578.87
8275,Joseph Ortiz,collinsmatthew@example.net,Croatia,2018-04-19,Premium,3451.8
8276,Samantha Chambers,mercerwendy@example.org,Samoa,2018-01-29,Basic,49129.74
8277,Katherine Lopez,tamarahopkins@example.org,Mali,2024-03-06,Premium,16880.55
8278,Mark Collins,tatedustin@example.net,French Polynesia,2025-10-11,Standard,48709.08
8279,John Kelly,armstrongdavid@example.com,Lebanon,2015-06-15,Standard,13707.44
8280,Katie Montoya MD,jennifer29@example.com,Belgium,2023-09-22,Basic,38518.36
8281,Alexandria Nixon,emilydixon@example.org,Argentina,2015-01-15,Basic,65801.92
8282,Anthony Moore,ronald52@example.org,Niue,2019-08-14,Basic,73539.8
8283,Beth Hernandez,shernandez@example.org,Kyrgyz Republic,2022-07-16,Standard,45063.0
8284,Christian Lynch,jenniferhardin@example.com,Italy,2023-07-09,Standard,72906.69
8285,Debbie Lowery,dpatton@example.org,Kazakhstan,2016-07-30,Premium,10384.28
8286,Jessica Jones,knightrobin@example.com,Saint Barthelemy,2017-02-26,Premium,30721.38
8287,Karen Maddox,rebekahbeard@example.net,Bulgaria,2018-12-09,Standard,8571.22
8288,Dr. Jody Scott,stephenhester@example.com,Oman,2016-07-27,Basic,49555.17
8289,Sarah Barker,melissa69@example.org,Portugal,2017-01-11,Standard,41528.01
8290,Nathan Wilkinson,masontony@example.com,United States Virgin Islands,2015-02-23,Standard,11837.98
8291,Pam Ward,ricerebecca@example.org,Dominica,2024-09-18,Standard,35460.42
8292,Julie Adams,xjones@example.com,Belgium,2021-10-18,Standard,14647.21
8293,James Calderon,kathleensmith@example.org,Switzerland,2015-01-06,Standard,22462.73
8294,Steven Mann,mccormickkari@example.org,Jordan,2023-06-05,Standard,3166.28
8295,Stephanie Black,patrickjames@example.com,Uruguay,2024-01-01,Standard,34064.74
8296,Joshua Butler,howekevin@example.org,Namibia,2023-10-08,Premium,28133.67
8297,Charles Valencia,glenn78@example.org,Kiribati,2017-10-05,Premium,8880.73
8298,Mrs. Stephanie Rodriguez,thomas12@example.com,Poland,2024-07-25,Standard,2470.17
8299,Jacob Russell,whitneyanderson@example.com,Namibia,2018-07-29,Basic,23752.79
8300,David Anderson,braunjesse@example.org,Trinidad and Tobago,2025-05-27,Basic,70790.01
8301,Mike Fuentes,jperez@example.net,Nauru,2020-12-13,Premium,57519.22
8302,Yvonne Vang,millerandrew@example.org,Namibia,2015-02-01,Standard,69284.3
8303,Joseph Rivera,brittany35@example.net,Colombia,2016-04-26,Basic,32891.88
8304,Danielle Kerr,sean88@example.org,French Southern Territories,2019-01-12,Standard,70216.62
8305,Manuel Martinez,uferguson@example.org,Croatia,2015-06-17,Basic,41850.21
8306,Rachel Hernandez,angelamoore@example.org,Niger,2017-09-11,Standard,34961.0
8307,Michael Ellis,christopher38@example.com,Australia,2015-03-12,Premium,69515.91
8308,Francis Shaffer,roblesmatthew@example.com,Libyan Arab Jamahiriya,2018-05-14,Basic,2023.79
8309,Corey Phillips,mccallrobert@example.net,Armenia,2024-09-20,Premium,21755.46
8310,Amanda Atkinson,brandy14@example.net,Bosnia and Herzegovina,2018-05-19,Basic,24874.77
8311,John Garcia,apalmer@example.com,Sao Tome and Principe,2023-07-07,Premium,25135.5
8312,Dalton Reyes,smithmartha@example.com,Sao Tome and Principe,2023-07-14,Premium,57217.91
8313,Mrs. Lisa Taylor,jerry37@example.org,Chad,2017-12-11,Basic,69755.16
8314,Sarah Watts,james24@example.com,Falkland Islands (Malvinas),2023-12-21,Standard,41786.35
8315,Karen Sampson,samanthagray@example.net,Germany,2022-01-19,Standard,55024.1
8316,Donna Clay,robertmartin@example.org,Bahamas,2015-12-15,Premium,2971.85
8317,Paula Esparza,joe40@example.org,Netherlands Antilles,2025-05-22,Standard,50641.57
8318,Mr. Thomas Gomez,bjohnson@example.net,Eritrea,2017-06-28,Standard,1937.32
8319,Daniel Hensley,angela67@example.net,Sudan,2025-03-27,Basic,37454.71
8320,Russell Stein,qfranklin@example.com,Bangladesh,2015-04-13,Standard,53350.04
8321,Nathan Duncan,danielvelez@example.com,Papua New Guinea,2021-04-05,Standard,17244.0
8322,John Mitchell,murphylaura@example.net,Greece,2016-08-20,Standard,8876.8
8323,Felicia Nelson,ortizbruce@example.com,Italy,2021-12-16,Premium,61837.08
8324,Whitney Murray,macdonaldcharles@example.net,Guyana,2017-10-23,Basic,53974.66
8325,William Greene,ndrake@example.net,Haiti,2024-03-20,Basic,67813.5
8326,Chase Mercado,vwebb@example.com,Albania,2015-02-26,Basic,44820.53
8327,Kristin Collins,ncox@example.org,Slovenia,2018-08-16,Standard,25062.04
8328,Autumn Mclaughlin,marcus16@example.com,Croatia,2023-10-18,Basic,68643.75
8329,Melissa Lawrence,aprilyoung@example.com,Afghanistan,2022-10-29,Standard,43019.34
8330,Jesse Allison,iarnold@example.net,Poland,2018-02-13,Basic,40968.66
8331,Wendy Henry,tracy19@example.net,Mauritius,2015-01-03,Standard,67135.76
8332,Samantha Walters,brettgonzales@example.net,Uzbekistan,2019-10-27,Basic,45305.03
8333,John Dunn,graymichele@example.com,Bolivia,2018-05-05,Standard,3900.71
8334,Christina Smith,sarahmartin@example.com,French Guiana,2021-10-25,Standard,11703.66
8335,Alex Curtis,gjackson@example.org,Israel,2019-03-26,Basic,32329.02
8336,Leslie Torres,cummingsanthony@example.net,Reunion,2018-09-20,Premium,3873.2
8337,Tammy Carlson,jenniferdixon@example.org,Christmas Island,2020-01-27,Standard,18234.31
8338,Peter Wiggins,marthacannon@example.org,Djibouti,2025-01-08,Basic,28001.28
8339,Brian Wu,juliastewart@example.net,Belize,2016-08-12,Premium,30080.72
8340,Jessica Thompson,michaelschmidt@example.com,Djibouti,2017-07-01,Standard,7219.2
8341,Kim Anderson,nguyenjeffrey@example.com,Burundi,2018-05-09,Standard,42120.37
8342,Andrew Reid,onealsamantha@example.org,United States Virgin Islands,2016-07-27,Standard,41499.82
8343,Daniel Fox,michaelcharles@example.org,Chad,2020-09-28,Standard,47717.62
8344,Dennis Gonzalez,ibell@example.org,Bahamas,2019-06-21,Standard,36048.57
8345,Jeremy Fowler,gregory05@example.net,Austria,2021-11-15,Standard,12264.49
8346,Thomas Miller,gwilson@example.org,Malawi,2018-05-19,Basic,22358.13
8347,Lori Miller,hoodmelissa@example.com,Angola,2024-08-22,Standard,62842.94
8348,Elizabeth Martin,jessicacooper@example.org,Brazil,2024-10-29,Basic,24402.37
8349,Susan Bryant,brian82@example.com,Lao People's Democratic Republic,2022-07-29,Basic,39979.91
8350,Chloe Brown,asanchez@example.com,Nicaragua,2025-02-07,Standard,55860.01
8351,Diane Best,gpruitt@example.net,Bermuda,2020-09-29,Standard,16141.24
8352,Jacob Turner,patrick88@example.org,Solomon Islands,2015-11-24,Premium,2635.25
8353,Paul Brown MD,lauraphillips@example.net,Dominican Republic,2016-03-29,Standard,9669.92
8354,Kyle Velasquez,orogers@example.com,Samoa,2025-07-26,Basic,25815.1
8355,Thomas Kennedy,gomezkathy@example.net,Congo,2018-09-03,Basic,45126.36
8356,Mary Parker,alexander91@example.com,Mexico,2018-02-28,Standard,23820.57
8357,Nicholas Lee,rconrad@example.org,Norfolk Island,2015-04-28,Basic,43975.69
8358,Maureen Rose,william11@example.net,Holy See (Vatican City State),2021-04-25,Standard,62598.7
8359,John Ruiz,ramosshannon@example.com,Japan,2018-02-10,Basic,1367.24
8360,Jessica Anderson DVM,brownlisa@example.com,Bosnia and Herzegovina,2017-09-06,Standard,34050.34
8361,Dominique Strickland,wrightthomas@example.net,Saint Martin,2022-05-15,Basic,16163.9
8362,Justin Rice,morrismaria@example.com,Mauritania,2022-07-30,Premium,59663.41
8363,Nathan Galvan,bwu@example.net,Afghanistan,2025-06-10,Standard,27073.02
8364,Joseph Sanchez,dmurphy@example.net,Kazakhstan,2022-03-06,Standard,6421.87
8365,Joseph Green,joel94@example.com,Isle of Man,2020-11-21,Standard,60829.65
8366,Carol Ross,mwise@example.com,Bhutan,2015-03-24,Standard,3695.24
8367,Melissa Rodriguez,amandamclean@example.org,Fiji,2019-11-18,Basic,10701.65
8368,Shelley Newman,floresmatthew@example.org,Montserrat,2022-09-27,Standard,67885.37
8369,Sarah Moore,rruiz@example.com,Benin,2016-10-08,Standard,7025.78
8370,Joseph Jacobs,zwilson@example.com,Angola,2016-10-04,Premium,22337.94
8371,Daniel Wilson,emason@example.net,Latvia,2015-04-19,Standard,62234.22
8372,Rachel Wade,ashleyallen@example.net,Azerbaijan,2021-01-27,Standard,30693.5
8373,Joanne Kennedy,angela00@example.net,Norway,2016-05-03,Basic,13468.3
8374,Jason Lopez,anthony46@example.net,Hungary,2016-12-22,Standard,18245.16
8375,April Stephenson,butlerashley@example.org,Suriname,2017-05-09,Basic,28838.12
8376,Jacob Moore,ogonzalez@example.net,Estonia,2015-01-21,Standard,74291.2
8377,Matthew Baker,perkinsglenn@example.com,Swaziland,2024-03-10,Standard,73968.64
8378,Walter Frank,simpsonyolanda@example.org,Western Sahara,2017-06-01,Standard,2718.02
8379,Mr. Philip Johnson PhD,rachel30@example.org,Peru,2016-10-04,Premium,17489.45
8380,Erin Charles,bcampbell@example.com,Marshall Islands,2023-10-01,Standard,22829.76
8381,Ricardo Williams,christopherdeleon@example.net,French Polynesia,2017-01-27,Basic,27032.31
8382,Sara Martinez,robin50@example.org,Swaziland,2022-07-13,Standard,31494.52
8383,Frank Doyle,smithjonathan@example.net,Cyprus,2017-09-07,Standard,8191.66
8384,Brittany Medina,milleraustin@example.net,Solomon Islands,2021-12-10,Standard,16070.57
8385,Susan Roman,lmayer@example.org,Liberia,2015-12-14,Standard,45413.6
8386,Meghan Coleman,tarmstrong@example.com,Germany,2022-03-31,Standard,404.11
8387,Ashley Avila,ydyer@example.com,Cambodia,2022-04-08,Premium,53227.8
8388,Robert Graham,vsanchez@example.net,Kiribati,2016-08-21,Standard,7683.89
8389,Maria Aguilar,melissahopkins@example.org,Norfolk Island,2023-01-09,Standard,25703.27
8390,Brian Mcdowell,drakewilliam@example.org,Denmark,2020-07-09,Basic,21237.78
8391,Jimmy Escobar,garzajames@example.com,Jamaica,2018-12-20,Premium,55562.16
8392,Karen Ortiz,foxwilliam@example.org,Spain,2023-02-26,Basic,23355.55
8393,James Smith,santosshannon@example.org,Zambia,2024-02-08,Standard,74813.19
8394,Michael Mcclain,amber93@example.net,Brazil,2018-03-16,Basic,17211.11
8395,Karen Nichols,dadams@example.net,Zimbabwe,2024-01-06,Basic,25973.62
8396,Timothy Nelson,joshuawhite@example.net,Mali,2017-08-17,Basic,10469.55
8397,William Edwards,brownstephen@example.org,Liechtenstein,2022-01-14,Premium,29034.04
8398,Jeffrey Luna,lawrenceperkins@example.org,Switzerland,2020-12-29,Standard,68724.66
8399,Andrea Coleman,evansmith@example.net,Costa Rica,2019-03-24,Basic,21543.57
8400,Melinda Murphy,jesus01@example.org,Bulgaria,2024-05-24,Standard,55110.29
8401,Robin Richards,iwong@example.com,Montserrat,2023-04-20,Standard,1210.43
8402,Jennifer Ashley,kylenichols@example.com,Norway,2023-06-28,Premium,22354.2
8403,Amanda Walker,reevesamanda@example.com,Bulgaria,2022-11-04,Standard,50906.52
8404,Craig Hull,karen18@example.org,Sierra Leone,2022-07-07,Basic,69019.75
8405,Chad Cline,holtrichard@example.com,Ireland,2025-11-13,Standard,37546.76
8406,Sean Graham,qdiaz@example.org,Finland,2015-08-28,Standard,32243.83
8407,Miguel Mayer,newmanjason@example.com,Ethiopia,2022-04-08,Standard,49497.8
8408,Joanne Coleman,robert12@example.org,Reunion,2016-05-27,Basic,31502.26
8409,Lee Daniel,treynolds@example.org,Gibraltar,2021-03-18,Premium,43268.52
8410,Ronald Zamora,davidwright@example.org,Qatar,2018-08-08,Premium,52596.92
8411,Angela Aguilar,pfox@example.net,Tunisia,2022-06-05,Standard,4357.07
8412,Amber Cobb,barbarahamilton@example.net,Christmas Island,2015-09-03,Premium,54171.75
8413,Alan Patrick,carrillodawn@example.org,Yemen,2022-07-28,Standard,18631.51
8414,Robert Joseph,richardstone@example.net,France,2021-02-18,Premium,36014.92
8415,Donna Taylor,ronaldolson@example.com,Liechtenstein,2019-05-02,Standard,33274.48
8416,Tyler Rivera,sampsonashley@example.com,Zambia,2019-10-18,Standard,35967.3
8417,Denise Wolf,efernandez@example.org,Korea,2016-09-11,Standard,18644.06
8418,Amanda Jones,racheldavis@example.com,Bouvet Island (Bouvetoya),2021-01-17,Standard,36600.51
8419,Mr. Kevin Dudley,joseph28@example.org,Myanmar,2024-09-29,Standard,11859.6
8420,Todd Thompson,awilliams@example.com,Chad,2020-10-17,Premium,61450.47
8421,Mary Watson,sheila47@example.org,Chad,2019-02-14,Basic,48622.33
8422,Jeremy Krause,reyesbrad@example.org,Hong Kong,2015-12-10,Standard,68393.21
8423,Catherine Thomas,zlittle@example.net,Liberia,2021-10-19,Premium,63473.78
8424,Christina Bentley,beckypierce@example.net,Guam,2015-04-29,Standard,1862.62
8425,Amber Shaw,shelly94@example.net,Cocos (Keeling) Islands,2024-04-23,Basic,18551.88
8426,Roger Fleming,jonesallison@example.org,Tajikistan,2021-05-22,Standard,68147.71
8427,Derrick Hayes,hendersonkaren@example.net,Croatia,2022-10-25,Basic,42453.8
8428,Deborah Allen,johnsonhannah@example.org,Luxembourg,2022-10-27,Premium,18435.91
8429,Tara Gonzales,hartbenjamin@example.org,Burundi,2019-11-27,Premium,10954.29
8430,James Parker,julian49@example.net,Greece,2020-08-19,Standard,49488.24
8431,Lisa Campos DDS,loribrown@example.org,Barbados,2017-05-04,Basic,28654.21
8432,Jack Carter,markkelley@example.com,Bermuda,2025-10-25,Premium,36036.4
8433,John Washington,francojessica@example.org,Congo,2020-07-03,Standard,19524.64
8434,Kelly Harper,dorothyallen@example.net,Chile,2022-08-29,Standard,15327.48
8435,Susan Colon,grosschristopher@example.net,Liechtenstein,2015-10-21,Standard,25851.76
8436,Matthew Williams,wking@example.org,Hungary,2017-05-11,Basic,25726.83
8437,Steven Mccoy,garywalker@example.com,Hungary,2016-01-22,Basic,10674.71
8438,Nicholas Jefferson,nicholas29@example.com,Falkland Islands (Malvinas),2024-10-06,Premium,20790.62
8439,Donna Olson,ericcoleman@example.com,Canada,2018-12-17,Premium,29240.68
8440,Danielle Sanchez,julie26@example.org,Sierra Leone,2018-04-14,Standard,32240.78
8441,Melissa Robinson,edwardgriffin@example.com,Bolivia,2023-11-23,Standard,33522.45
8442,Dr. Zachary Gomez II,emily17@example.org,Anguilla,2019-02-19,Basic,65394.96
8443,Renee Pham,simonzachary@example.org,Saint Barthelemy,2017-01-19,Premium,11051.37
8444,Michelle Pineda,jessica24@example.org,Sudan,2018-11-15,Basic,23865.22
8445,Linda Zavala,lisa75@example.org,Burundi,2017-10-16,Standard,60632.94
8446,Katie Hernandez,briannatate@example.net,Mexico,2022-07-18,Standard,62623.1
8447,Alexander Mccormick,cherylrussell@example.com,Martinique,2019-04-30,Standard,69793.83
8448,Bradley Ayers,joseph94@example.com,Faroe Islands,2017-12-01,Standard,73312.73
8449,Brenda Forbes,fmorse@example.org,Japan,2021-08-08,Standard,38470.37
8450,Carla Hall,amanda37@example.net,Guinea,2024-02-17,Standard,12560.33
8451,Michael Little,travispeterson@example.org,Nepal,2019-02-14,Basic,21776.44
8452,Steven Rodriguez,hrivera@example.org,Tokelau,2019-07-25,Basic,1870.6
8453,Darlene Hurley,wwallace@example.com,Antigua and Barbuda,2025-10-01,Standard,23788.88
8454,Brian Dillon,warddebbie@example.net,Mauritius,2021-05-13,Standard,9938.64
8455,David Leach,michaeljackson@example.net,Palau,2025-06-01,Standard,28885.04
8456,Gabrielle Martinez,kathryn41@example.org,Romania,2024-03-06,Standard,8461.82
8457,Monica Miller,scottunderwood@example.org,Anguilla,2023-08-04,Standard,65011.01
8458,Madison Anderson,millersherri@example.org,Svalbard & Jan Mayen Islands,2019-09-08,Premium,33686.43
8459,Carrie Martinez,champton@example.com,Mauritania,2025-08-05,Basic,13654.4
8460,William Hays,afisher@example.com,Andorra,2015-03-31,Standard,24138.36
8461,Valerie Roman,mlang@example.net,New Zealand,2017-06-01,Standard,43926.93
8462,Jody Finley,johnstoncolleen@example.com,Montserrat,2024-09-19,Standard,65830.84
8463,Angela Cordova,christinefox@example.net,Pakistan,2016-03-27,Premium,10041.53
8464,Scott Flores,dustinramos@example.org,Brunei Darussalam,2022-05-14,Standard,65183.57
8465,Jasmine Roberts,rlee@example.net,Brunei Darussalam,2016-08-26,Standard,576.68
8466,Timothy Anthony,abbottmary@example.org,Cook Islands,2020-07-14,Basic,22129.88
8467,Kyle Tapia,petersendoris@example.com,Hong Kong,2022-09-25,Standard,73801.46
8468,Michael Rodriguez,morganvirginia@example.com,French Polynesia,2023-03-09,Basic,52517.8
8469,Patricia Short,mrobles@example.org,Congo,2018-11-13,Standard,21693.87
8470,Paula Ho,bhoffman@example.net,Andorra,2020-03-14,Basic,54297.21
8471,Adrian Campbell,gonzalezethan@example.org,Samoa,2016-04-21,Basic,10486.29
8472,Joseph Barton,michele39@example.org,Cook Islands,2022-05-08,Basic,22025.18
8473,Debra Stevens,ibarramargaret@example.com,Croatia,2017-07-31,Premium,2060.99
8474,Kendra Keller,craigmartin@example.net,Algeria,2016-01-19,Standard,39845.06
8475,Shawn Nelson,johnfisher@example.com,Antigua and Barbuda,2024-06-06,Standard,41773.67
8476,Alisha Montes,jhernandez@example.net,Norfolk Island,2016-08-12,Basic,73882.05
8477,Michelle Jackson,meghanroth@example.org,Armenia,2022-03-27,Basic,14681.82
8478,Ivan Garcia,vkaufman@example.net,Liechtenstein,2015-08-18,Basic,11915.49
8479,Elizabeth Olson,campbellemily@example.org,Reunion,2018-01-09,Basic,52479.08
8480,Jeffrey Foley,zbass@example.com,Paraguay,2019-06-05,Standard,53903.14
8481,Ashley Johnson,matthew19@example.net,Togo,2019-12-29,Standard,57503.81
8482,Michelle Ramirez,robinreyes@example.net,Sri Lanka,2022-01-25,Premium,14985.49
8483,John Green,lrowe@example.net,Philippines,2024-09-04,Standard,10761.7
8484,John Gray,jamesweiss@example.com,United States of America,2019-10-13,Basic,60648.89
8485,Amanda Bates,lisa48@example.org,Belize,2016-07-20,Standard,8683.57
8486,Thomas Leon DDS,julie36@example.org,South Georgia and the South Sandwich Islands,2015-04-21,Basic,61951.74
8487,Jennifer Graham DDS,bwalker@example.com,Cook Islands,2024-12-29,Basic,63115.61
8488,Christian Eaton,timothy84@example.net,Dominican Republic,2018-04-11,Basic,50772.71
8489,Kyle Wallace,garciajason@example.net,Nicaragua,2019-05-08,Standard,20314.53
8490,Ashley Thomas,madison88@example.org,China,2024-10-02,Basic,58049.3
8491,Christine Jarvis DDS,alyssa23@example.com,Tonga,2023-06-11,Standard,15543.31
8492,Carlos Holloway,douglasturner@example.org,British Virgin Islands,2022-07-30,Standard,63721.37
8493,Donald Mcbride,patriciacox@example.com,Slovenia,2023-11-10,Standard,1964.84
8494,Jeffrey Fisher,orodriguez@example.org,Guinea-Bissau,2022-10-02,Standard,70403.23
8495,Mrs. Cynthia Thompson,weaverjimmy@example.net,Mauritania,2023-02-12,Standard,30559.01
8496,Tara Stephenson,wrightcraig@example.net,Isle of Man,2017-04-27,Basic,6663.1
8497,Jeffrey Holmes,margaretlong@example.net,Moldova,2022-03-06,Standard,63923.64
8498,Patrick Reed,griffinnicole@example.net,Zambia,2018-03-17,Standard,45592.57
8499,Meredith Wilson MD,jmorse@example.com,Solomon Islands,2021-09-21,Basic,65783.93
8500,Joy Simmons,belliott@example.com,Netherlands Antilles,2019-02-26,Premium,42281.27
8501,Margaret Williams,thomaseverett@example.net,French Southern Territories,2023-01-08,Basic,21174.9
8502,William Ramirez,martincarter@example.com,Lao People's Democratic Republic,2017-02-08,Basic,8750.92
8503,Edward Shepherd,billyrodriguez@example.com,Panama,2023-07-25,Premium,46716.96
8504,David Frost,tarafigueroa@example.net,Belarus,2025-06-08,Basic,68130.23
8505,Carl Baker,fryrobert@example.com,Denmark,2022-04-29,Standard,3981.41
8506,Emily Jones,vfields@example.com,Burkina Faso,2015-11-14,Basic,65627.82
8507,Johnny Armstrong,paigeroman@example.org,Cameroon,2019-05-23,Premium,25052.22
8508,Amber Johnson,jamesknapp@example.com,Kyrgyz Republic,2025-02-01,Premium,26037.3
8509,Alicia Johnson,andersonchristopher@example.com,Turkmenistan,2022-12-11,Standard,51896.5
8510,David Daniels,foleycheryl@example.com,Guadeloupe,2015-07-19,Standard,40681.78
8511,Robert Bass,hmartinez@example.org,Hungary,2020-09-18,Standard,39413.22
8512,Kyle Diaz,julie06@example.com,Korea,2023-03-31,Standard,56860.58
8513,Jane Mccarthy,ntaylor@example.net,Antigua and Barbuda,2015-10-07,Premium,19332.25
8514,Vanessa Marquez,bryan51@example.org,Iran,2017-09-18,Premium,4842.33
8515,Sean Sloan,timothynelson@example.net,Bahrain,2025-01-08,Premium,30573.6
8516,Barbara Thomas,zgonzales@example.net,Lithuania,2017-05-24,Standard,5919.62
8517,Pamela Smith,joseph50@example.com,Northern Mariana Islands,2022-02-11,Basic,14522.18
8518,Renee Garrett,nallen@example.net,Tokelau,2022-03-29,Standard,20764.42
8519,Charlotte Clay,sonya33@example.com,Aruba,2018-08-02,Standard,23444.5
8520,Brittney Clark,obrown@example.org,Norfolk Island,2015-06-22,Standard,3982.92
8521,Mr. John Mccullough MD,allenryan@example.net,Norway,2025-05-05,Standard,1148.66
8522,Alan Espinoza,adamspatrick@example.com,Angola,2019-04-12,Standard,69871.92
8523,George Blake,silvajoshua@example.org,Falkland Islands (Malvinas),2024-06-05,Standard,8471.74
8524,Michael Jones,nmiller@example.org,Colombia,2015-05-28,Basic,41281.39
8525,Jessica Hale,robertthompson@example.com,Guadeloupe,2015-06-02,Premium,69553.82
8526,Jill Torres,harveyjose@example.com,North Macedonia,2025-03-24,Standard,34828.58
8527,Amanda Schultz,hamiltonangel@example.com,Djibouti,2021-10-19,Standard,30508.68
8528,Kevin Davis,fwiley@example.com,Mongolia,2022-11-20,Standard,42016.9
8529,David Hurst,johngonzalez@example.com,South Africa,2019-11-21,Standard,52704.07
8530,Kimberly Adams,jacobyang@example.com,Equatorial Guinea,2025-05-28,Premium,27594.57
8531,Robert Bowers,sullivanbrenda@example.com,Israel,2020-10-20,Standard,73576.21
8532,Rachel Liu,uarnold@example.net,Botswana,2021-05-18,Basic,8683.5
8533,John Pearson,mccoyhannah@example.net,El Salvador,2019-04-28,Standard,62038.48
8534,Jessica Benson,hendersonelizabeth@example.net,Bolivia,2022-12-29,Standard,43540.9
8535,Jeffrey Brown,moorechristina@example.net,Chad,2016-10-16,Standard,49883.67
8536,Deborah Pierce,ejones@example.org,Ireland,2015-06-20,Standard,35867.66
8537,Lee Cabrera Jr.,rowedonna@example.org,Tajikistan,2018-09-25,Basic,64896.6
8538,Keith Hayes,whull@example.net,Italy,2019-03-16,Basic,40339.15
8539,Matthew Smith,hannah60@example.org,Iraq,2021-01-17,Standard,26901.15
8540,Benjamin Collins,ataylor@example.net,Guatemala,2018-09-02,Premium,26246.37
8541,Ryan Jones,warrensoto@example.org,Hong Kong,2019-02-22,Standard,11458.85
8542,Rachel Ochoa,harold28@example.net,French Guiana,2017-10-10,Standard,71401.19
8543,Mr. John Cooper Jr.,ehorne@example.net,Falkland Islands (Malvinas),2023-07-15,Standard,44596.71
8544,Kimberly Davidson,jessica35@example.net,Mexico,2019-05-08,Standard,21351.08
8545,Sabrina Mcgee,sarahcole@example.org,New Zealand,2020-04-01,Standard,10866.46
8546,Brian Martinez,danielwhite@example.org,Guatemala,2018-10-04,Basic,52604.83
8547,Taylor Gordon,silvajames@example.com,North Macedonia,2018-09-14,Standard,5223.55
8548,Tammy Brooks,christopherwalker@example.net,Gabon,2019-10-09,Standard,20259.43
8549,Jessica Owens,ballernest@example.com,Western Sahara,2024-09-29,Standard,36494.59
8550,Bethany Bernard,amycooper@example.org,Chad,2023-09-16,Standard,61155.35
8551,Colleen Lynn,savannah31@example.org,Guyana,2020-10-12,Standard,11583.96
8552,Emily Roth,asoto@example.com,Tunisia,2024-04-05,Standard,12029.87
8553,Lori Duncan,christianatkins@example.org,Andorra,2019-04-23,Standard,36054.49
8554,Andrew Petersen,monica43@example.net,Chad,2022-04-05,Standard,42123.13
8555,Destiny Skinner,noblemary@example.net,Senegal,2022-02-26,Standard,23920.02
8556,Kimberly Horton,james07@example.com,Montserrat,2015-09-08,Standard,55464.26
8557,Deborah Esparza,rperry@example.org,Kenya,2020-10-22,Standard,9652.2
8558,Shawn Richards,whitakercraig@example.net,Turkey,2016-03-12,Standard,22661.86
8559,Dr. Jason Houston,dylanduncan@example.com,Azerbaijan,2021-02-07,Basic,580.26
8560,James Cameron,millerrobert@example.org,Vietnam,2025-04-06,Standard,14485.65
8561,Dana Jackson,briggssteven@example.com,Niue,2025-05-12,Premium,68728.29
8562,Michelle Gibson,charlesmcconnell@example.net,Niger,2024-06-12,Standard,66478.58
8563,Jessica Knox MD,beckronald@example.com,Djibouti,2024-04-17,Premium,34386.83
8564,Steven Johnson,ryanpreston@example.org,Isle of Man,2024-06-21,Standard,64910.93
8565,Chad Ellis,jim99@example.com,Eritrea,2020-04-30,Standard,36412.57
8566,Meghan Hale,edavis@example.net,Ireland,2025-08-27,Standard,69009.08
8567,Ashley Ramirez,denisewilson@example.com,Morocco,2023-07-10,Basic,9285.08
8568,Timothy Williams,kocherica@example.com,New Caledonia,2016-06-09,Standard,10730.59
8569,Taylor Adams,gmorales@example.com,Swaziland,2020-08-26,Standard,36184.68
8570,Caleb Nichols,djohnson@example.org,Switzerland,2023-10-01,Basic,15081.86
8571,Kenneth Brown,jhall@example.net,Jordan,2025-03-05,Standard,894.35
8572,Ian Lam,mvance@example.com,Zambia,2024-04-11,Premium,5720.46
8573,Christopher Williams,chad38@example.com,Sudan,2016-07-30,Premium,64351.82
8574,John Villegas,deborahhernandez@example.com,Chile,2020-06-25,Standard,50716.39
8575,Kevin Klein,wdunlap@example.net,Puerto Rico,2015-08-01,Standard,50916.33
8576,Christopher Wilson,charles00@example.net,Netherlands Antilles,2024-07-08,Standard,49483.85
8577,Ashley Weber,tonyabriggs@example.net,Vanuatu,2020-04-07,Basic,49750.58
8578,Anna Sutton,smithnicole@example.net,Anguilla,2025-05-28,Premium,46523.51
8579,Sean Miller,martinsharon@example.com,Saint Barthelemy,2025-06-25,Basic,67771.01
8580,Michael Hall,mfranklin@example.com,Czech Republic,2022-01-28,Premium,43576.88
8581,Elizabeth Wright,michelle81@example.net,Israel,2022-12-17,Standard,28370.82
8582,Ronald Snow,smithmichelle@example.org,India,2019-06-22,Standard,26402.56
8583,Richard Fleming,timothy08@example.org,Greenland,2018-04-27,Standard,34280.61
8584,Joshua Cantrell,shepardkristina@example.com,Turkey,2022-08-22,Premium,45802.65
8585,Courtney Wise,robertroberts@example.net,Gabon,2017-03-08,Standard,64138.41
8586,Steven Davenport,shane31@example.org,Tuvalu,2015-03-13,Standard,20134.57
8587,Chad Ortiz,mfriedman@example.net,Kenya,2016-10-23,Standard,27656.75
8588,Todd Wells,rdonovan@example.net,Nepal,2025-08-06,Basic,63012.04
8589,Casey Watson,christineshelton@example.com,Cook Islands,2022-08-26,Premium,50666.2
8590,Sabrina Bradley,shannon01@example.net,Uruguay,2020-02-23,Basic,14921.68
8591,Felicia Lucas,sfox@example.net,Suriname,2017-01-16,Standard,71799.8
8592,Robert Ward,melanie28@example.org,Taiwan,2015-11-08,Premium,6846.2
8593,Sharon Hernandez,lidevon@example.org,Mali,2021-12-29,Basic,18479.82
8594,Sue Le,fernandonovak@example.net,Finland,2019-01-22,Basic,34534.44
8595,Jeremiah Waller,tonya10@example.org,Taiwan,2017-09-23,Standard,35998.5
8596,Danielle Evans,elizabeth90@example.org,Turkey,2018-10-02,Standard,57229.16
8597,Amanda Ramos,qpetersen@example.net,North Macedonia,2016-04-13,Standard,48130.35
8598,Latoya Mcintosh,donaldknight@example.org,Bouvet Island (Bouvetoya),2015-06-02,Premium,70865.14
8599,Mike Tanner,zjohnson@example.org,Tuvalu,2015-10-11,Basic,7439.66
8600,Austin Mullins,lauragriffith@example.net,Moldova,2016-09-12,Standard,62203.1
8601,Julie Thomas,ynelson@example.com,New Caledonia,2015-05-14,Standard,2547.07
8602,Aaron Macdonald,davidcannon@example.com,Tajikistan,2021-05-31,Premium,26311.52
8603,Angel Willis,timothyfloyd@example.net,Spain,2024-06-21,Basic,50289.49
8604,Patrick Santos,iroberts@example.com,Zambia,2020-02-10,Standard,25385.74
8605,Jacob Ramos,xlee@example.net,Timor-Leste,2017-04-12,Basic,68908.91
8606,Cheryl Miller,michaelchandler@example.org,Germany,2020-08-11,Standard,21854.42
8607,Julie Flores,larry31@example.org,Central African Republic,2025-01-11,Basic,27022.21
8608,Ashley Reese,amiller@example.net,Colombia,2018-03-07,Premium,14220.11
8609,David Stanley,cindyjohnson@example.com,Jersey,2016-01-09,Standard,35531.53
8610,Joseph Carter,cproctor@example.com,Burkina Faso,2025-11-18,Basic,28984.19
8611,Ricardo Spears,changdaniel@example.com,Nigeria,2019-08-20,Basic,38025.46
8612,Karen Harrington,bmcfarland@example.net,South Georgia and the South Sandwich Islands,2018-03-07,Basic,29203.56
8613,Brad Fitzpatrick,tracyhorton@example.org,Guinea-Bissau,2016-09-30,Standard,18194.87
8614,Carla Morris,owensjessica@example.org,Saudi Arabia,2025-07-27,Premium,15773.22
8615,Samuel Serrano,austinbrown@example.com,Tajikistan,2016-07-22,Basic,37240.42
8616,Christopher Jackson,gjackson@example.org,Norway,2019-02-03,Basic,30723.19
8617,Nancy Perkins,fhart@example.org,Somalia,2018-06-25,Premium,39003.96
8618,Alexander Perez,zhughes@example.net,Romania,2024-08-16,Standard,25147.18
8619,Steven Lane,mbuchanan@example.com,Malta,2023-01-30,Basic,67647.72
8620,Christopher James,toddcaleb@example.net,China,2015-01-11,Standard,9858.04
8621,Michael Carpenter,brownjason@example.org,United States Minor Outlying Islands,2024-11-15,Premium,2820.1
8622,Robert Hayes,christophergomez@example.net,South Georgia and the South Sandwich Islands,2015-03-27,Basic,49422.72
8623,Matthew Smith,dwebster@example.org,Botswana,2015-12-20,Standard,49889.29
8624,Karen Decker,angelagreen@example.com,Libyan Arab Jamahiriya,2023-11-10,Standard,56034.65
8625,Nancy Summers,albert48@example.com,Uzbekistan,2015-04-09,Premium,6679.73
8626,Mrs. Alicia Rodriguez,ehunt@example.org,Latvia,2017-05-03,Standard,25509.55
8627,Devin Montgomery,swebb@example.net,Haiti,2016-04-14,Basic,37289.17
8628,Shannon Franklin,katherinekent@example.com,Moldova,2023-03-08,Standard,48964.75
8629,Valerie Thomas,caitlin33@example.net,Mongolia,2023-02-19,Premium,48461.11
8630,Angela Henry,robertfisher@example.com,Cayman Islands,2025-01-28,Standard,17776.77
8631,Barry Browning,jasminemyers@example.org,Namibia,2017-06-08,Standard,49245.24
8632,Misty Rose,timothystewart@example.net,United States Minor Outlying Islands,2024-05-03,Standard,53529.43
8633,Lawrence Robles,tiffanypatterson@example.net,Niue,2016-01-02,Basic,60933.81
8634,Todd Moore,wanda26@example.net,Israel,2015-06-04,Basic,4500.62
8635,Jessica Johnson,sandra35@example.net,Burundi,2021-09-03,Standard,39592.67
8636,Mr. Derek Campbell,vjones@example.net,Iraq,2019-12-22,Standard,5181.0
8637,Nicholas Morales,timothy48@example.com,Antarctica (the territory South of 60 deg S),2024-01-29,Standard,54602.1
8638,Janet Fritz,perezjeanette@example.com,Iran,2020-12-17,Basic,64057.19
8639,Richard Ramsey,tthomas@example.com,British Indian Ocean Territory (Chagos Archipelago),2022-03-21,Basic,13218.39
8640,Nicholas Pitts,burkebrett@example.net,Eritrea,2022-11-03,Basic,17490.41
8641,Alexis Spencer,hensoncourtney@example.net,Syrian Arab Republic,2021-02-05,Basic,5069.05
8642,Melissa Woodward,rmonroe@example.org,Jersey,2017-01-06,Basic,45110.22
8643,Darrell Morris,wendy43@example.org,Zimbabwe,2023-04-18,Standard,4030.28
8644,Jason Dudley,ycastro@example.net,Uruguay,2022-12-02,Standard,69278.82
8645,Scott Bennett,stephaniecervantes@example.net,San Marino,2019-10-06,Standard,33400.24
8646,Dr. Kelly Abbott,salinasjason@example.org,Latvia,2019-06-02,Premium,57831.0
8647,Ana Brady,vtorres@example.org,Isle of Man,2015-04-12,Standard,68735.2
8648,Eric Watson,usimpson@example.net,Bulgaria,2016-07-28,Standard,60855.39
8649,Alexander Herrera,mary55@example.org,Korea,2019-10-24,Basic,50659.84
8650,Wesley Green,xgarrett@example.net,Cocos (Keeling) Islands,2024-09-13,Standard,26322.06
8651,Justin Wilson,rcollins@example.net,Uganda,2020-02-23,Basic,22906.71
8652,Douglas Gonzalez,kelly51@example.net,Belarus,2023-08-17,Basic,73609.11
8653,Sarah Williams,jeanettehernandez@example.net,Greenland,2018-11-24,Standard,530.0
8654,Jennifer Walter,roberttaylor@example.org,Togo,2024-04-15,Basic,16716.53
8655,Mitchell Francis,qfrench@example.org,Thailand,2025-12-25,Basic,6848.7
8656,Michael Williams,uward@example.net,Vanuatu,2017-05-18,Standard,41248.89
8657,Ashley Russell,dianerasmussen@example.org,Puerto Rico,2015-02-04,Standard,55690.72
8658,Kevin Meyers,wmedina@example.com,Lesotho,2025-06-05,Basic,32590.62
8659,Brandon Meadows,apatterson@example.net,El Salvador,2020-08-25,Standard,33727.88
8660,Timothy Pratt,qcunningham@example.org,Denmark,2021-04-03,Standard,10678.23
8661,Amber Johnson,romeroricky@example.net,Saint Martin,2018-06-17,Standard,9578.2
8662,Rebekah Hall,cynthia14@example.org,Lao People's Democratic Republic,2017-08-11,Premium,31808.76
8663,Daniel Miller,acostasarah@example.org,Canada,2024-09-06,Standard,30762.34
8664,Matthew Cabrera,stephanielewis@example.org,Saint Helena,2023-03-03,Standard,2401.43
8665,Mrs. Sharon Perry,stephaniewilliams@example.net,Uganda,2019-10-16,Premium,60969.01
8666,Jason Blake,kirbykaren@example.org,Russian Federation,2020-09-16,Standard,65041.35
8667,Joshua Pope,joneschris@example.org,North Macedonia,2025-01-25,Standard,30010.1
8668,Brandon Johnson,vrich@example.com,Tunisia,2024-02-02,Premium,39925.09
8669,Michelle Ford,flambert@example.net,Faroe Islands,2017-08-25,Basic,30835.24
8670,Anthony Lowery,morganherrera@example.com,French Guiana,2022-06-16,Standard,39565.85
8671,Katie Dixon,zimmermanjohnny@example.net,Puerto Rico,2023-03-04,Standard,2086.97
8672,James Rogers,montesjoyce@example.com,Switzerland,2023-10-10,Standard,65962.56
8673,Patrick Hill,delacruztodd@example.net,Botswana,2019-07-03,Standard,34626.8
8674,Christopher Jones,angelica63@example.com,Jamaica,2019-10-08,Standard,12128.92
8675,Casey Stewart,samantha59@example.net,Turkmenistan,2024-04-25,Standard,33428.03
8676,Patricia Glass,zmurphy@example.org,Togo,2022-11-04,Standard,1086.68
8677,Shannon Hines,morrowmichael@example.org,Malta,2019-06-15,Standard,33704.08
8678,Diane Mullen,christyjohnson@example.net,Benin,2024-02-29,Premium,29789.22
8679,Jessica Marquez,rthompson@example.org,Mongolia,2025-04-13,Standard,14247.78
8680,Monica Wilkerson,ydavis@example.org,Greece,2023-01-04,Standard,50779.38
8681,Alejandra Mack,tylerburton@example.net,Poland,2020-03-14,Standard,45787.41
8682,Robert Carney,gmcfarland@example.com,Argentina,2024-01-25,Standard,43883.97
8683,Mitchell Owens,seth15@example.com,Solomon Islands,2016-07-09,Standard,40275.68
8684,Janice Vang,barbaracampbell@example.com,Georgia,2020-05-21,Standard,46780.89
8685,Sarah Padilla,doylemary@example.com,Malawi,2025-12-05,Standard,32679.1
8686,Lisa Lyons,rileydavid@example.net,Mexico,2018-04-28,Standard,37326.42
8687,Alyssa Edwards,howardandrew@example.org,Swaziland,2025-03-25,Premium,62935.7
8688,Ryan Franco,jessicapeterson@example.org,Azerbaijan,2020-12-19,Standard,71979.5
8689,Jackson Wright,pburnett@example.org,Afghanistan,2015-10-24,Premium,2442.14
8690,Carla Jenkins,nbarnes@example.net,Italy,2018-04-06,Basic,70603.98
8691,Kristen Vincent,colemankelly@example.org,Malawi,2025-01-01,Premium,33201.05
8692,William Guerrero,smithdiana@example.net,Nicaragua,2020-05-31,Basic,29217.99
8693,Kathleen Thompson,michael57@example.org,Wallis and Futuna,2015-10-14,Standard,14338.21
8694,Dale Campbell,gonzalesnicole@example.net,Australia,2025-09-25,Basic,10645.87
8695,Matthew Sampson,coconnell@example.com,Turkmenistan,2019-06-12,Basic,26597.85
8696,Marissa Maynard,mary43@example.net,Libyan Arab Jamahiriya,2020-12-22,Standard,7187.74
8697,James Jordan,vyoder@example.org,Mongolia,2024-06-08,Standard,48709.47
8698,Stephanie Crosby,ygriffith@example.net,Pakistan,2015-06-11,Basic,39537.26
8699,Tammy King,maddoxlindsay@example.org,Guinea-Bissau,2023-09-05,Premium,48948.75
8700,Richard Santos,sharon64@example.org,Romania,2017-01-22,Premium,53950.35
8701,Tyler Reed,potterrichard@example.com,Heard Island and McDonald Islands,2022-02-28,Standard,44678.85
8702,Jorge Cruz,stephenmorgan@example.org,United States Virgin Islands,2021-04-17,Standard,71105.09
8703,Amanda Perkins,patriciamoore@example.org,Bermuda,2022-03-04,Basic,36972.83
8704,Bryan Bell,royhenry@example.org,Russian Federation,2017-08-12,Standard,3971.76
8705,Mr. Christopher Jones,david92@example.com,Samoa,2021-08-12,Standard,58102.12
8706,Cynthia Smith,mwilliams@example.net,Niger,2023-03-14,Standard,9480.97
8707,Brett Davis,crystalcarroll@example.com,Sierra Leone,2015-02-24,Basic,25657.18
8708,Teresa Jordan,brooke12@example.org,Algeria,2024-05-15,Premium,38161.39
8709,Kaitlyn Kelly,pturner@example.com,Yemen,2016-12-01,Standard,37132.22
8710,Amanda Foster,derrickgutierrez@example.net,Singapore,2019-07-03,Standard,72685.68
8711,Jeffrey Mckay,moorekimberly@example.org,French Southern Territories,2016-09-03,Standard,45154.32
8712,Oscar Weaver,collinsmary@example.org,Ecuador,2024-07-17,Basic,12363.31
8713,Miguel Garcia,ryan22@example.com,Heard Island and McDonald Islands,2024-03-16,Standard,45453.43
8714,Shelby Porter,theresasmith@example.com,Falkland Islands (Malvinas),2019-04-24,Premium,42169.31
8715,Brian Craig,qmartin@example.net,Libyan Arab Jamahiriya,2023-10-10,Standard,3378.12
8716,Chelsea Anderson,marcus81@example.org,Serbia,2015-03-23,Basic,48010.66
8717,Belinda Burton,raguirre@example.net,American Samoa,2023-10-23,Basic,60975.87
8718,Sheena Trujillo,rojasangela@example.org,Saint Pierre and Miquelon,2022-12-20,Standard,29020.88
8719,Nicholas Williams,xthomas@example.net,Benin,2024-01-10,Standard,19652.29
8720,Deborah Pope,sestes@example.com,South Africa,2020-04-07,Standard,27420.13
8721,Antonio King,dawnmccann@example.net,Central African Republic,2018-03-26,Basic,55174.58
8722,Micheal Butler,jeffreyramos@example.com,North Macedonia,2018-08-30,Basic,52372.14
8723,Michael Powers,suarezjeffrey@example.net,Ukraine,2016-01-12,Standard,58696.62
8724,John Valdez,isaac32@example.com,Cook Islands,2018-06-03,Basic,57257.35
8725,Karen Phillips,ericjenkins@example.com,Bahrain,2021-09-13,Standard,49835.06
8726,Joshua Allen,david54@example.net,Peru,2023-09-18,Standard,30748.5
8727,James Morris,wesleycox@example.com,Guernsey,2023-01-29,Basic,19364.48
8728,Gina Duncan,grossmegan@example.net,Mongolia,2023-11-06,Standard,67765.55
8729,Amy Galvan,qstevens@example.com,Samoa,2017-11-02,Standard,48534.11
8730,Hannah Glenn,jason91@example.org,Sao Tome and Principe,2018-09-14,Basic,16610.52
8731,Sara Walker,trujillolori@example.org,Saint Pierre and Miquelon,2022-05-08,Basic,21231.38
8732,Angela Lopez,wgarcia@example.net,Uganda,2021-01-06,Standard,41285.74
8733,Charles Dougherty,rclark@example.org,Northern Mariana Islands,2025-05-26,Standard,31557.77
8734,Ricky Bates,jefferydavis@example.com,Greece,2023-05-20,Basic,15097.34
8735,Brenda Mason,riddlerebecca@example.com,Spain,2023-10-27,Basic,38124.07
8736,Shelly Payne,ajones@example.com,Equatorial Guinea,2017-07-25,Standard,55670.35
8737,Amanda Logan,brownsarah@example.com,Isle of Man,2022-05-06,Standard,69530.47
8738,Troy Jones,christylynn@example.com,Cape Verde,2016-10-17,Standard,32314.72
8739,Shawn Townsend,paulayala@example.net,Guernsey,2017-06-03,Basic,62451.34
8740,Michael Jordan,heather92@example.org,Guyana,2018-05-12,Standard,29524.87
8741,Justin Cox,jwinters@example.com,Kyrgyz Republic,2015-05-01,Standard,18215.23
8742,Jennifer Stanley,meltonrachel@example.org,Israel,2020-04-20,Basic,60902.45
8743,Holly Clark,billaustin@example.com,Israel,2025-05-13,Standard,35457.22
8744,William Tanner,kristina70@example.org,Burkina Faso,2017-09-25,Standard,45768.85
8745,Alexandria Pierce,alvarezsharon@example.net,Malaysia,2019-08-01,Standard,66315.68
8746,Charles Martinez,william99@example.org,Turkmenistan,2017-06-13,Basic,45853.78
8747,Jose Cook,qwagner@example.com,Costa Rica,2018-05-16,Standard,48749.89
8748,Zachary Hall,slozano@example.com,Kazakhstan,2019-10-30,Standard,73160.91
8749,Adam Lopez,mpreston@example.com,Mongolia,2024-09-19,Basic,51865.53
8750,Teresa Short,harrisscott@example.org,Russian Federation,2023-07-23,Standard,26863.32
8751,Tammy Ray,cfigueroa@example.org,Colombia,2023-12-20,Basic,23093.72
8752,George Fox,jamesjensen@example.net,Saint Vincent and the Grenadines,2015-05-11,Premium,74590.83
8753,Andrew Weaver,brandon26@example.org,Nigeria,2019-07-01,Standard,40017.87
8754,David Edwards,nelsonmelissa@example.com,Kazakhstan,2015-02-03,Standard,55028.02
8755,Elaine Hudson,david83@example.com,Malaysia,2016-12-06,Premium,14981.26
8756,Abigail Carpenter,willisjames@example.org,Kazakhstan,2023-07-04,Basic,56922.33
8757,Dominique Hardy,alvarezmichael@example.com,Bulgaria,2020-03-29,Standard,3664.46
8758,Sandy Hall,simskathryn@example.com,Gibraltar,2020-06-30,Standard,68622.2
8759,Frank Santana,brentjohnston@example.com,Uzbekistan,2021-08-14,Basic,63379.09
8760,Nicholas Booth,batesthomas@example.net,Lebanon,2025-05-04,Standard,47711.48
8761,Cristian Shields,nicolewilson@example.net,Guadeloupe,2022-09-09,Standard,47259.22
8762,Kathryn Clark,mclark@example.net,Tonga,2015-04-28,Premium,42276.55
8763,Kayla Cooper,rmarshall@example.org,Norfolk Island,2021-04-09,Premium,10543.62
8764,Edgar Cohen,johntaylor@example.net,Poland,2015-06-07,Basic,8467.92
8765,Tara Gonzales,adam09@example.com,Rwanda,2022-02-18,Standard,51762.29
8766,Vanessa Brown,craigpeter@example.net,Norway,2015-04-05,Premium,74436.17
8767,Andrea Mcpherson,richardsnorma@example.com,Central African Republic,2016-01-21,Standard,71966.75
8768,Joan Gonzalez,griffinpeter@example.net,Saint Lucia,2024-12-02,Standard,25920.47
8769,Dan Villegas,paul10@example.net,Korea,2021-09-09,Premium,68186.96
8770,Nina Jackson,qatkinson@example.net,British Virgin Islands,2022-07-16,Standard,51362.56
8771,Gabriel Dillon,jeffreygreene@example.com,Saint Barthelemy,2023-06-02,Standard,61871.22
8772,Andrew Weber,stephanie18@example.com,Israel,2023-07-04,Standard,64420.82
8773,Cynthia Orr,danieljimenez@example.net,Australia,2023-02-03,Standard,6130.53
8774,Jesse Mccall,darlene09@example.net,Equatorial Guinea,2016-08-05,Basic,7767.63
8775,Logan Howard,gonzaleztracy@example.com,Haiti,2015-04-30,Standard,26606.31
8776,Kyle Walters,michaelparrish@example.net,Angola,2019-07-01,Standard,65203.06
8777,Susan Lucas,castanedajames@example.net,Bulgaria,2024-02-29,Standard,66397.72
8778,Brittney Allen,bentleyjamie@example.com,Madagascar,2024-06-04,Standard,41464.21
8779,Cynthia Crawford,jbuchanan@example.net,New Caledonia,2024-01-15,Standard,67981.77
8780,Nicholas Garcia,debbie79@example.net,Panama,2015-07-29,Standard,8547.96
8781,Sarah Martin,kimberlywilson@example.com,Antarctica (the territory South of 60 deg S),2020-12-04,Standard,37319.29
8782,Amber Marquez,erikacraig@example.com,Dominican Republic,2018-12-04,Standard,53689.7
8783,Angela Miller,trevinojessica@example.com,Cote d'Ivoire,2015-11-25,Standard,25831.06
8784,Wendy Shaffer PhD,martinmegan@example.org,Lao People's Democratic Republic,2025-12-14,Standard,56805.77
8785,Kimberly Garcia,johnrobinson@example.com,Equatorial Guinea,2025-03-11,Premium,45371.23
8786,Charles Quinn,adkinserin@example.net,Bouvet Island (Bouvetoya),2018-08-20,Standard,43948.87
8787,Cassandra Rodriguez,stephanie76@example.com,Pakistan,2025-02-11,Premium,35878.58
8788,Jeffrey Smith,shernandez@example.com,Turkmenistan,2019-01-04,Basic,25965.5
8789,Daniel Edwards,caleblopez@example.org,Honduras,2022-09-21,Standard,51398.67
8790,Barbara Baker,zavalajulie@example.com,Finland,2023-07-30,Standard,2585.98
8791,Travis Lopez,vegajonathan@example.org,Puerto Rico,2021-02-05,Standard,35674.5
8792,Devin Howard,mdavis@example.com,Suriname,2017-03-29,Basic,31326.05
8793,David Marshall,jeffhunt@example.com,New Caledonia,2016-01-27,Standard,18950.94
8794,Samantha Brock,colleenjackson@example.net,Taiwan,2015-12-22,Basic,10744.69
8795,James Alexander,harperashley@example.com,Costa Rica,2019-03-15,Standard,62326.54
8796,Victoria Gomez,crawforddavid@example.net,Ghana,2023-07-21,Basic,54005.85
8797,Sarah Gregory,brookssandra@example.com,Burkina Faso,2019-10-09,Basic,12717.27
8798,Kenneth Wright,goldenwilliam@example.org,Costa Rica,2023-06-13,Standard,7837.4
8799,Brian Davis,parkersherri@example.org,Bosnia and Herzegovina,2020-11-23,Standard,38648.74
8800,Catherine Glenn,paulwilliams@example.net,Qatar,2022-05-06,Premium,73184.09
8801,Jessica Wilson,jessicawaters@example.com,Latvia,2021-08-10,Standard,12193.84
8802,Jason Bush,bgonzales@example.org,Finland,2021-05-27,Standard,4676.0
8803,Cheyenne Graham,jenniferdavila@example.net,Taiwan,2019-11-03,Standard,45362.17
8804,David Cox,barbara85@example.com,French Southern Territories,2017-08-20,Standard,59309.95
8805,Mrs. Katherine Rodriguez,robert89@example.net,Honduras,2025-08-26,Basic,44929.04
8806,Christian Reeves,omatthews@example.org,Sudan,2025-07-21,Premium,55918.69
8807,Madison Nguyen,nsmith@example.org,Romania,2022-12-27,Premium,25335.12
8808,Lynn Hughes,james92@example.com,Cayman Islands,2021-08-14,Standard,46262.01
8809,Douglas Taylor,rodriguezrenee@example.org,Bangladesh,2016-05-27,Standard,68846.98
8810,Daniel Rodriguez,hopkinslori@example.com,Dominican Republic,2019-09-12,Basic,52866.44
8811,Melissa White,qgarcia@example.org,Guam,2016-02-14,Standard,50833.23
8812,Theresa Glenn,osaunders@example.net,Bahamas,2017-05-31,Basic,71432.05
8813,Paul Carroll,marygarcia@example.net,Singapore,2023-09-12,Standard,17379.09
8814,Jacqueline Grimes,benjamin34@example.org,Belize,2025-09-25,Standard,41814.99
8815,Susan Buchanan,courtney34@example.com,Niger,2024-07-14,Premium,37780.62
8816,Nicole Wiley,vzimmerman@example.net,Mexico,2022-04-17,Basic,49403.41
8817,Kara Davis,jennifer42@example.net,Burkina Faso,2021-10-25,Standard,11107.41
8818,Lori Williams,nicholas72@example.org,Turks and Caicos Islands,2019-02-09,Basic,30205.16
8819,Amber Morris,robertdunn@example.net,Saint Helena,2021-03-14,Premium,51044.26
8820,Amy Johnston,jeffrey38@example.org,Antigua and Barbuda,2016-03-14,Standard,54245.8
8821,John Gutierrez,martinkristen@example.com,Uzbekistan,2019-01-21,Standard,10155.47
8822,Darlene Jones,woodcrystal@example.net,Botswana,2020-03-26,Basic,33256.87
8823,Johnny Brown,ylee@example.com,Christmas Island,2016-03-27,Standard,45820.13
8824,Vincent Brewer,tylergreen@example.com,Korea,2015-04-10,Basic,22137.14
8825,Samantha Perkins,xruiz@example.org,Korea,2017-03-05,Basic,47246.13
8826,Charles Garza,dean55@example.com,Puerto Rico,2022-12-06,Basic,39219.96
8827,Theresa Randolph,gzamora@example.org,Bouvet Island (Bouvetoya),2019-11-21,Standard,22611.81
8828,Samuel Smith,robert55@example.com,Vietnam,2025-04-07,Basic,28095.28
8829,Paul King,ryates@example.org,Niue,2022-09-09,Basic,66523.25
8830,Christina Ellis,ehodge@example.net,United Kingdom,2021-07-25,Standard,11969.54
8831,Mitchell Perez,justinlee@example.com,El Salvador,2022-03-16,Standard,9123.0
8832,Victoria Wright,amysmith@example.net,Latvia,2016-08-25,Premium,1431.02
8833,James Tucker,norrisstephanie@example.net,Jersey,2022-07-20,Standard,8823.25
8834,Leah Sanchez,breannapadilla@example.net,Guam,2019-05-16,Basic,45470.51
8835,Cheryl Burton,eneal@example.org,Syrian Arab Republic,2024-01-27,Basic,72005.86
8836,Amy Robinson,karen58@example.net,Kyrgyz Republic,2024-08-12,Premium,34030.61
8837,Darlene Austin,bradleylisa@example.net,Pakistan,2019-10-17,Standard,8587.82
8838,Carlos Singh,curtis50@example.net,Israel,2023-05-04,Premium,46175.18
8839,Chelsea Wright,anthony59@example.net,San Marino,2017-07-25,Premium,37880.62
8840,Dana Russo,johngonzalez@example.com,Philippines,2016-02-06,Basic,11882.58
8841,Christine Barrett,julie05@example.net,Central African Republic,2021-05-12,Standard,18652.37
8842,Sandra Willis,ashley81@example.com,Zimbabwe,2019-12-19,Basic,59066.76
8843,Alexandria Duffy,carl56@example.com,Falkland Islands (Malvinas),2023-09-22,Standard,34673.08
8844,Casey Holder,stevenwilliams@example.com,Dominican Republic,2019-01-10,Standard,58022.49
8845,Joel Ramirez,ibrown@example.net,United States Minor Outlying Islands,2020-01-23,Premium,38659.9
8846,Tracy Mcintosh,munozchristine@example.net,Faroe Islands,2018-04-11,Standard,33294.8
8847,Daniel Reid,mburns@example.net,Turks and Caicos Islands,2021-12-09,Standard,44715.55
8848,Albert King,hmueller@example.org,Tajikistan,2024-09-06,Basic,6302.89
8849,William Jordan,hendricksbrittany@example.net,Ukraine,2018-07-25,Standard,19258.59
8850,Johnny Cunningham,hartmanspencer@example.net,Kiribati,2016-12-28,Premium,60712.62
8851,Alex Williams,tonyjones@example.org,Zambia,2019-03-26,Premium,58264.5
8852,Robert White,michael84@example.org,Mongolia,2021-04-14,Basic,39175.54
8853,Charles Anderson,robinsonheidi@example.net,Japan,2024-12-12,Standard,46065.61
8854,Susan Jones,bhamilton@example.com,American Samoa,2022-02-26,Standard,70524.87
8855,Elizabeth Vazquez,tracey72@example.com,Benin,2021-08-31,Standard,4382.94
8856,Kristin Harmon,michael36@example.net,Malawi,2023-07-16,Standard,30132.44
8857,Angela Williams,james40@example.com,Cyprus,2023-09-27,Standard,18021.04
8858,Ryan Hudson,bobfernandez@example.org,Latvia,2023-10-04,Premium,886.03
8859,Lauren Clarke,josephsullivan@example.org,Trinidad and Tobago,2019-07-30,Basic,15627.23
8860,Melvin Massey,paulgreer@example.net,Taiwan,2018-11-26,Standard,34578.06
8861,David Perez,uanderson@example.net,Nauru,2022-12-22,Standard,5393.35
8862,Jessica Pierce,valdezrachel@example.com,Bolivia,2019-10-03,Basic,18197.0
8863,Shane Chavez,sfoley@example.org,Saint Martin,2015-11-06,Standard,7445.31
8864,Jason Valenzuela,drodriguez@example.org,Hong Kong,2022-06-16,Basic,62300.31
8865,Cheryl Riggs,matthewgarcia@example.com,Madagascar,2015-07-18,Premium,13146.11
8866,Richard Hernandez,alexander57@example.net,Mauritania,2017-09-25,Basic,23689.51
8867,Eric Jones,donovannancy@example.net,Slovakia (Slovak Republic),2016-02-16,Standard,28303.45
8868,Kara Conner,collinsjose@example.org,Bahamas,2015-01-12,Standard,12186.31
8869,Kevin Freeman,jeffrey52@example.org,Libyan Arab Jamahiriya,2021-02-18,Premium,40272.44
8870,Lisa Rodriguez,wtorres@example.com,Vietnam,2016-12-12,Standard,59758.04
8871,Jacob Carey,whitesophia@example.org,Anguilla,2017-03-17,Premium,41375.45
8872,Paul Gibbs,jacobwilliams@example.org,Syrian Arab Republic,2023-06-09,Standard,5990.6
8873,Dylan Hernandez,steven04@example.org,Mali,2023-02-12,Standard,39342.15
8874,Wendy Mason,brandon13@example.com,Liberia,2019-08-29,Basic,30977.83
8875,George Castro,donaldbrown@example.org,Marshall Islands,2021-05-04,Basic,18007.54
8876,Patrick Pierce,emorris@example.net,Czech Republic,2022-04-10,Standard,51096.54
8877,Larry Hill,gtorres@example.org,Brunei Darussalam,2017-10-02,Basic,36046.59
8878,Nancy House,elliottryan@example.com,Uruguay,2020-03-23,Basic,45117.39
8879,Lorraine Vasquez,wwu@example.com,Burkina Faso,2018-06-08,Basic,44540.19
8880,Patrick Jackson,qjensen@example.net,Croatia,2017-01-24,Standard,32273.7
8881,David Smith,donald89@example.org,British Indian Ocean Territory (Chagos Archipelago),2016-06-14,Premium,1979.32
8882,Antonio Owens,joshua50@example.org,Oman,2016-02-13,Premium,52481.52
8883,Jason Chen,howardjames@example.com,Georgia,2025-03-29,Basic,72497.64
8884,Maureen Lynch,hcastro@example.org,Anguilla,2017-09-15,Premium,8781.96
8885,Keith Nixon,milessteven@example.org,Paraguay,2023-11-28,Standard,27547.49
8886,Jared Hayden,kenneth40@example.net,Mauritius,2020-12-23,Premium,49152.25
8887,Gabriela Smith,zmartin@example.net,Costa Rica,2017-01-08,Basic,24217.92
8888,Scott Peters,meyerkenneth@example.org,Namibia,2019-03-01,Standard,729.88
8889,Alicia Dawson,zmoore@example.net,Luxembourg,2023-10-05,Premium,8482.16
8890,Joshua Walker,coryduran@example.org,Somalia,2017-12-20,Standard,6267.62
8891,Stephanie Hendrix,gfisher@example.org,Niue,2017-11-29,Basic,22968.93
8892,Rodney Hunter,katie74@example.org,Romania,2020-04-19,Basic,31668.6
8893,Matthew Greene,lindsey55@example.org,Solomon Islands,2018-10-18,Premium,29808.23
8894,Crystal Johnson,heather41@example.org,Somalia,2017-02-01,Standard,8837.56
8895,Amanda Hurst,monica32@example.net,Libyan Arab Jamahiriya,2017-08-25,Standard,37514.09
8896,Melissa Smith,sharimartinez@example.org,Dominica,2024-02-04,Standard,55143.53
8897,Jodi Douglas,ericbriggs@example.net,Burundi,2020-08-14,Premium,56704.84
8898,Valerie Lawson,rpope@example.org,Peru,2024-06-29,Standard,56318.75
8899,Amanda Reid,brucebradford@example.org,Antarctica (the territory South of 60 deg S),2019-06-30,Standard,43952.91
8900,Kelly Rodriguez,pachecopaul@example.net,United States of America,2023-07-31,Premium,55728.35
8901,Kathleen Mcdaniel,irogers@example.org,Mexico,2019-12-10,Basic,69294.08
8902,Matthew Washington,sandrasimon@example.org,Brazil,2019-03-05,Standard,70511.68
8903,George Hays,kmartin@example.net,Saint Helena,2016-02-08,Standard,15758.62
8904,Alicia Cummings,randydavis@example.net,French Polynesia,2020-11-19,Standard,63493.53
8905,Chelsea Lewis,changdeborah@example.com,Netherlands,2015-07-10,Standard,21665.54
8906,Lauren Miller,berryamber@example.com,French Southern Territories,2022-09-16,Standard,10699.29
8907,Michael Reeves,danielle70@example.org,El Salvador,2025-09-18,Standard,53874.76
8908,Sydney Thompson,jeffreyhughes@example.org,Monaco,2015-10-09,Standard,28713.36
8909,Todd Jones,travispearson@example.org,Yemen,2024-12-07,Standard,59112.55
8910,Crystal Griffith,stephaniekeller@example.com,Palau,2017-04-18,Standard,37194.37
8911,Alex Sanchez,shannon68@example.net,Nepal,2025-09-02,Basic,313.42
8912,Kevin Walker DDS,williamschristopher@example.com,Guinea,2020-02-16,Standard,5603.47
8913,James Washington,justin70@example.org,Ukraine,2018-05-06,Standard,7482.98
8914,Melissa Crawford,ecabrera@example.com,Netherlands Antilles,2019-03-15,Standard,50402.94
8915,Alison Houston,psalazar@example.org,Malta,2016-04-06,Standard,38474.06
8916,David Webb,bthomas@example.net,Greenland,2023-04-08,Standard,74278.66
8917,Jennifer House,warnersteven@example.com,United States Virgin Islands,2019-08-30,Standard,66566.34
8918,Thomas Sanchez,lauren52@example.net,Pakistan,2017-10-22,Standard,2284.18
8919,Joseph Thomas,carolynreilly@example.org,Mozambique,2025-12-15,Standard,28438.8
8920,Michael Vasquez,dennisharris@example.com,Myanmar,2025-02-13,Standard,44588.35
8921,Ronnie Atkins,douglas92@example.com,Cyprus,2019-03-26,Standard,1883.1
8922,Elizabeth Evans,adamrodriguez@example.org,Tanzania,2017-08-05,Standard,58510.87
8923,Eric Rios,msmith@example.org,Northern Mariana Islands,2017-06-19,Premium,21053.22
8924,Richard Jackson,uhinton@example.net,Saudi Arabia,2022-03-09,Standard,45350.52
8925,Patrick Cooke,vlee@example.net,Portugal,2022-09-27,Standard,54738.0
8926,Judy Martinez,ggarcia@example.org,Ireland,2021-06-19,Basic,57471.71
8927,Erica Johnson MD,manderson@example.org,Eritrea,2016-08-16,Basic,56074.79
8928,Melanie Tyler,hernandezruth@example.com,Guinea-Bissau,2025-08-19,Basic,53094.28
8929,Laura Rosario PhD,alexa34@example.org,Seychelles,2016-11-17,Standard,49683.72
8930,Devin Hurley,ydavenport@example.net,Chile,2018-09-12,Standard,4559.42
8931,Michael Carroll,cnunez@example.net,United Arab Emirates,2015-06-28,Standard,21191.93
8932,Barbara Oconnell,francosusan@example.net,Lithuania,2023-05-01,Basic,3978.5
8933,Jason Charles DDS,brian95@example.org,Indonesia,2016-01-21,Basic,11100.26
8934,Tammy George,maria91@example.org,Guatemala,2016-06-09,Premium,34011.78
8935,Jessica Waller,christinataylor@example.net,Moldova,2016-05-23,Standard,21237.24
8936,Colton Thomas,ingramjoseph@example.com,Latvia,2021-01-06,Standard,1776.56
8937,Colleen Gonzalez,brandyfrench@example.org,Canada,2023-08-31,Premium,52315.12
8938,Julie Hughes,emmacruz@example.net,Trinidad and Tobago,2015-08-07,Basic,30185.77
8939,Thomas Perez,leemary@example.com,Malta,2022-08-05,Basic,36164.27
8940,Emily Evans,thompsonmegan@example.org,Barbados,2023-11-11,Standard,46058.44
8941,Allison Snyder,ahall@example.net,Ghana,2017-10-29,Basic,39167.82
8942,David Frederick,sara76@example.org,Brazil,2018-03-12,Basic,35910.56
8943,Joseph Campbell,gtate@example.com,Algeria,2021-09-24,Standard,33797.48
8944,Brian Clayton,melanie12@example.com,Angola,2024-09-26,Premium,12301.94
8945,Karen Cummings,smills@example.org,Nicaragua,2016-03-28,Premium,36902.36
8946,Paige James,james83@example.com,Denmark,2023-11-13,Standard,64061.63
8947,Angel Gonzales,samuel03@example.org,Armenia,2020-10-17,Standard,31458.79
8948,Jimmy Brewer,joeortiz@example.org,Faroe Islands,2020-12-29,Basic,41578.67
8949,Ann Castillo,timothy98@example.net,American Samoa,2024-12-30,Standard,74618.84
8950,Paul Brown,markbarrera@example.org,Cape Verde,2020-07-10,Basic,32591.97
8951,Luke Chavez,matthew67@example.net,Azerbaijan,2024-07-30,Standard,60108.95
8952,John Vega,gwilliams@example.org,Solomon Islands,2019-07-23,Basic,53065.8
8953,Alicia Hoffman,leecory@example.org,India,2019-07-29,Basic,7329.79
8954,Jason Johnson,morenobrian@example.com,Congo,2021-09-08,Standard,7285.35
8955,Timothy Walters,bvillegas@example.org,Sri Lanka,2024-05-04,Standard,71642.53
8956,Jennifer Johnson,jlee@example.net,South Georgia and the South Sandwich Islands,2023-05-09,Standard,61393.71
8957,Kyle Cruz,lisa94@example.com,Kazakhstan,2019-09-11,Basic,31227.73
8958,Marc Sharp,priley@example.org,Panama,2017-06-11,Standard,45757.98
8959,Patricia Gonzalez,timothy85@example.org,Marshall Islands,2015-10-18,Standard,42151.39
8960,Chelsey Brooks,daniel51@example.com,United Kingdom,2017-05-15,Premium,62978.72
8961,Jennifer Garcia,stevenjames@example.net,Oman,2021-08-13,Standard,51808.18
8962,Jose Sharp,dtanner@example.net,Cook Islands,2015-08-08,Standard,66557.69
8963,Kyle Hood,patrick80@example.net,Western Sahara,2016-11-13,Standard,73357.73
8964,Nancy George,jkim@example.org,Vietnam,2017-04-28,Standard,8758.69
8965,Steven Andersen,alicia86@example.net,Ethiopia,2015-11-11,Standard,1219.36
8966,Dr. Kelly Martinez MD,santoswilliam@example.org,Panama,2017-02-11,Standard,37157.93
8967,Jaime Torres,moorelisa@example.org,Haiti,2016-04-15,Basic,52246.65
8968,Erica Roberson,cynthia88@example.org,Qatar,2022-10-01,Standard,60235.06
8969,Hannah Bennett,jessicawest@example.net,United States Virgin Islands,2023-12-31,Standard,69089.01
8970,Jessica Maddox,grahamheather@example.org,Indonesia,2021-11-19,Basic,5996.91
8971,Zachary Conrad,goldenthomas@example.net,Nicaragua,2021-06-27,Basic,24874.36
8972,Jamie Garcia,lynchmark@example.com,Reunion,2018-06-25,Premium,63629.38
8973,James Berry,jennysanchez@example.net,Congo,2017-09-20,Standard,62650.84
8974,Michael Allen,gloria01@example.net,Saint Martin,2019-01-03,Standard,12459.83
8975,Bryan Davis,andrewdennis@example.com,Chile,2023-09-16,Basic,28024.97
8976,James Best,rphillips@example.net,Bhutan,2022-10-17,Standard,17061.83
8977,Sarah Bolton,donnasanchez@example.com,United States of America,2024-09-23,Standard,72584.52
8978,Lisa Rogers,ssanchez@example.com,Myanmar,2021-07-28,Standard,44928.22
8979,Richard Reyes,jtaylor@example.net,Saint Lucia,2016-09-19,Standard,62357.16
8980,Shelia Coleman,lweiss@example.org,Trinidad and Tobago,2023-03-20,Standard,21064.26
8981,Destiny Stanley,gharris@example.net,Nigeria,2016-08-18,Standard,47500.79
8982,Charles Rich,smithmadison@example.net,Latvia,2025-01-01,Basic,58345.38
8983,Reginald Mullins,zsmith@example.net,Congo,2018-01-20,Standard,32986.42
8984,Austin Caldwell,perrymoore@example.net,Cuba,2023-04-19,Premium,45114.87
8985,Brandon Garza,whitney49@example.com,Guernsey,2024-11-05,Standard,41934.45
8986,Melissa Maldonado,eric85@example.net,Morocco,2025-02-16,Premium,55494.28
8987,Gregory Woodward,ebryant@example.org,Cambodia,2020-07-14,Basic,19241.04
8988,Michael Robinson,rileynicole@example.org,Dominican Republic,2025-02-22,Basic,67377.76
8989,James Carter,cassandrapark@example.com,Philippines,2017-01-16,Basic,61462.81
8990,Connie Orozco,marymcconnell@example.net,Burkina Faso,2015-06-02,Basic,30584.75
8991,Jessica Williams,wilsonyvonne@example.org,Madagascar,2017-08-13,Premium,40764.5
8992,Richard Salazar,mevans@example.org,Egypt,2017-11-23,Standard,19768.73
8993,Megan Hubbard,yowens@example.net,Nauru,2023-08-31,Premium,15791.21
8994,Shawn Harris,chansen@example.com,Niue,2016-01-20,Standard,24045.84
8995,Janet Foster,daniellozano@example.com,Latvia,2015-08-04,Standard,16517.7
8996,Jason White,melinda68@example.net,Uruguay,2023-08-28,Standard,898.6
8997,Kathleen Olson,sandra38@example.com,Iceland,2020-11-05,Basic,44936.73
8998,Melissa Zimmerman,uclark@example.com,Oman,2025-09-28,Standard,25491.2
8999,Ashley Barrera MD,danielmorse@example.net,Madagascar,2019-10-22,Standard,48883.26
9000,Shawn Patton,xray@example.net,Samoa,2024-11-21,Standard,23112.58
9001,Wayne Turner,riverarichard@example.org,Korea,2016-07-09,Basic,40493.85
9002,Ian Serrano,ycole@example.com,Turkmenistan,2015-05-12,Standard,68621.32
9003,Steven Sweeney,brooksdebra@example.org,South Georgia and the South Sandwich Islands,2021-10-15,Standard,56257.06
9004,Bryan Li,courtney05@example.org,Afghanistan,2020-03-02,Basic,52770.71
9005,Anne Elliott,aaron98@example.net,Latvia,2017-02-09,Standard,58285.89
9006,Devon Barnes,dgarcia@example.com,South Georgia and the South Sandwich Islands,2025-05-19,Standard,70941.68
9007,Adam Berry,mary15@example.com,Saint Martin,2015-09-21,Premium,30184.39
9008,Kent Green,laura42@example.net,Greece,2025-10-19,Premium,15663.13
9009,Anne Mathews,christina74@example.com,Greece,2019-10-23,Standard,14610.18
9010,Joseph Henderson,nicholas16@example.org,South Africa,2016-07-11,Standard,35996.87
9011,Marvin Stanley,emily97@example.net,Switzerland,2022-12-04,Premium,49350.46
9012,Elizabeth Benson,wmartinez@example.org,Puerto Rico,2025-04-25,Standard,1087.59
9013,Brandi Pierce,sheltonallison@example.org,Bhutan,2016-12-04,Standard,10162.16
9014,Willie Brennan,alvaradoedwin@example.org,Armenia,2025-08-07,Standard,55189.4
9015,Cameron Best,robertsellen@example.net,Puerto Rico,2020-11-21,Standard,51703.82
9016,Kimberly Daniels,joel67@example.net,Afghanistan,2017-07-29,Basic,63001.57
9017,Tina Ibarra,debra61@example.com,Bangladesh,2022-07-22,Basic,4834.49
9018,Matthew Ayers,ifrost@example.net,Saint Helena,2017-08-19,Basic,14065.86
9019,Michelle Nunez,hamiltonivan@example.com,Vietnam,2015-03-01,Standard,23313.45
9020,Jordan Adams,ethanyoung@example.org,Uruguay,2022-04-11,Premium,40934.79
9021,Dr. Valerie Torres,ricardo17@example.net,Saint Lucia,2016-11-19,Basic,21941.65
9022,Emily Wheeler,sandra71@example.net,Swaziland,2024-10-14,Standard,72908.79
9023,Richard Phillips,dawn41@example.com,Venezuela,2022-06-29,Basic,11858.78
9024,Zachary Scott,mcdanieldarlene@example.net,Turkmenistan,2017-09-29,Premium,52061.26
9025,Angela Clayton,codycohen@example.org,Reunion,2015-01-30,Basic,56606.84
9026,John Williams,melendezphillip@example.org,Algeria,2019-08-12,Standard,23246.86
9027,Tammy Anderson MD,whunt@example.org,Italy,2016-01-08,Standard,67109.81
9028,Doris Manning,davidsonroger@example.org,Turkey,2019-10-11,Premium,55253.94
9029,Juan Mccall,stephanie51@example.net,Spain,2019-09-03,Standard,73495.64
9030,Shawn Haney,christymcguire@example.net,Niger,2024-01-01,Basic,852.81
9031,Ashley Henderson,saguirre@example.net,Lebanon,2020-07-20,Standard,7953.0
9032,Derrick Burgess,leslieburke@example.com,French Southern Territories,2021-12-14,Standard,46669.54
9033,Holly Rodriguez,jamieporter@example.net,Mozambique,2020-03-29,Basic,67319.8
9034,Courtney Richardson,kimberlyclark@example.net,Benin,2022-02-19,Premium,23500.69
9035,Ashley Garza,xmcgee@example.com,Jersey,2016-01-18,Premium,62948.11
9036,Penny Contreras,karenfuller@example.org,Georgia,2020-09-14,Standard,46863.29
9037,Joy Stone,etaylor@example.net,Montserrat,2024-08-23,Basic,13636.49
9038,Ryan Jones,morrisjoshua@example.org,Jamaica,2023-09-30,Premium,67660.89
9039,Mr. Chris Robinson MD,hamiltonchristina@example.net,Nauru,2018-07-27,Premium,48314.57
9040,Derek Burton,kristintaylor@example.com,Gibraltar,2017-01-12,Standard,46333.59
9041,Jean Matthews,gedwards@example.net,France,2016-12-19,Basic,44624.02
9042,Shannon Craig,raymondbeasley@example.org,Nicaragua,2017-09-17,Premium,71771.56
9043,Shannon Osborn,collinsjoseph@example.org,Haiti,2019-11-08,Standard,53406.59
9044,Natalie Berry,esimpson@example.net,Eritrea,2019-10-01,Standard,70256.47
9045,Denise Dean,cmiller@example.net,Uganda,2021-05-23,Standard,58208.74
9046,Jody Parker,dakota26@example.com,Swaziland,2019-04-21,Standard,17570.53
9047,Samuel Wright,derek93@example.org,Burkina Faso,2024-05-12,Premium,18941.11
9048,Jennifer Graves MD,nguyenspencer@example.org,Malawi,2023-10-10,Premium,61748.33
9049,George Benton,davidgraham@example.com,Niger,2015-03-08,Basic,45760.03
9050,William Scott,daniellebishop@example.com,Norway,2023-10-14,Basic,59530.45
9051,Jeremy Clements,holmesalex@example.com,Solomon Islands,2022-05-01,Basic,9729.54
9052,John Brown,whouse@example.net,Marshall Islands,2015-01-10,Standard,11372.52
9053,Mr. Nathan Garrett,bdelgado@example.com,Saint Pierre and Miquelon,2020-09-29,Standard,50582.73
9054,David Gillespie,brandon97@example.com,Cameroon,2017-02-22,Basic,20444.38
9055,Sheila Ramos,juliegrant@example.org,Uzbekistan,2020-10-20,Standard,22668.12
9056,Paula Sanchez,dennisrichard@example.net,Korea,2017-09-02,Standard,17447.89
9057,Jacqueline Cooley,gonzaleskayla@example.com,Mauritania,2016-02-24,Standard,35579.83
9058,Vickie Sharp,woodwardpatricia@example.com,Tonga,2019-04-11,Basic,55383.93
9059,Tara Ramirez,marydavis@example.com,Libyan Arab Jamahiriya,2023-03-16,Standard,46018.98
9060,Peter Campos,erika27@example.net,Netherlands,2024-01-25,Premium,32740.67
9061,Pamela Lopez,imoore@example.com,Guernsey,2018-03-10,Standard,21775.77
9062,Angela Johnson,dmurphy@example.net,Greenland,2019-04-21,Standard,42260.99
9063,Samantha Noble,jason64@example.com,Australia,2021-03-21,Basic,70867.41
9064,Steven Baker,smorgan@example.com,Argentina,2018-01-06,Standard,1806.56
9065,Mr. Todd White,michael88@example.net,Montserrat,2015-03-30,Standard,61634.14
9066,Charles Holder,walshtimothy@example.org,Mexico,2025-12-03,Standard,26217.86
9067,Timothy Flowers,cunninghambrian@example.org,Equatorial Guinea,2025-02-17,Basic,42068.32
9068,Karen Howard,jasonramos@example.net,Djibouti,2019-03-09,Basic,60570.31
9069,Juan Campbell,bianca86@example.com,North Macedonia,2025-05-01,Standard,65965.56
9070,Anna Gordon,karenvaughn@example.org,Trinidad and Tobago,2015-02-03,Standard,47458.76
9071,Annette Russell,zfrank@example.net,Fiji,2025-02-21,Standard,32162.27
9072,Melvin Yang,pamelakelly@example.com,Egypt,2018-03-06,Standard,72022.4
9073,Megan Johns,rebeccamartin@example.com,Algeria,2016-01-29,Standard,24373.02
9074,Tara Wilkerson DDS,fporter@example.org,Antigua and Barbuda,2018-09-06,Basic,35406.73
9075,Emily White,rebecca77@example.org,North Macedonia,2024-01-01,Premium,34478.53
9076,Jeffrey Davis,cortezjonathon@example.com,Slovenia,2015-06-04,Standard,15305.33
9077,Michael Thomas,millerselena@example.com,Honduras,2018-10-25,Basic,59913.19
9078,Benjamin Simon,grossdanielle@example.net,Palau,2025-08-25,Standard,41398.29
9079,Megan Lopez,jessica94@example.net,Canada,2018-03-12,Standard,70108.47
9080,Tammie Nunez,wilsonmark@example.net,Azerbaijan,2019-07-05,Basic,45886.42
9081,Abigail Banks,nguyenkimberly@example.org,Bolivia,2019-11-12,Standard,38846.77
9082,Natalie Gardner,tjones@example.net,Cape Verde,2021-11-08,Standard,44280.95
9083,Brian Le,julia59@example.com,Slovenia,2019-08-01,Standard,34409.64
9084,Raymond Meyer,jflores@example.com,Turkmenistan,2024-07-27,Basic,34453.81
9085,Anthony Butler,angela56@example.org,Cocos (Keeling) Islands,2024-09-06,Basic,1913.11
9086,Sandra Roberts,rojasjeremy@example.org,Iran,2015-07-30,Basic,32633.96
9087,Jonathon Goodwin,connie98@example.com,Poland,2019-12-09,Premium,19749.45
9088,Jerry Kennedy,janderson@example.net,Colombia,2025-10-20,Basic,6289.32
9089,Michael Burgess,icastillo@example.com,Faroe Islands,2017-12-03,Basic,59931.96
9090,Matthew Lopez,bevans@example.net,Kenya,2025-06-15,Basic,71344.07
9091,Michael Guerrero,pgriffin@example.com,Norfolk Island,2019-05-26,Basic,7921.52
9092,Adam Walters,steven66@example.net,Netherlands Antilles,2019-11-06,Standard,27047.62
9093,Holly Cooper,fjohnson@example.org,Falkland Islands (Malvinas),2018-10-19,Basic,253.85
9094,Susan Brown,emily65@example.net,Cape Verde,2019-09-27,Premium,54665.86
9095,Pamela Reed,jackevans@example.com,British Virgin Islands,2019-04-24,Basic,51545.32
9096,Chelsea Walsh,drakemary@example.net,Tajikistan,2021-04-24,Standard,22116.71
9097,Brian Barrera,dawn26@example.org,Nauru,2017-04-17,Basic,51311.02
9098,Andrew Shah,dstewart@example.net,Singapore,2025-10-29,Standard,15759.67
9099,Gabriella Berg,eugenejones@example.net,Algeria,2019-11-17,Standard,66597.49
9100,Johnny Carey,hunttiffany@example.org,Romania,2024-11-25,Standard,24743.05
9101,Jennifer Norris,rshaw@example.org,Trinidad and Tobago,2018-08-20,Basic,69494.79
9102,Jessica Lozano,sarakim@example.net,Togo,2018-10-04,Basic,1493.75
9103,Vanessa Stewart,kcox@example.com,Cameroon,2022-12-07,Basic,30787.5
9104,Samantha Rodriguez,emily47@example.com,Colombia,2020-06-07,Standard,71142.28
9105,Megan Hicks,phillipfarmer@example.org,Slovenia,2024-04-01,Standard,3655.7
9106,Donna Jones,eford@example.org,Turkey,2025-02-08,Basic,67614.77
9107,Sierra Ramirez,bakerrobert@example.com,Turks and Caicos Islands,2015-10-23,Standard,42184.01
9108,Laura Miller,rubengonzalez@example.org,Cameroon,2021-08-04,Standard,52799.84
9109,Stephanie Stanley,gburke@example.org,Slovenia,2019-12-31,Standard,25002.2
9110,Angel Farmer,chernandez@example.net,Jordan,2024-06-21,Premium,71932.71
9111,David Barber MD,ncooper@example.com,Holy See (Vatican City State),2024-09-01,Premium,4413.35
9112,Robert Mooney,allenclaire@example.net,Uruguay,2018-08-18,Standard,18243.63
9113,Eric Moses,phillipssheila@example.org,Nicaragua,2019-10-19,Basic,74924.65
9114,Megan Cardenas,pamela08@example.net,Congo,2024-10-22,Basic,56728.85
9115,James Gay,steinkelly@example.com,Uruguay,2023-11-09,Basic,38683.63
9116,Bill Bernard,nataliewilliams@example.org,Saint Vincent and the Grenadines,2023-06-24,Premium,30992.59
9117,Elizabeth Wagner,youngbenjamin@example.org,Kiribati,2021-06-04,Standard,48600.17
9118,Jacob Newman,ufrank@example.org,Montenegro,2024-08-21,Standard,56211.96
9119,Alicia Miller,tylerarcher@example.com,Russian Federation,2019-04-28,Standard,4119.86
9120,Brooke Alexander,rebecca79@example.org,Thailand,2017-06-23,Standard,38533.13
9121,Michael Solis,brandtedward@example.net,Honduras,2015-03-31,Premium,63032.41
9122,Logan Webb,eharris@example.org,Vanuatu,2016-08-01,Basic,63799.0
9123,Andrea Harris,dillonanthony@example.net,Korea,2021-09-28,Standard,43463.39
9124,Jennifer Brown,mcdonaldjames@example.net,Kazakhstan,2021-11-05,Standard,72521.14
9125,Daniel Martin,andreagarcia@example.net,Turks and Caicos Islands,2018-04-19,Standard,364.65
9126,David Miles,leonard42@example.net,North Macedonia,2019-02-19,Standard,37902.7
9127,Julie Ramirez,mreed@example.net,Taiwan,2022-12-10,Premium,65149.95
9128,Jo Holland,donnadavis@example.net,Cameroon,2019-03-21,Standard,26433.29
9129,Lisa Gonzalez DDS,michaelarmstrong@example.net,Netherlands Antilles,2017-06-04,Basic,3895.76
9130,Jason Estrada,grayanthony@example.org,Iran,2015-07-31,Standard,31267.8
9131,Joseph Everett,cody50@example.org,Gibraltar,2017-06-02,Basic,56115.0
9132,Juan Solis,nunezgina@example.org,Israel,2017-05-15,Standard,51080.21
9133,Allen Henderson,zcastillo@example.org,Northern Mariana Islands,2020-09-14,Standard,19547.83
9134,Victor Smith,jessica38@example.org,United States Virgin Islands,2023-04-14,Basic,28469.62
9135,Nicholas Cherry,troytaylor@example.org,Jamaica,2021-01-09,Basic,17639.03
9136,Tiffany Smith,cbates@example.org,Switzerland,2017-03-14,Premium,72234.55
9137,Laura Cochran,elizabethwatts@example.net,Turks and Caicos Islands,2019-09-24,Standard,33120.9
9138,Gary Barnes,johnsonmarcia@example.org,Bosnia and Herzegovina,2023-05-01,Premium,53626.32
9139,Gary Preston,smithjared@example.net,Korea,2017-06-19,Basic,33774.87
9140,Kari Brown,alejandrokeller@example.com,Wallis and Futuna,2018-05-19,Basic,66471.68
9141,Matthew Smith,bradyshannon@example.net,Mozambique,2020-03-05,Standard,26960.27
9142,Zachary Delgado,bridgetcannon@example.org,Czech Republic,2019-08-21,Basic,13186.19
9143,Gregory Baker,debbiescott@example.org,Poland,2025-07-30,Basic,29262.28
9144,Carrie Logan,ericagonzalez@example.org,Cambodia,2022-10-24,Standard,40479.16
9145,Matthew Gentry,heatherrobinson@example.net,Barbados,2025-03-14,Premium,46165.43
9146,Charles Henry,agross@example.com,Swaziland,2020-06-23,Standard,66513.98
9147,Melissa Gould,kenneth30@example.net,North Macedonia,2020-07-23,Basic,20056.22
9148,Ashley Roberson,ublankenship@example.net,American Samoa,2021-11-16,Basic,64437.09
9149,Sara Freeman,tcastillo@example.com,Costa Rica,2017-09-07,Standard,21692.36
9150,Mrs. Margaret Lee,michaelparsons@example.net,French Southern Territories,2022-12-29,Basic,62988.48
9151,Andrew Jones,romerostacy@example.org,Congo,2024-07-07,Standard,44160.63
9152,William Dillon,petercastillo@example.com,Anguilla,2023-10-30,Standard,56305.37
9153,Erik Walker,connor16@example.org,South Georgia and the South Sandwich Islands,2015-04-23,Standard,61980.59
9154,Mary Mendoza PhD,tina57@example.net,Zimbabwe,2020-05-04,Basic,58854.61
9155,Robert Jackson,alexanderadams@example.net,Brunei Darussalam,2020-04-30,Standard,31636.89
9156,Rachel Smith,lhouston@example.org,Iran,2016-09-07,Standard,20069.1
9157,Lisa Hahn,htaylor@example.com,Anguilla,2019-09-22,Premium,65026.58
9158,Larry Mcgee,matthewstracy@example.org,Tanzania,2021-09-10,Standard,6268.65
9159,April Lopez,catherineallison@example.com,Algeria,2015-12-28,Standard,15179.16
9160,Rachel Gutierrez,jmcdonald@example.net,Uruguay,2023-08-06,Premium,56639.99
9161,James Merritt,catherine81@example.com,Bahrain,2015-09-01,Standard,58327.44
9162,Stephen Walker,kristencarter@example.org,Saint Helena,2015-05-13,Standard,4599.62
9163,Daniel Carter,jeffdavis@example.org,Turkey,2024-07-18,Standard,3726.72
9164,Pamela Henson,robertssamantha@example.net,Greenland,2019-08-03,Standard,2753.91
9165,Colton Goodwin,feliciaperkins@example.net,Liechtenstein,2020-09-04,Standard,26940.86
9166,Allison Johnson,dkelly@example.org,Taiwan,2023-02-06,Standard,55928.67
9167,Erika Long,christopherarcher@example.org,Jordan,2025-10-01,Standard,18501.42
9168,Courtney Little,bakeralison@example.com,Gabon,2019-09-28,Basic,49188.39
9169,Samuel Smith,theresagilbert@example.org,Western Sahara,2017-01-08,Standard,25811.25
9170,David Johnson MD,oreyes@example.net,Colombia,2016-06-17,Basic,64902.71
9171,Jimmy Sanchez,fmckee@example.com,Mexico,2015-05-11,Basic,32380.34
9172,Crystal Lane,dustin03@example.com,Guyana,2022-07-11,Standard,68677.77
9173,Lisa Collins,john40@example.org,Dominica,2015-05-31,Basic,64662.15
9174,Kristina Hale,evan95@example.org,Russian Federation,2021-05-26,Standard,2410.51
9175,Michelle Murray,pam28@example.com,American Samoa,2023-04-02,Basic,5492.93
9176,Melissa Patel,robert38@example.org,Cocos (Keeling) Islands,2023-06-14,Standard,23247.95
9177,Paula Hernandez,katherinewilliams@example.com,Norway,2015-11-15,Standard,61879.27
9178,Derek Spencer,jenna55@example.net,Togo,2021-09-14,Premium,51785.26
9179,Joshua Woods,lopezmary@example.org,Maldives,2019-06-23,Standard,44469.81
9180,David Richardson,barberamy@example.net,Mexico,2015-12-22,Basic,74522.98
9181,Carmen Hall,christine02@example.net,South Georgia and the South Sandwich Islands,2018-07-27,Standard,51292.83
9182,Kenneth Benson,oarnold@example.com,Niue,2020-01-09,Standard,56228.46
9183,Michael Maddox,douglascohen@example.com,Sierra Leone,2019-10-13,Basic,20931.97
9184,Jeffrey Cox,diaztravis@example.com,Brunei Darussalam,2020-04-10,Premium,54829.93
9185,Stephanie Morgan,melissa72@example.com,Fiji,2020-09-22,Standard,69267.93
9186,Kirsten Gibson,tanneroneal@example.net,Netherlands Antilles,2020-09-24,Standard,48681.26
9187,Shawn Ramirez,coleleslie@example.com,Azerbaijan,2023-01-30,Standard,254.48
9188,Jonathan Raymond,agross@example.com,Saint Kitts and Nevis,2019-06-26,Standard,43870.39
9189,Elizabeth Franklin,suttonpaul@example.org,North Macedonia,2024-05-08,Standard,64422.83
9190,Sydney Brown,gsherman@example.org,Japan,2022-12-10,Standard,66436.5
9191,Katie Macdonald,kimberlythomas@example.com,Peru,2022-12-26,Standard,55592.96
9192,Jennifer Howell,brownamy@example.org,Finland,2025-12-19,Premium,30457.68
9193,Kimberly Munoz,vparks@example.com,Barbados,2020-11-27,Standard,28275.81
9194,Catherine Carney,tamarageorge@example.org,Jamaica,2023-01-21,Standard,5318.01
9195,Angela Buchanan,kristenwilson@example.net,Cayman Islands,2017-08-06,Standard,17642.12
9196,Lori Morrow,hansenryan@example.net,Thailand,2022-11-25,Premium,13740.93
9197,Robert Keller,bwebb@example.net,Korea,2018-03-16,Standard,31855.28
9198,Jacob Roberts,jwalker@example.com,Swaziland,2024-05-26,Basic,23837.04
9199,Kendra Cook,ffrost@example.net,Niger,2020-12-31,Standard,18337.19
9200,Melissa Campbell,morenoscott@example.com,Congo,2015-10-02,Standard,68618.28
9201,Mark Roberson,stephanie26@example.com,Saint Helena,2017-06-04,Standard,26752.86
9202,Ruben Francis,youngcameron@example.net,Saint Martin,2019-03-21,Basic,40012.08
9203,Jennifer Williams,sanderson@example.net,Sweden,2020-01-22,Premium,36470.37
9204,Michael Moore,olsoncrystal@example.net,Tuvalu,2021-08-16,Basic,16187.75
9205,Luis White,christopher32@example.com,Guam,2023-03-23,Basic,19186.45
9206,Morgan Swanson,ericajones@example.net,Pitcairn Islands,2017-12-05,Basic,25633.92
9207,Christopher Cain,matthewbond@example.com,Saint Pierre and Miquelon,2024-04-12,Standard,64889.61
9208,Regina King,jeff25@example.org,Azerbaijan,2021-10-16,Premium,14301.33
9209,Monica Arroyo,tiffanybailey@example.org,Congo,2025-06-06,Standard,7957.59
9210,Ricardo Ward,karen92@example.net,Mayotte,2016-11-12,Basic,65563.66
9211,Kevin Hernandez,michaelhensley@example.org,Kenya,2020-08-28,Basic,17138.28
9212,Adam Olson,hillmarisa@example.com,French Guiana,2019-01-03,Standard,17118.11
9213,James Austin,phenson@example.org,Dominica,2023-05-21,Basic,40410.97
9214,Bonnie Thompson,justinmayo@example.net,Kuwait,2019-07-23,Standard,56669.97
9215,Michelle Townsend,mullendaniel@example.org,Argentina,2024-09-11,Standard,69443.92
9216,Dwayne Heath,bsmith@example.org,Cayman Islands,2017-04-14,Standard,22857.86
9217,Sarah Olson,hartamanda@example.org,Cayman Islands,2019-02-10,Premium,15465.79
9218,Andrew Lam,james15@example.org,Brazil,2015-02-05,Premium,50655.12
9219,Riley Ochoa,hmartinez@example.com,Saint Helena,2017-03-12,Premium,38680.23
9220,Steven Stanton,richardsonjohn@example.net,Mauritius,2019-09-10,Standard,70864.56
9221,Denise Caldwell,deborah45@example.com,Morocco,2015-11-18,Basic,40204.75
9222,Ralph Perry,aprilperez@example.net,Palestinian Territory,2025-06-29,Standard,71327.25
9223,Samantha Jacobs,ricesusan@example.com,Belarus,2022-02-25,Standard,40462.83
9224,Angela Neal,xhall@example.com,Comoros,2021-03-04,Standard,9139.82
9225,Crystal Herring,nealgloria@example.com,Samoa,2021-12-25,Standard,25943.61
9226,Nathan Mitchell,timothy83@example.net,Samoa,2021-06-22,Basic,4576.97
9227,Sara Ramirez,flawson@example.org,Dominican Republic,2022-08-06,Standard,53014.67
9228,Daniel Poole,sullivanteresa@example.com,Saint Barthelemy,2016-11-30,Basic,5929.22
9229,Luis Ross,deleonjonathan@example.org,Nepal,2019-03-17,Basic,41661.54
9230,Allen Webster,talexander@example.net,Benin,2024-05-31,Standard,60621.92
9231,Adam Willis,philipwilliams@example.com,Cape Verde,2019-03-24,Basic,64934.98
9232,Cindy Zhang,benjamin88@example.net,Guadeloupe,2016-12-29,Standard,56902.91
9233,Eric Phillips,sanchezkathleen@example.net,Taiwan,2024-07-29,Standard,15613.67
9234,Joshua White,kimberlybell@example.org,India,2020-12-21,Premium,16720.36
9235,Daniel Nichols,mooneypatrick@example.org,Lithuania,2021-02-21,Basic,43002.49
9236,Kyle Elliott,melissa38@example.net,Benin,2023-03-19,Basic,57465.85
9237,Alexandra Lewis,edwardscaitlyn@example.net,Suriname,2020-12-22,Premium,14906.83
9238,Alyssa Casey,scottemily@example.net,Japan,2019-04-27,Premium,19550.52
9239,Ashley Keller,olsonkristen@example.org,Moldova,2021-10-21,Standard,9753.36
9240,Brian Greene,williamsdaniel@example.com,Netherlands,2025-04-04,Basic,13185.44
9241,Lindsay Wilson,bpeters@example.net,United Kingdom,2024-10-29,Standard,51763.02
9242,Kayla Guzman,nhowell@example.net,Taiwan,2024-06-07,Standard,34882.44
9243,Megan Stark,rebecca90@example.net,Italy,2015-08-02,Standard,57293.89
9244,Alexis Simmons,paulameyer@example.org,Uruguay,2016-02-21,Basic,55229.04
9245,Brittany Boone,ianbrooks@example.com,Ghana,2016-09-25,Standard,38747.03
9246,Jonathan Taylor,cookdavid@example.net,Ghana,2016-01-07,Standard,14691.1
9247,Austin Stephens,ahernandez@example.net,Iran,2019-07-03,Basic,22355.29
9248,Randy Moody,usullivan@example.com,Mayotte,2018-09-23,Premium,18897.03
9249,Kathy Martinez,huntjonathan@example.net,Cote d'Ivoire,2017-03-12,Basic,26887.8
9250,Bonnie Hendricks,nwarner@example.org,Niger,2018-08-06,Basic,71432.18
9251,Jordan Fernandez,tgomez@example.net,Western Sahara,2024-01-25,Standard,14438.25
9252,Pam Dickson,omarshall@example.org,Jersey,2019-12-12,Standard,1017.14
9253,Latoya Sweeney,ahardin@example.org,Cuba,2016-02-13,Standard,50460.97
9254,Robin Keith,scottnancy@example.net,Afghanistan,2024-12-16,Basic,46343.76
9255,Samuel Jones,smithmichael@example.net,Cote d'Ivoire,2021-02-26,Basic,27202.05
9256,Connor Watts,denise84@example.org,Greenland,2018-08-02,Standard,57662.03
9257,Benjamin Sexton,cuevasscott@example.net,Gabon,2022-12-09,Standard,55671.32
9258,Tyler Lloyd,xjohnson@example.net,Samoa,2018-06-05,Standard,56261.1
9259,Chelsea Howard,sheppardpatrick@example.com,Qatar,2016-05-05,Standard,66504.31
9260,Crystal Cabrera,josebarber@example.net,Comoros,2017-01-22,Basic,55713.19
9261,Jessica Green,markfitzpatrick@example.org,Eritrea,2019-07-24,Standard,7596.47
9262,Melanie Page,mendezjohn@example.net,South Africa,2021-09-15,Basic,64362.1
9263,Robert Andrews,mannwilliam@example.com,Dominica,2019-09-04,Standard,11664.39
9264,Diana Bird,tyler43@example.com,Pakistan,2021-12-06,Standard,6382.05
9265,Kevin Mccoy,shelleyhawkins@example.net,Grenada,2015-04-04,Basic,60325.93
9266,Phillip Walker,dakotawilliams@example.org,Mauritania,2022-10-16,Standard,8071.96
9267,Ricky Taylor,williamsstephen@example.com,Nepal,2019-04-08,Basic,73669.63
9268,Dale Oconnor,melinda70@example.net,Serbia,2015-08-30,Standard,7222.94
9269,Robert Miller,william24@example.org,South Africa,2024-07-12,Basic,66642.07
9270,Mrs. Gina Nguyen,nicole57@example.org,Nepal,2016-06-26,Basic,39601.11
9271,Lisa Adams,wsmith@example.com,Aruba,2023-12-22,Standard,18941.89
9272,Matthew Moore,laura99@example.org,Ethiopia,2016-08-02,Basic,30486.21
9273,Tonya Greer,jeff95@example.net,Spain,2016-05-30,Standard,37883.47
9274,Lance Martinez,stacyruiz@example.org,Jordan,2024-02-03,Standard,6507.97
9275,Lisa Underwood,thomasprice@example.org,Bhutan,2019-07-06,Standard,69608.33
9276,Matthew Ruiz,ddavila@example.com,Saint Barthelemy,2024-05-15,Standard,58716.75
9277,Stephanie Martinez,joshua78@example.net,Timor-Leste,2025-09-15,Standard,58487.48
9278,Chris Garcia,keith90@example.org,Thailand,2022-01-30,Premium,39798.59
9279,Gloria Morris,udixon@example.com,Congo,2025-06-16,Standard,43076.91
9280,Victoria Johnson,michellejohnson@example.org,Korea,2015-02-15,Basic,55995.21
9281,Danielle Soto,bobby53@example.org,Poland,2022-06-04,Standard,17471.99
9282,Paula Smith,butlerteresa@example.net,Kuwait,2025-07-04,Basic,47593.09
9283,Heather Brown,ndonovan@example.net,Denmark,2016-06-14,Basic,26539.2
9284,Benjamin Herrera,william51@example.org,Bulgaria,2020-02-11,Basic,41457.3
9285,Melissa Cisneros,likeith@example.com,Eritrea,2016-08-20,Premium,15292.45
9286,Ashley Stokes,glennpacheco@example.org,Somalia,2022-05-31,Premium,72022.19
9287,Taylor Jones,gabrielleheath@example.org,Netherlands Antilles,2021-04-08,Standard,63435.07
9288,Jessica Guzman,belliott@example.com,Lao People's Democratic Republic,2016-06-11,Standard,37127.6
9289,Amanda Callahan,uwhite@example.org,Belarus,2020-03-11,Standard,14555.25
9290,Robin Cook,marshalljulian@example.net,Oman,2018-12-03,Basic,11069.92
9291,Vanessa Mcfarland,melaniefloyd@example.org,Ireland,2025-02-07,Premium,25267.11
9292,Mercedes Davidson,usmith@example.net,Andorra,2022-08-04,Basic,3591.02
9293,Anthony Howard,ihuang@example.com,Costa Rica,2024-01-02,Basic,66372.66
9294,Rachel Heath,tammysimon@example.org,Saint Martin,2016-08-26,Standard,53060.65
9295,Leslie Huffman,ruthmiller@example.net,Netherlands Antilles,2019-06-25,Basic,71092.46
9296,Rachel Rodriguez,francescohen@example.com,Guatemala,2018-03-25,Premium,28662.72
9297,Lee Jenkins,tracysanchez@example.org,Sweden,2025-06-28,Standard,13219.31
9298,Diane Wells,jeffrey50@example.org,Niue,2019-09-11,Basic,19845.52
9299,Eddie Hart,vincentcraig@example.net,Hong Kong,2024-12-09,Basic,63578.08
9300,Ethan Campbell,ortizbrian@example.net,Germany,2024-01-09,Standard,33973.85
9301,Nancy Simpson,vincent60@example.com,Cayman Islands,2025-10-31,Standard,73484.84
9302,Ryan Jacobson,jamescooley@example.net,Cyprus,2015-04-06,Standard,53921.78
9303,Alison Williams,ltownsend@example.org,American Samoa,2020-08-20,Standard,6486.51
9304,Richard Davila,matthew28@example.org,Costa Rica,2018-09-15,Basic,43935.67
9305,John Stewart,jnoble@example.org,Cameroon,2017-11-29,Standard,72229.52
9306,Brady Johnson,danielwarren@example.org,Albania,2019-05-13,Standard,7259.18
9307,Rebecca Williams,nathanchase@example.org,Ecuador,2019-11-03,Standard,63114.57
9308,Justin Soto,mnicholson@example.com,Cocos (Keeling) Islands,2021-04-08,Basic,16736.68
9309,Mary Russell,bgallagher@example.com,Angola,2020-09-21,Standard,38272.27
9310,George Thompson,michael27@example.com,Cape Verde,2018-11-24,Standard,66035.49
9311,Ashley Hudson,silvamichael@example.com,Guinea,2025-12-14,Standard,73694.58
9312,Rachel Torres,kingjoseph@example.net,Australia,2015-10-31,Standard,62261.7
9313,Eric Shields,chelseaturner@example.net,Nicaragua,2015-08-03,Standard,49510.39
9314,Jasmine Patterson,reillydonna@example.net,Trinidad and Tobago,2025-05-26,Standard,9816.28
9315,Shelley Kirk,xadams@example.net,New Caledonia,2024-12-02,Premium,44470.47
9316,Alexis Davis,hernandezantonio@example.org,Brazil,2023-02-25,Premium,7552.1
9317,Jeffrey Marshall,jacob63@example.com,Niger,2015-02-07,Basic,41811.94
9318,Brooke Scott,kevin50@example.com,Jordan,2021-08-10,Basic,36279.08
9319,Mrs. Kelsey Woodard,salinaslaura@example.net,Dominican Republic,2025-02-13,Standard,56554.41
9320,Lauren Henry,sherri14@example.org,Ghana,2021-11-25,Basic,56586.48
9321,Kathryn Crawford,dustin12@example.org,Slovakia (Slovak Republic),2017-04-29,Premium,38293.25
9322,Xavier Harrison,laurensmith@example.org,Gabon,2023-03-11,Standard,57054.62
9323,Timothy Thompson,kathleenrodriguez@example.com,Burkina Faso,2021-07-31,Standard,74609.66
9324,Amanda Goodwin,tchapman@example.net,Greece,2023-03-09,Basic,57455.92
9325,Eddie Smith,gjones@example.com,Isle of Man,2023-01-20,Standard,12844.51
9326,Lawrence Sanchez,daniel49@example.org,Palau,2021-08-10,Standard,23275.97
9327,Thomas Baird,ashleymercado@example.net,Argentina,2020-02-26,Basic,9372.13
9328,Heather Kennedy,frazierjames@example.org,Guyana,2025-09-25,Basic,54898.01
9329,Pamela Gutierrez,psutton@example.net,Tanzania,2016-06-08,Standard,23245.0
9330,Joseph Sullivan,frenchjasmine@example.org,Macao,2024-11-24,Standard,44242.17
9331,Andrew Tyler,alexandrashepherd@example.com,Cayman Islands,2020-04-26,Premium,55222.39
9332,Michael Campbell,kenneth75@example.com,Barbados,2021-04-30,Standard,4458.09
9333,Peter Morales,yeseniamoore@example.net,Swaziland,2022-05-17,Standard,16774.44
9334,Michaela Kelley,martinnancy@example.org,New Caledonia,2024-01-22,Basic,37133.47
9335,Rhonda Elliott,mcdonaldheidi@example.org,Morocco,2023-07-07,Standard,64873.73
9336,Kelly Hood,ylucas@example.org,Korea,2020-12-05,Standard,61148.26
9337,Jennifer Stone,bmontoya@example.org,Cape Verde,2023-12-20,Basic,31186.9
9338,Jerry Klein,victoria44@example.org,Guatemala,2016-09-03,Standard,51735.3
9339,Heather Mitchell,vstafford@example.net,Marshall Islands,2023-09-07,Standard,12718.23
9340,Todd Jones,sarakramer@example.org,Madagascar,2022-06-10,Standard,49766.48
9341,Rachel Yu,michael44@example.com,Kiribati,2020-11-22,Standard,66471.48
9342,Erika Myers,phamdaniel@example.net,Zimbabwe,2025-02-07,Basic,53838.58
9343,Mark Duncan,danielbaker@example.net,Holy See (Vatican City State),2020-11-28,Premium,57354.64
9344,Eric Stanton,michael45@example.com,South Africa,2017-05-08,Standard,18598.83
9345,Mark Andrews,allisonthompson@example.com,Bolivia,2020-10-07,Premium,67396.26
9346,Kevin Hayes,richardwalker@example.com,Antigua and Barbuda,2018-05-05,Standard,40254.54
9347,Tina Johnson,david39@example.org,Philippines,2020-06-09,Standard,62427.28
9348,Sara Moore,jgarcia@example.com,Slovakia (Slovak Republic),2020-08-19,Basic,48025.61
9349,Michael Miller,lsteele@example.org,Dominican Republic,2018-02-14,Premium,71194.48
9350,Gary Lewis,doughertykatherine@example.org,Nigeria,2020-05-18,Standard,41486.89
9351,Mr. Curtis Mccall,deanmelissa@example.net,Zimbabwe,2021-06-11,Basic,55121.44
9352,Anna Serrano,kyle62@example.net,Singapore,2018-10-03,Standard,43219.4
9353,Matthew Meyer,hoffmanjake@example.com,Saint Kitts and Nevis,2022-02-18,Premium,17521.06
9354,Pamela Taylor,kreynolds@example.net,El Salvador,2018-08-13,Standard,70337.71
9355,Nicole Pierce,garzarichard@example.com,Portugal,2022-12-14,Basic,51355.01
9356,Patricia Parks,jcollier@example.com,Reunion,2025-05-11,Standard,47230.99
9357,Caitlyn Salazar,walkermelissa@example.com,British Virgin Islands,2018-01-29,Standard,46793.27
9358,Jose Rodriguez,doughertytracy@example.com,Angola,2018-02-06,Standard,34437.21
9359,Steven Stephens,thall@example.net,Australia,2022-11-30,Premium,51515.88
9360,Bruce Mcdaniel,andersonvictor@example.org,Mongolia,2019-04-30,Standard,72812.25
9361,Patricia Brown,butlerjeremy@example.org,Jamaica,2016-10-02,Standard,73711.33
9362,Ethan Dougherty,rivasshannon@example.org,Mozambique,2016-05-07,Standard,24411.48
9363,Thomas Hamilton,carl66@example.org,Iraq,2023-11-10,Basic,48980.55
9364,George Dunn,kristie44@example.net,Burkina Faso,2017-11-19,Standard,37103.23
9365,Anthony Nelson,wcarter@example.org,Macao,2019-07-23,Standard,20299.51
9366,William Adkins,daniel65@example.org,Lithuania,2023-08-10,Standard,24042.44
9367,Jennifer Richmond,stacycooper@example.org,Germany,2018-06-26,Standard,48189.13
9368,Anna Owens,reneedavis@example.org,Hong Kong,2019-12-10,Basic,45950.46
9369,Tiffany Tran,andrew63@example.com,Greece,2025-06-28,Standard,32150.9
9370,Kelsey Peterson,esellers@example.org,France,2015-07-24,Basic,68535.24
9371,Wesley Wagner,ryanhale@example.com,Christmas Island,2023-04-05,Standard,15689.23
9372,Catherine Ward,alyssameyer@example.com,Algeria,2024-05-13,Standard,13980.49
9373,Evelyn Bailey,phillipalvarez@example.org,Greece,2024-05-21,Premium,58875.18
9374,Shelby Wilson,coreysims@example.org,Russian Federation,2018-09-02,Premium,56955.42
9375,Traci Acosta,agreen@example.org,Guatemala,2016-09-27,Standard,49002.52
9376,Emily Wilson,caseydaniel@example.org,Latvia,2016-06-01,Standard,21238.44
9377,Mark Allen,tiffanyjohnson@example.org,Bouvet Island (Bouvetoya),2023-11-18,Standard,57009.51
9378,Megan Mccormick,wspencer@example.org,Nicaragua,2022-06-07,Basic,23071.9
9379,Rebecca Strickland,jacksonjennifer@example.org,North Macedonia,2019-08-08,Standard,36099.9
9380,Caitlin Flores,erin96@example.org,Spain,2020-10-30,Standard,42687.49
9381,Tracy Rios,peter74@example.net,Barbados,2022-10-14,Basic,32833.07
9382,Wayne Boyd,stewartmarcus@example.org,Congo,2022-02-08,Premium,6440.25
9383,Jessica Wolfe,thomas51@example.net,Albania,2018-01-29,Basic,72819.42
9384,Derrick Taylor,phillip89@example.net,Cote d'Ivoire,2025-03-16,Premium,15497.6
9385,Ricky Morgan,westryan@example.net,Guyana,2024-05-27,Standard,624.35
9386,Roger Sawyer,andrew47@example.com,Cameroon,2019-12-02,Basic,65317.41
9387,Todd Moore,oliverdominic@example.com,Samoa,2024-11-18,Basic,28260.91
9388,Elizabeth Ritter,laura40@example.net,Luxembourg,2023-05-18,Standard,30168.32
9389,Ariel Wells,hrodriguez@example.com,Korea,2018-08-29,Standard,69658.66
9390,Brittany Blackwell,rhondamyers@example.org,Pakistan,2015-03-06,Standard,31407.96
9391,Wesley Davis,foxkim@example.net,Netherlands,2025-01-03,Standard,44036.35
9392,Mark Case,dennis12@example.org,Sri Lanka,2019-11-27,Standard,46225.31
9393,Laura Collins,psanchez@example.net,Botswana,2023-05-21,Standard,20232.43
9394,Natasha Donaldson,dylan69@example.org,Bolivia,2022-11-09,Basic,30366.82
9395,Alexander Bennett,vaughnmark@example.org,United States of America,2022-01-20,Premium,10418.47
9396,Antonio Martinez,nicholasmorrison@example.net,New Zealand,2025-05-17,Standard,15664.21
9397,Rachel Russell,samantha43@example.com,El Salvador,2021-12-31,Standard,59549.8
9398,Keith Marquez,cooperjennifer@example.org,Belarus,2022-09-30,Standard,8254.64
9399,Rachel Jackson,umartinez@example.net,Slovenia,2018-11-30,Standard,39920.99
9400,Denise Phillips,dperry@example.net,Palestinian Territory,2025-05-18,Standard,55481.72
9401,Norman Kim,rebecca60@example.org,Samoa,2019-02-01,Standard,60275.71
9402,Joe King DDS,bmccormick@example.net,Guernsey,2015-12-17,Basic,13010.76
9403,Debra Copeland,lawrencemorgan@example.net,Djibouti,2025-11-16,Basic,71206.56
9404,Joseph Gordon,kyle80@example.org,Brunei Darussalam,2023-10-19,Standard,66483.5
9405,Adrian Salazar,xhill@example.org,Bangladesh,2021-03-31,Standard,49312.86
9406,Kathleen Ortega,ariana27@example.com,Brunei Darussalam,2020-07-29,Standard,1715.86
9407,Crystal David,shannoneric@example.net,Dominican Republic,2021-02-26,Standard,65637.7
9408,Thomas Walsh,djohnson@example.com,Colombia,2019-05-02,Premium,68585.39
9409,Louis Butler,tim39@example.org,Hong Kong,2025-07-27,Standard,19671.67
9410,Ashley Howell,mpierce@example.org,Dominica,2022-03-11,Standard,29975.46
9411,James Donovan,bennettjeff@example.net,Fiji,2019-06-08,Standard,21820.71
9412,Rachel Ellis,matthewthompson@example.com,Liberia,2023-09-17,Premium,42198.11
9413,Bryan Bailey,haydenhamilton@example.org,Northern Mariana Islands,2024-04-23,Basic,62381.42
9414,Darrell Palmer,rosemichael@example.org,Antigua and Barbuda,2025-01-08,Standard,50056.2
9415,April Sims,chelseygarrett@example.com,Austria,2016-02-14,Standard,42821.47
9416,John Armstrong,barbara35@example.org,Iran,2020-06-02,Standard,5084.39
9417,John White,paulaanderson@example.com,Guernsey,2021-06-03,Standard,5372.0
9418,David Hansen,cmorgan@example.net,Italy,2016-01-29,Standard,20980.92
9419,Kristin Smith,brucemartin@example.org,Bolivia,2016-11-07,Basic,45400.15
9420,Mr. Justin Flores,katherine43@example.org,Cambodia,2019-10-26,Standard,50495.78
9421,Jason Wright,hensleykeith@example.com,Ecuador,2016-12-29,Basic,46588.46
9422,Brian Mitchell,silvaallison@example.net,Vanuatu,2017-09-28,Standard,50554.05
9423,Jennifer Williams,owolfe@example.com,Armenia,2022-06-08,Standard,48395.94
9424,Robert Randolph,benjaminbailey@example.org,Djibouti,2019-12-28,Standard,20590.47
9425,Christine Chavez,romerojeremy@example.org,Ireland,2018-07-31,Standard,28597.84
9426,Mr. Chad Koch,vcantrell@example.net,Mexico,2015-03-18,Standard,2993.36
9427,John Cook,mitchelllisa@example.net,Saint Barthelemy,2021-11-14,Standard,22898.68
9428,Gregory Yoder,elizabethedwards@example.org,Cambodia,2017-05-11,Standard,59585.92
9429,Mark Jackson,zparker@example.net,Western Sahara,2023-08-03,Standard,23117.34
9430,Tracy Anderson,wmiller@example.com,Saint Pierre and Miquelon,2020-07-10,Standard,35438.61
9431,John Clark,jennifer97@example.net,Kuwait,2023-12-24,Premium,64521.8
9432,Kimberly Oconnor,hansenwilliam@example.com,Bolivia,2023-02-21,Standard,71318.52
9433,William Ferrell,ywilliamson@example.org,Nicaragua,2023-08-11,Premium,43774.13
9434,Cindy Carlson,joanna99@example.net,Greenland,2020-06-17,Standard,67345.21
9435,Cathy Anderson,patriciamartin@example.org,Gabon,2017-09-14,Standard,71222.25
9436,Susan Wilson,sarah81@example.org,Turks and Caicos Islands,2017-05-12,Standard,8663.36
9437,Taylor Horne,johnlewis@example.com,Congo,2016-05-26,Standard,34920.01
9438,Mary Roberts,jasonmorris@example.net,Puerto Rico,2016-03-25,Basic,49883.26
9439,Natasha Lawson,hadkins@example.org,United States of America,2017-10-30,Premium,25143.69
9440,John Lopez,mary10@example.org,Pakistan,2023-08-06,Standard,64445.92
9441,Richard Montoya,chill@example.net,Ethiopia,2017-09-11,Standard,72080.36
9442,William Hale,handerson@example.net,United States of America,2022-05-24,Standard,61443.88
9443,Jessica Johnson,megangordon@example.org,Botswana,2016-06-30,Standard,40357.83
9444,Jose Jones,jacksonnicholas@example.com,Venezuela,2020-04-02,Standard,70708.17
9445,Joseph Christensen,barnettrobert@example.com,Saint Martin,2017-11-08,Basic,25423.29
9446,Michael Morgan,jacobsmicheal@example.com,Saint Vincent and the Grenadines,2022-04-08,Premium,25860.01
9447,Erin Rose,jonesjeremy@example.org,Belarus,2018-06-19,Basic,47632.53
9448,Roy Burke,greenjesse@example.org,Ukraine,2024-10-26,Premium,40164.05
9449,Maria Maxwell,michaellynch@example.com,Ecuador,2021-12-12,Standard,35202.58
9450,Michael Mckenzie,kendrapatterson@example.net,Faroe Islands,2024-08-26,Standard,11585.74
9451,Ashley Wheeler,ashleyfisher@example.org,Kenya,2019-03-08,Premium,27662.21
9452,Susan Ramos,adamalvarez@example.org,Peru,2023-09-11,Standard,1569.56
9453,Adam Foster,smithhaley@example.net,Zimbabwe,2025-11-08,Standard,43759.96
9454,William Mitchell,vfletcher@example.net,Zimbabwe,2021-09-14,Basic,36577.33
9455,Maureen Chavez,sophia72@example.com,Samoa,2025-05-28,Standard,36712.98
9456,Dr. Pedro Moore Jr.,jamesreyes@example.net,Grenada,2019-07-07,Standard,49108.18
9457,David Green,adamjones@example.com,Nicaragua,2025-03-16,Premium,59109.26
9458,Timothy White,youngbreanna@example.org,Peru,2022-01-16,Standard,68203.98
9459,Rachael Harris,tamara56@example.com,Cook Islands,2019-08-09,Standard,58307.93
9460,Riley Grimes,grayashley@example.net,Austria,2023-04-03,Standard,16202.02
9461,Donna Salazar,mcleansydney@example.com,Georgia,2018-05-21,Standard,72184.18
9462,Jacob Rivera,washingtonbecky@example.net,Djibouti,2020-03-19,Standard,22718.58
9463,Mrs. Breanna Gordon,belinda28@example.com,Sri Lanka,2021-08-25,Premium,30183.43
9464,Garrett Cowan,alvarezmaureen@example.org,Svalbard & Jan Mayen Islands,2023-01-13,Basic,33482.98
9465,Kaylee Wiggins,gonzaleztony@example.net,Poland,2020-07-11,Premium,54782.62
9466,Alvin Williams,smithvictoria@example.com,Marshall Islands,2024-01-29,Standard,36813.2
9467,Laura Webb DDS,sheenacummings@example.com,United Kingdom,2025-12-04,Basic,52091.7
9468,Jamie Turner,marywilson@example.com,Myanmar,2023-01-02,Standard,41808.83
9469,Michael Lawson,heatherreynolds@example.com,Myanmar,2015-06-20,Standard,25668.41
9470,Toni Carpenter,vincent59@example.com,Tuvalu,2025-07-12,Standard,16452.22
9471,Isaac Martinez,jennystewart@example.net,Iraq,2019-07-07,Standard,53612.88
9472,Michael Ellis,amy57@example.com,Marshall Islands,2017-02-21,Premium,34745.59
9473,Alexander Jones,kristopher75@example.org,Christmas Island,2015-03-21,Standard,29275.72
9474,Jacob Young,william00@example.org,Spain,2022-08-08,Premium,26258.11
9475,Michael Jackson,wyork@example.org,Kenya,2023-07-02,Premium,63517.19
9476,Patricia Mathews,mendozajennifer@example.org,South Georgia and the South Sandwich Islands,2025-07-17,Premium,56290.42
9477,Stephen Anderson,georgedamon@example.com,Saint Helena,2022-03-31,Standard,43065.2
9478,Jodi Moore,jackpark@example.com,Turks and Caicos Islands,2021-02-02,Standard,2749.91
9479,Jesse Howard,philliphaley@example.net,Marshall Islands,2025-08-03,Standard,44904.34
9480,Tina Jackson,tayloredward@example.com,Micronesia,2016-02-05,Standard,23707.75
9481,Marc Todd,ballchristian@example.net,Faroe Islands,2016-03-25,Standard,52846.76
9482,Jennifer Warner,samuelbell@example.org,Angola,2024-02-02,Basic,27546.1
9483,Timothy Clark,angela77@example.org,Ethiopia,2023-08-23,Basic,49927.54
9484,David Newman,deandavid@example.net,Kenya,2019-12-29,Basic,44006.94
9485,Joseph Mckenzie,zbaker@example.org,Brazil,2017-03-21,Standard,18936.5
9486,Dylan Boyer,pyates@example.com,Belize,2017-09-10,Basic,36638.83
9487,Ashley Juarez,miranda76@example.net,Serbia,2018-12-29,Standard,50617.05
9488,Sarah Proctor,rebecca21@example.net,Iran,2015-07-06,Basic,44677.39
9489,Tammy Franklin,christopherturner@example.com,Belize,2016-06-28,Standard,34220.48
9490,Peter Sanchez,pdavis@example.net,Anguilla,2023-09-27,Standard,16276.31
9491,Elizabeth Smith,olivialee@example.com,Cyprus,2023-12-25,Premium,16218.93
9492,Gary Munoz,james72@example.org,Seychelles,2017-03-05,Standard,8208.67
9493,Michelle Wolfe,osmith@example.com,Russian Federation,2017-02-15,Standard,5812.2
9494,Elizabeth Taylor,melissaabbott@example.net,Liechtenstein,2024-08-12,Premium,35240.14
9495,Lisa Perry,griffinpatricia@example.org,Armenia,2018-06-22,Standard,37064.29
9496,Robert Zuniga,warnercrystal@example.org,Czech Republic,2019-07-18,Basic,17196.65
9497,Daniel Wade,michaeltorres@example.org,Portugal,2018-07-08,Basic,69235.58
9498,Thomas Flores PhD,raymond26@example.com,Romania,2021-05-14,Standard,57948.85
9499,Brett Jackson,grobinson@example.org,El Salvador,2024-12-01,Standard,57704.76
9500,Terry Gillespie,stephanieperez@example.net,North Macedonia,2020-10-31,Premium,52164.18
9501,Donald Arroyo PhD,ashleycummings@example.net,Saint Helena,2023-08-11,Basic,14902.29
9502,Steven James,popebrandi@example.net,Tonga,2015-02-15,Basic,66875.01
9503,Gregory Davis,figueroachad@example.org,Vietnam,2022-07-21,Standard,68584.43
9504,Samantha Gutierrez,james59@example.net,Panama,2023-09-07,Basic,60393.31
9505,Monica Brown,dawn32@example.org,Rwanda,2021-04-15,Standard,63300.2
9506,Kristin Valdez,josephsantos@example.net,Netherlands,2015-04-14,Basic,29389.94
9507,Michael Flores,jenniferfleming@example.org,Austria,2018-11-04,Standard,73079.63
9508,Jennifer Copeland,omartinez@example.com,Kiribati,2019-08-28,Standard,74376.78
9509,Rebecca Perkins,josephfletcher@example.net,Iran,2024-01-30,Standard,54777.12
9510,Lisa Jackson,hharris@example.net,Pakistan,2023-09-24,Standard,20015.14
9511,Jennifer Smith,jenniferbennett@example.net,New Zealand,2020-09-05,Basic,10826.41
9512,Anthony Flores,ypowell@example.org,Saint Vincent and the Grenadines,2019-10-24,Basic,39350.97
9513,Dillon Thomas,marydavis@example.net,Uganda,2024-02-01,Basic,8000.55
9514,George Miller,nicholasgibbs@example.net,Nepal,2017-03-14,Premium,9849.59
9515,Matthew White,dmoore@example.org,Bouvet Island (Bouvetoya),2017-12-16,Basic,12676.96
9516,Luis Johnson,kpatterson@example.org,Namibia,2024-09-20,Standard,12687.75
9517,Benjamin Kelly,wilsonhenry@example.org,French Polynesia,2025-05-09,Standard,28476.41
9518,Alexandra Gregory,tina17@example.com,Albania,2022-03-14,Premium,36820.08
9519,Lisa Wilson,nwoods@example.org,Mali,2016-08-24,Standard,60500.65
9520,Alex Owens,nelsonsara@example.org,Panama,2024-09-13,Basic,60798.39
9521,Sarah Solis,tristan86@example.org,Haiti,2023-07-05,Standard,73261.74
9522,Melissa Wright,flynndavid@example.net,Gabon,2022-01-21,Standard,72291.14
9523,David Morris,davidruiz@example.org,Oman,2019-03-05,Standard,28471.29
9524,Hannah Williams,rebeccabrown@example.com,Tonga,2022-09-12,Basic,13769.54
9525,James Oliver,glennwhite@example.org,Romania,2025-05-14,Basic,21192.26
9526,Sabrina Meyer,cynthia74@example.net,Congo,2023-12-10,Premium,39177.7
9527,Deborah Miller,nicoleabbott@example.org,Gibraltar,2024-07-13,Basic,40041.18
9528,Brandi Porter,sheila02@example.net,Bouvet Island (Bouvetoya),2015-12-16,Basic,52297.15
9529,Christine Hernandez,nvincent@example.net,Cocos (Keeling) Islands,2017-02-07,Standard,69122.14
9530,Kristine Hatfield,gmarsh@example.org,Iceland,2018-10-16,Standard,1617.2
9531,Daniel Garrett,kristy12@example.net,Mozambique,2024-04-04,Premium,15654.3
9532,Jennifer Young,blackanthony@example.net,Ecuador,2022-09-27,Standard,40605.66
9533,Alejandra Hayes,floydkenneth@example.com,Cook Islands,2025-09-01,Standard,33480.8
9534,Allison Wells,kelleyamanda@example.net,Dominica,2023-10-02,Basic,38596.08
9535,Julia Allen,brooke40@example.net,Western Sahara,2018-02-18,Premium,58449.93
9536,Whitney Pena,wendymeyers@example.org,Oman,2017-12-01,Basic,70447.7
9537,Mark Wright,melissamurphy@example.org,India,2015-04-25,Standard,10309.79
9538,Kelsey Roberts,john89@example.org,Central African Republic,2020-11-09,Basic,19762.4
9539,Derek Adkins,thomasstephens@example.com,Honduras,2017-12-29,Standard,18409.32
9540,Eric Diaz,ycochran@example.net,Portugal,2016-03-31,Basic,67480.16
9541,Kaylee Jackson,jennifer12@example.com,Seychelles,2017-04-28,Standard,12881.55
9542,Natalie Garcia,robertfoster@example.org,South Georgia and the South Sandwich Islands,2015-01-07,Basic,1103.49
9543,Tammy Crawford,matthew56@example.net,Guadeloupe,2019-06-06,Standard,65914.12
9544,Don Davis,gregory38@example.com,Belarus,2020-05-31,Basic,35286.28
9545,Emily Franklin,walkerdenise@example.org,Cape Verde,2019-09-24,Premium,43082.49
9546,Patricia Brown,milleralbert@example.org,Paraguay,2016-03-20,Standard,36366.84
9547,Alexander Johnson,jessica28@example.org,Italy,2020-03-19,Basic,17983.57
9548,Evan Watts,banksallison@example.org,North Macedonia,2019-03-09,Standard,55599.58
9549,Melody Stout,craig72@example.com,Comoros,2020-05-31,Premium,31724.81
9550,Don Flores,mary24@example.com,Israel,2019-09-01,Standard,5159.61
9551,Melissa Bridges,michael72@example.org,Australia,2016-08-26,Standard,7262.23
9552,Bryan Miller,johnsondonald@example.net,Gabon,2024-06-25,Premium,41033.61
9553,Jessica Ellis,hhamilton@example.net,Christmas Island,2022-05-14,Standard,42178.33
9554,Kent Owens,scottpeterson@example.com,Panama,2024-02-16,Standard,37700.04
9555,Lisa Phillips,dalecohen@example.org,Thailand,2024-12-08,Standard,3592.53
9556,James Hobbs,rosslindsey@example.org,Grenada,2024-06-22,Basic,12347.19
9557,William Nicholson,kjackson@example.net,Belgium,2019-06-29,Standard,24805.86
9558,Marcia Harris,xmorgan@example.org,Niue,2018-05-07,Standard,32347.63
9559,Carlos Gomez,robinsonkimberly@example.com,Mali,2019-07-02,Premium,46062.36
9560,Brenda Johnson,hestermelissa@example.net,United States Minor Outlying Islands,2022-09-05,Premium,53914.82
9561,Maxwell Mccann,kevin07@example.net,Eritrea,2015-03-25,Basic,45789.65
9562,Danielle Lewis,garciastephanie@example.com,French Southern Territories,2023-12-05,Standard,68401.27
9563,Melissa Lucas,brandon96@example.com,Portugal,2021-05-01,Basic,2730.98
9564,Sean Sanders,steven05@example.com,Russian Federation,2022-03-27,Basic,56363.99
9565,John Smith,xsmith@example.com,San Marino,2018-10-09,Premium,22552.99
9566,Samuel Romero,ibarnett@example.org,Lesotho,2022-11-28,Basic,74854.16
9567,Cassandra Harrison,michaelmorales@example.net,Guinea-Bissau,2015-08-06,Basic,33934.49
9568,Christian Gutierrez,katherinemontgomery@example.net,Palau,2024-09-06,Premium,5419.06
9569,Lisa Campbell,crawfordsamuel@example.com,Turkmenistan,2017-02-08,Standard,43146.65
9570,Jenny Henderson,haley89@example.net,India,2021-07-01,Standard,40975.98
9571,Timothy Rogers,sandovalryan@example.org,Moldova,2020-03-08,Standard,71597.73
9572,Duane Harris,michellecortez@example.org,Afghanistan,2018-09-22,Standard,9060.46
9573,Michael Ruiz,bburton@example.org,United Kingdom,2017-10-16,Basic,5257.11
9574,Deborah Finley,andrewpena@example.net,Kuwait,2016-07-21,Standard,29998.49
9575,Diana Ward,qhill@example.org,Saint Vincent and the Grenadines,2016-12-04,Basic,25734.38
9576,Charles Martinez,susanlynch@example.com,Dominican Republic,2016-12-14,Standard,507.68
9577,Kelly Wilson,fernandeztravis@example.net,Guinea,2025-06-03,Premium,42961.16
9578,Jordan Phillips,jessicasmith@example.org,Uzbekistan,2020-09-20,Basic,41392.62
9579,Shane Gonzales,gabriela86@example.org,Swaziland,2020-10-07,Standard,59501.88
9580,Madison Shea,katherinereyes@example.com,Mauritania,2025-05-29,Premium,64896.75
9581,Kathryn Clay,francokaren@example.org,Guernsey,2019-02-16,Standard,15124.26
9582,Paula Jordan,edward05@example.org,Sudan,2024-04-12,Standard,56761.4
9583,Sarah Brown,thompsonmichael@example.com,Lao People's Democratic Republic,2021-12-20,Standard,51262.61
9584,Jenna Liu,guzmanjennifer@example.com,Kuwait,2019-01-23,Standard,568.56
9585,Kyle Juarez,susan18@example.com,Poland,2018-08-29,Standard,66432.87
9586,Benjamin Webster,wesleygonzalez@example.net,Paraguay,2018-10-16,Basic,36131.34
9587,David Wright,whitney65@example.net,Falkland Islands (Malvinas),2017-06-10,Basic,28459.29
9588,Molly Spencer,olivia76@example.org,Afghanistan,2016-05-15,Basic,53024.88
9589,Keith Hall,kimberly67@example.org,Korea,2015-11-30,Premium,12428.6
9590,Michael Rodriguez,hmyers@example.com,Sweden,2023-08-01,Standard,68074.13
9591,Charles Fisher,castillolauren@example.org,Guyana,2017-09-28,Premium,68338.44
9592,Edward Spencer,andrew82@example.net,Myanmar,2019-02-14,Standard,42958.92
9593,Alexis Davis,brownnicholas@example.net,Pitcairn Islands,2022-12-03,Standard,47700.25
9594,Michael Trevino,westjesse@example.com,Monaco,2025-06-13,Standard,43469.6
9595,Danielle Smith,carolynhenderson@example.org,Korea,2024-09-02,Standard,60649.95
9596,Sara Abbott,mthompson@example.com,Australia,2025-06-01,Standard,7722.48
9597,Ernest Lowe,elizabethjackson@example.com,United States of America,2022-11-04,Standard,64312.27
9598,Ralph Mitchell,christinawolf@example.com,French Guiana,2019-08-10,Premium,2691.21
9599,Frederick Vasquez,albertgates@example.org,Bosnia and Herzegovina,2025-01-06,Standard,68089.71
9600,Daniel Martin,johndavis@example.net,Turks and Caicos Islands,2017-11-04,Standard,5760.11
9601,Ryan Robinson,osnow@example.net,Singapore,2015-01-20,Basic,52473.87
9602,James Sanford,matthewgarcia@example.net,Tunisia,2017-11-03,Standard,72247.43
9603,Jason Campbell,paul97@example.net,Mayotte,2022-02-12,Standard,17581.46
9604,Hunter Duffy,sydneyfrost@example.net,Saint Barthelemy,2017-05-05,Standard,44397.1
9605,Ebony Parker,tgreene@example.net,Malta,2017-11-26,Standard,29042.57
9606,James Fry,bgarcia@example.net,Norway,2023-07-27,Premium,41912.1
9607,Ashley Poole,imiller@example.net,Jersey,2024-09-15,Basic,34448.51
9608,Jenna Green MD,williamsjames@example.com,Saint Kitts and Nevis,2015-02-08,Standard,64363.72
9609,Bradley Farmer,qchavez@example.org,Belgium,2018-08-22,Standard,17026.94
9610,Alison Parker,julia13@example.com,Bolivia,2023-01-05,Basic,49290.12
9611,Michelle Vance,kgraves@example.org,Solomon Islands,2020-02-07,Basic,59978.1
9612,Brian Higgins,alexanderamber@example.com,Tuvalu,2017-08-13,Standard,50205.16
9613,Tiffany Kidd,gregorygrant@example.net,Peru,2020-04-19,Basic,48019.19
9614,Autumn Heath,losborn@example.com,South Georgia and the South Sandwich Islands,2017-07-13,Basic,3584.39
9615,Zachary Waller,joseburch@example.net,Jersey,2019-09-18,Standard,43615.77
9616,Donald Hartman,pwilson@example.net,Austria,2020-01-23,Basic,54261.53
9617,Jason Morgan,markjohnson@example.net,Saudi Arabia,2020-08-09,Standard,56681.02
9618,Tina Porter,gjones@example.net,Timor-Leste,2024-09-26,Basic,19986.03
9619,Michael Jordan,hallsusan@example.com,Angola,2018-05-22,Standard,58516.25
9620,Carlos Hinton,rharding@example.com,Somalia,2024-08-18,Standard,67293.65
9621,Christian Bates,bradley74@example.com,Jordan,2024-10-16,Premium,22934.43
9622,Justin Monroe,sherridaniels@example.org,Samoa,2017-06-08,Basic,54470.79
9623,Laura Smith,qhunter@example.net,Kenya,2018-11-11,Basic,40719.75
9624,Austin Matthews,timothy11@example.com,Belarus,2024-06-23,Standard,64269.32
9625,Scott Johnson,justinherrera@example.com,Ghana,2020-02-07,Standard,36402.74
9626,Jennifer Harris,crosskatie@example.org,Lao People's Democratic Republic,2024-12-28,Standard,63691.07
9627,Aaron Abbott,rsalazar@example.org,Israel,2023-01-20,Basic,61367.73
9628,Donald Valentine,richard10@example.org,Nauru,2019-08-21,Basic,60255.28
9629,Elizabeth Martinez,sanchezlarry@example.com,Cote d'Ivoire,2015-07-29,Basic,8112.67
9630,Chelsea Reid,jennifer21@example.com,Guyana,2020-04-20,Standard,74493.9
9631,Kathryn Miller,wparsons@example.net,Saudi Arabia,2019-01-22,Standard,66113.18
9632,Craig Bass,hwade@example.net,Netherlands Antilles,2019-09-10,Standard,55802.68
9633,Ronald Oneill,traceybrown@example.org,Niger,2021-05-04,Standard,11451.89
9634,Mckenzie Anderson,vasquezkari@example.org,New Zealand,2019-05-06,Basic,11589.63
9635,Daniel Davis MD,markryan@example.org,Fiji,2020-09-07,Standard,15954.1
9636,Anna Quinn,codypayne@example.net,Cocos (Keeling) Islands,2022-08-18,Standard,70759.68
9637,Nicole Jackson,greenlance@example.com,Aruba,2015-02-12,Premium,15440.51
9638,Erica Moses,jasondavis@example.com,Namibia,2022-09-07,Standard,19522.13
9639,Martha Clay,donaldhorton@example.com,Russian Federation,2023-04-26,Standard,64405.79
9640,Leonard Thompson,probertson@example.net,Bouvet Island (Bouvetoya),2019-04-02,Standard,63253.11
9641,Erin Mcclain,jessica08@example.net,Saint Vincent and the Grenadines,2017-01-15,Basic,54736.31
9642,Mark Murray,sarahwerner@example.com,Myanmar,2023-01-19,Basic,71550.87
9643,Brett David,xrobinson@example.org,Ghana,2020-10-28,Basic,5309.03
9644,Colleen Fuller,roger94@example.org,Guatemala,2021-02-22,Premium,30880.09
9645,Michael Preston,robert74@example.com,Ghana,2024-09-01,Standard,46953.48
9646,Riley Peters,martineztodd@example.org,Saint Barthelemy,2020-02-12,Standard,33192.87
9647,Darrell Harrell,fosterkenneth@example.net,Italy,2015-06-17,Standard,28250.25
9648,Anne Koch,nicholashernandez@example.org,Serbia,2021-05-03,Basic,15582.77
9649,Ashley Mack,scott77@example.com,Western Sahara,2019-03-22,Basic,30618.53
9650,Carlos Mcdonald,benjamin90@example.net,North Macedonia,2017-01-22,Standard,35265.58
9651,Julia Bailey,katelynsmith@example.org,Syrian Arab Republic,2025-05-07,Basic,60640.31
9652,Michael Chen,garciajeremy@example.net,Albania,2015-12-16,Standard,50338.48
9653,Rachel Molina,lindsaymendez@example.com,Botswana,2017-09-03,Premium,32975.91
9654,Heather Hunter,donglenn@example.org,Sao Tome and Principe,2021-03-18,Basic,9459.4
9655,Angela Williams DDS,haynesamy@example.com,Vanuatu,2022-05-30,Standard,13136.25
9656,Jason Watson,matthewwall@example.net,Faroe Islands,2025-11-04,Basic,30663.28
9657,Allison Ramsey,emma28@example.com,Algeria,2018-03-23,Basic,68742.43
9658,Kevin Aguirre,qrodgers@example.com,Saint Kitts and Nevis,2022-09-04,Standard,17579.16
9659,John Greene,gilbert49@example.net,Estonia,2023-11-01,Basic,18328.76
9660,Maria Riley,kzamora@example.org,Honduras,2025-06-02,Premium,46354.5
9661,Jerry Carroll,steelemark@example.net,Kyrgyz Republic,2015-04-03,Standard,21174.24
9662,Steven Bailey,brian63@example.com,French Southern Territories,2024-12-22,Basic,61126.05
9663,William Mcmahon,owallace@example.com,Cyprus,2025-08-17,Premium,63650.25
9664,Eric Hughes,deanna81@example.net,Wallis and Futuna,2017-11-25,Standard,73872.07
9665,Jennifer Randall,katherine33@example.com,Algeria,2015-01-10,Basic,51083.81
9666,Tanya Petty,kanedavid@example.com,Eritrea,2016-06-18,Standard,25948.29
9667,Tammy Dawson,vthomas@example.net,Marshall Islands,2024-11-13,Standard,32964.04
9668,Thomas Johnson,awade@example.com,Puerto Rico,2021-09-18,Standard,58444.97
9669,Laura Rojas,natalieschneider@example.net,Kyrgyz Republic,2018-11-08,Standard,10456.38
9670,Jennifer Rowland,teresaschmidt@example.com,Ireland,2015-07-18,Standard,53726.33
9671,Brooke Fox,sdavis@example.net,Kazakhstan,2025-07-18,Premium,28844.88
9672,Jennifer Medina,williamcooke@example.org,Angola,2024-04-14,Standard,39946.92
9673,Andrew Porter,antonio89@example.net,Djibouti,2020-05-15,Standard,21723.31
9674,Faith Ramsey,doylesarah@example.org,Bahrain,2016-03-12,Basic,25713.04
9675,Kim Bryant,logannelson@example.org,Colombia,2023-06-14,Premium,43504.63
9676,Thomas Bennett,lindagibson@example.com,Syrian Arab Republic,2015-02-10,Basic,39141.09
9677,Jean White,eenglish@example.net,Zambia,2025-10-19,Standard,27317.72
9678,Ronald Guerrero,dosborn@example.net,New Caledonia,2023-12-30,Standard,10952.15
9679,Scott Sanchez,nathan77@example.net,Turkey,2019-12-24,Premium,18756.7
9680,Justin Scott,boydfrederick@example.org,Malta,2025-11-19,Standard,74503.5
9681,Wesley Rice,ythomas@example.org,Honduras,2015-05-03,Premium,25143.35
9682,Jeffrey Moore,hruiz@example.org,Svalbard & Jan Mayen Islands,2025-09-01,Standard,64508.08
9683,Ashley Davies,zmason@example.net,Uzbekistan,2025-10-09,Standard,39870.04
9684,Christopher Ryan,markhudson@example.com,Tuvalu,2022-08-12,Standard,29917.33
9685,Christopher Phillips,keith15@example.com,Bangladesh,2021-08-14,Standard,17344.2
9686,Christopher Hudson,zmassey@example.net,Mongolia,2017-10-17,Basic,12866.59
9687,John Moody,martin51@example.com,Jersey,2015-05-21,Basic,68799.72
9688,Lisa Wagner,adamsvanessa@example.net,Uzbekistan,2025-11-12,Basic,7203.99
9689,Haley Moore,daniellucas@example.com,Poland,2019-07-02,Basic,24620.63
9690,Gabriel Dixon,xmiranda@example.com,Mayotte,2025-09-02,Basic,69207.15
9691,David Gordon,colemandaniel@example.org,Lithuania,2016-06-23,Standard,43357.56
9692,Jack Miller,vhanson@example.com,Papua New Guinea,2020-11-18,Standard,35530.16
9693,Michael Macias,wallkimberly@example.net,Haiti,2024-12-06,Basic,12171.1
9694,Beth Foley,austinholly@example.net,Honduras,2023-12-11,Standard,15422.96
9695,Robert Pena,joshuaruiz@example.net,Papua New Guinea,2016-10-07,Standard,19056.97
9696,Sabrina Williams,phillipsmichelle@example.net,Tanzania,2023-12-10,Basic,42661.95
9697,Anthony Stevenson,ajohnson@example.com,Western Sahara,2016-04-08,Standard,43326.72
9698,Michelle Stone,katelynhall@example.com,Malta,2019-05-26,Standard,50073.34
9699,Frank Patterson,zguzman@example.org,French Guiana,2015-02-04,Standard,8835.43
9700,Stephanie Scott,vjacobs@example.org,Mauritius,2021-01-28,Standard,57078.07
9701,Andrea Whitney,hsmith@example.com,Antarctica (the territory South of 60 deg S),2015-01-19,Standard,745.54
9702,Matthew Hoover,ramirezdaniel@example.org,United States Minor Outlying Islands,2015-06-19,Premium,6123.92
9703,Anthony Steele,trose@example.net,Belgium,2018-10-18,Standard,36703.2
9704,Jeremy Barnes,xporter@example.com,Turkey,2015-03-28,Standard,11467.21
9705,Edwin Jackson MD,patelnicole@example.org,Bahrain,2022-11-20,Premium,12151.01
9706,Brittany Case,hlopez@example.org,Nicaragua,2023-02-10,Standard,521.08
9707,Raven Wall,vandrade@example.net,New Caledonia,2019-02-10,Basic,27223.71
9708,Anthony Parker,edwardortiz@example.net,Tanzania,2018-02-02,Basic,5245.04
9709,Michael Bailey,matthew40@example.net,Lesotho,2022-05-21,Standard,46558.67
9710,Elaine Thomas,melanie22@example.org,Chad,2024-09-27,Basic,5344.27
9711,Darren Day,krista07@example.com,United Arab Emirates,2016-06-23,Basic,30582.86
9712,Michael Wright,edwinfisher@example.org,Uzbekistan,2023-04-18,Basic,24135.46
9713,Rachael Velasquez,ywilliams@example.com,Korea,2016-12-01,Premium,7551.22
9714,Karen Collins,bherman@example.org,Brazil,2020-01-07,Standard,51120.81
9715,Gabriel Elliott,erin84@example.com,Oman,2015-07-28,Standard,13018.06
9716,Martin Lucas,robertchandler@example.com,Philippines,2015-08-15,Standard,54167.97
9717,Juan Jackson,xnichols@example.org,Turkey,2018-10-31,Standard,68163.94
9718,Maureen Pugh,donna14@example.com,Tunisia,2025-07-12,Standard,40828.26
9719,Adam Craig,washingtonjake@example.org,Kuwait,2021-06-04,Basic,15324.32
9720,Tracy Garcia,alisonfisher@example.org,Denmark,2020-07-14,Basic,38199.72
9721,Seth Black,mark01@example.com,Antarctica (the territory South of 60 deg S),2021-03-24,Premium,18033.6
9722,Brandon Lynch,lynn42@example.com,Puerto Rico,2022-03-23,Standard,40234.43
9723,Paul Wiggins,shannonaustin@example.org,Antarctica (the territory South of 60 deg S),2015-12-27,Premium,3910.83
9724,Jasmine Hanson,denise44@example.org,Mexico,2025-12-19,Basic,25334.08
9725,Monique Perkins DDS,diamondstone@example.org,Oman,2019-07-02,Standard,17376.72
9726,Eric Cochran,alopez@example.net,Dominica,2022-06-11,Standard,20274.86
9727,Melissa Murillo,dianemorgan@example.net,United States Minor Outlying Islands,2016-02-13,Standard,37637.53
9728,Cheryl Best,john91@example.org,Christmas Island,2016-01-27,Standard,34657.68
9729,Courtney Gardner,oroberts@example.com,French Polynesia,2021-05-05,Standard,54246.92
9730,Manuel Washington,umorgan@example.com,Guyana,2024-07-01,Standard,45795.5
9731,Joshua Jackson,deborahnelson@example.net,British Indian Ocean Territory (Chagos Archipelago),2015-04-24,Basic,50280.88
9732,Raymond Good,rebecca74@example.org,Malta,2021-05-29,Standard,26442.22
9733,Jonathan Hernandez,scottcarpenter@example.net,Venezuela,2021-04-22,Premium,9157.07
9734,Joseph Williams,williamsmichael@example.net,Djibouti,2018-12-16,Standard,54355.74
9735,Jeffrey Li,jamessims@example.com,Samoa,2016-09-03,Premium,17206.64
9736,Deborah Gordon,jeffreybuchanan@example.net,Honduras,2015-01-16,Basic,33884.76
9737,Gary Zimmerman,patricia98@example.org,Botswana,2024-07-17,Basic,43257.35
9738,Deanna Watson,allison73@example.net,Turks and Caicos Islands,2018-10-26,Standard,35877.14
9739,Joshua Johnson,schwartzkevin@example.org,British Virgin Islands,2016-02-27,Standard,44605.89
9740,Edward Cabrera,zadkins@example.org,Palau,2022-01-31,Standard,72358.82
9741,Peter Smith,sanchezdonna@example.net,Lebanon,2024-02-03,Basic,68607.8
9742,Brent Reid,rwalker@example.net,Gambia,2017-05-14,Premium,32344.38
9743,Krista Humphrey,rogertodd@example.org,Saint Barthelemy,2015-12-08,Basic,48532.85
9744,Stephanie Lawson,jennifer55@example.net,Mayotte,2015-03-21,Standard,12574.31
9745,Jonathan Phillips,dsoto@example.net,Chad,2024-04-24,Basic,35131.75
9746,Julie Miller,clarkangela@example.org,Brazil,2024-08-20,Basic,22877.12
9747,Mr. Joshua Powell,blawson@example.net,Madagascar,2018-06-22,Premium,59430.8
9748,Denise King,nwillis@example.org,Benin,2024-02-03,Basic,22602.25
9749,Craig Anderson,russellgregory@example.net,Micronesia,2019-08-15,Standard,18057.23
9750,William Liu,jay85@example.com,Montserrat,2021-09-28,Standard,9988.88
9751,Robert Anderson,qpaul@example.net,Ecuador,2017-08-31,Premium,69444.29
9752,Pamela Taylor,sanfordmark@example.org,France,2022-04-29,Standard,13541.84
9753,Kevin Smith,hansenjason@example.net,Finland,2023-11-17,Standard,73260.69
9754,Craig Bass,nathanfranklin@example.net,Hungary,2017-08-23,Basic,54639.39
9755,Laura Cooper,ronaldruiz@example.org,Haiti,2022-12-11,Basic,48520.86
9756,Angie Pennington,nicolethompson@example.net,Madagascar,2024-11-21,Basic,36131.23
9757,Anthony Jones,rubencurtis@example.org,Netherlands,2022-02-15,Basic,22455.76
9758,Rachel Clark,brendawagner@example.com,Switzerland,2018-11-04,Standard,47317.43
9759,Veronica Byrd,mark22@example.com,Italy,2020-03-09,Basic,46792.03
9760,Mary Hanna,ahess@example.com,Albania,2025-12-05,Standard,12568.12
9761,Tanya Powell,deborah20@example.com,Argentina,2016-03-27,Basic,27302.26
9762,Brian Mays MD,jenniferodonnell@example.org,China,2022-12-22,Standard,30606.02
9763,Lauren Stewart,romerorussell@example.net,Tunisia,2020-10-24,Basic,16904.33
9764,Derrick Gonzalez,richdiana@example.com,United States Minor Outlying Islands,2024-05-12,Basic,48657.31
9765,Richard Nelson,randall74@example.com,Saint Barthelemy,2015-07-12,Standard,68705.27
9766,Alexander Hayes,carrolljesse@example.org,Guadeloupe,2025-05-29,Basic,17172.98
9767,Charles Flores,pottsmichael@example.org,Belgium,2018-04-30,Standard,1652.52
9768,Ricky Hardin,xvazquez@example.net,Ukraine,2024-09-09,Premium,35449.8
9769,Edward Stark,jason25@example.com,Palau,2015-05-06,Standard,4029.71
9770,Chris Mason,penajanice@example.com,Afghanistan,2015-02-08,Basic,42679.91
9771,John Yang,kim05@example.com,Nepal,2018-12-22,Standard,31566.53
9772,Rodney Fields,mcaldwell@example.org,Senegal,2016-06-06,Standard,35971.7
9773,Andrew Stone,ffoster@example.org,Austria,2019-04-14,Standard,12792.5
9774,Linda Huff,victoriamartin@example.net,Ukraine,2024-05-06,Standard,72683.16
9775,Jessica Mercer,john81@example.net,Switzerland,2021-08-29,Premium,27606.06
9776,Samantha Gomez,gharvey@example.net,Kenya,2019-08-17,Standard,2720.71
9777,Derek Ross,cynthiahawkins@example.com,Guatemala,2021-09-04,Basic,17511.93
9778,Gregory Johnson,patriciapowell@example.com,Dominica,2018-01-04,Basic,53907.97
9779,Robert Everett,amy08@example.org,China,2015-08-29,Basic,47307.3
9780,Patricia Anderson,bhorton@example.org,Armenia,2016-08-30,Basic,50988.05
9781,Bryan Diaz,oyoung@example.org,Saint Pierre and Miquelon,2022-12-21,Standard,8377.81
9782,Allison Knox,amy57@example.net,New Caledonia,2024-03-11,Premium,34643.58
9783,Cheryl Morrison,marthaholmes@example.org,El Salvador,2015-09-27,Standard,23477.75
9784,Robert Henry,zaguilar@example.com,Mexico,2018-09-06,Standard,72010.12
9785,Brandon Rivera,johnsonkevin@example.org,Uruguay,2015-02-22,Standard,72731.97
9786,Jessica Robles,valvarado@example.org,Falkland Islands (Malvinas),2020-11-06,Basic,47651.55
9787,Thomas Noble,leemelissa@example.com,Albania,2023-12-10,Standard,68900.87
9788,Cheryl Fields,gklein@example.com,Czech Republic,2021-11-06,Standard,73422.13
9789,Gregory Gaines,emartinez@example.com,Kenya,2020-01-11,Standard,55337.89
9790,Brian Reyes,brian16@example.org,Gibraltar,2021-06-14,Basic,12477.9
9791,Christina Scott,shawn72@example.net,United Kingdom,2023-11-26,Standard,18366.19
9792,Amanda Monroe,troyflores@example.com,Suriname,2018-08-16,Basic,48641.71
9793,James Nichols,melissasantiago@example.org,Botswana,2025-03-22,Standard,51408.29
9794,Timothy Molina,mcintyregary@example.org,Sao Tome and Principe,2023-12-10,Standard,59116.87
9795,Jennifer Hill,sgomez@example.com,Indonesia,2017-10-17,Basic,73724.62
9796,Mark Williams,lisathompson@example.net,Ukraine,2016-11-22,Basic,1735.96
9797,Mr. Thomas Orr MD,rpeters@example.org,British Indian Ocean Territory (Chagos Archipelago),2016-10-31,Standard,57743.81
9798,Jeffrey Sandoval,yphillips@example.net,Rwanda,2023-09-28,Basic,35006.75
9799,Gabrielle Pruitt,ashleyball@example.com,Kiribati,2015-06-24,Standard,24502.43
9800,Wanda Dawson,uyoder@example.net,Norway,2021-04-24,Basic,10957.9
9801,Eric Gomez,haroldgonzalez@example.org,Estonia,2025-11-22,Premium,3085.69
9802,Yvonne Zamora,farmermadeline@example.com,Estonia,2024-06-12,Standard,32566.22
9803,Michael Wagner,wardcarolyn@example.com,French Southern Territories,2024-06-05,Standard,5299.64
9804,Michael Hernandez,dacevedo@example.net,Colombia,2020-01-24,Standard,22757.68
9805,Brian Romero,chelseaadams@example.com,British Indian Ocean Territory (Chagos Archipelago),2023-04-09,Standard,18894.11
9806,Erica Smith,smithandrew@example.com,American Samoa,2022-05-21,Basic,24027.89
9807,Michelle Benitez,josephromero@example.org,Monaco,2018-03-09,Basic,53651.29
9808,Ronald Chen,johnsonbecky@example.com,Cuba,2019-06-29,Standard,18831.68
9809,Frank Grant,meghansnyder@example.org,Rwanda,2023-02-13,Standard,45002.15
9810,Megan Moore,michaelstrong@example.org,South Georgia and the South Sandwich Islands,2019-11-09,Basic,4822.1
9811,John Cummings,ymurphy@example.com,Denmark,2024-09-05,Standard,27435.44
9812,Kimberly Reyes,walkerdarren@example.net,Tunisia,2021-12-22,Standard,42925.1
9813,Louis Ortiz,ernestrichards@example.net,Comoros,2022-09-02,Standard,71707.85
9814,Jennifer Jones,scott78@example.org,Algeria,2018-02-09,Standard,44164.29
9815,Cory Fuller,fparker@example.com,Micronesia,2023-09-22,Standard,16097.87
9816,Kimberly Everett,hsingleton@example.org,Palestinian Territory,2023-11-15,Standard,64918.2
9817,Jody Stein,rosevega@example.org,Mayotte,2020-10-03,Basic,26170.28
9818,Mary Lambert,reesedavid@example.org,Greece,2018-10-01,Standard,52120.01
9819,Cynthia Walsh,shelbysmith@example.org,Reunion,2023-12-14,Standard,18796.97
9820,Brett Cortez,douglasharrison@example.com,Latvia,2017-06-25,Basic,7620.95
9821,Brandon Brown,watkinsmakayla@example.org,Trinidad and Tobago,2017-08-10,Standard,70085.47
9822,Ronald Russell,lopezroy@example.org,Moldova,2025-01-26,Standard,18829.27
9823,Robin Carey,dhartman@example.org,Holy See (Vatican City State),2017-01-10,Basic,15812.31
9824,Sonia Branch,kkennedy@example.com,Guernsey,2016-02-20,Basic,31876.77
9825,Jeffrey Allen,martinmary@example.com,Nicaragua,2023-07-03,Basic,11651.4
9826,Rebecca Taylor,ncortez@example.net,Samoa,2022-02-07,Standard,19198.98
9827,Krystal Russell,bthompson@example.net,Bangladesh,2023-01-05,Standard,28229.54
9828,Timothy Jones,amyclark@example.net,Uzbekistan,2017-09-17,Basic,12006.87
9829,Mary Cooper,wwashington@example.com,Aruba,2025-04-09,Standard,3600.47
9830,Carrie Benson,kirbyjoshua@example.net,Peru,2017-10-15,Premium,3852.78
9831,Connie Davis,josechambers@example.com,Fiji,2024-03-08,Basic,24667.35
9832,Vanessa Thompson,meltontiffany@example.net,Swaziland,2019-02-06,Premium,53225.46
9833,Jason Thomas,rshelton@example.org,Sri Lanka,2024-08-20,Basic,24488.9
9834,Alicia Nelson,rwalker@example.net,Venezuela,2025-09-20,Standard,60346.89
9835,Christopher Koch,blacklisa@example.net,Poland,2022-10-31,Basic,47645.23
9836,Alexander Garcia,fordjustin@example.net,South Africa,2025-01-15,Premium,11603.44
9837,Jennifer Martinez,aherrera@example.com,Ecuador,2018-05-10,Standard,51609.01
9838,Donald Sims,caleb52@example.org,Guinea-Bissau,2015-10-19,Basic,29646.95
9839,Pamela White,russovanessa@example.net,North Macedonia,2019-03-01,Premium,46643.57
9840,William Baldwin,grichardson@example.com,Bangladesh,2016-06-23,Basic,64224.86
9841,Johnathan Rasmussen,johncampbell@example.net,Jersey,2024-02-11,Standard,38424.21
9842,Jason Kim,cynthia50@example.org,Dominican Republic,2020-10-18,Premium,36601.98
9843,Derek Wagner,warnermary@example.com,Puerto Rico,2017-10-18,Premium,7062.2
9844,Robert Sullivan,weberphillip@example.org,Argentina,2024-12-07,Basic,55023.81
9845,Ruben Mcdowell,ricky39@example.net,Israel,2023-01-09,Standard,1843.78
9846,Stacy Anderson,briannamccarty@example.net,Eritrea,2018-06-24,Basic,54759.64
9847,Madison Holt DVM,deborahscott@example.org,Netherlands Antilles,2023-07-19,Standard,19231.15
9848,Kathleen Thompson,crobinson@example.com,British Indian Ocean Territory (Chagos Archipelago),2024-10-21,Basic,46331.16
9849,Taylor Wallace,dbrewer@example.com,British Indian Ocean Territory (Chagos Archipelago),2020-07-29,Standard,25155.32
9850,Sarah Kane,zunigadanielle@example.net,Lao People's Democratic Republic,2020-07-25,Basic,23725.91
9851,Andrea Gilmore,josephmiller@example.com,Timor-Leste,2019-05-26,Basic,67086.7
9852,Janet Duran,josephmaddox@example.com,Bulgaria,2025-10-02,Standard,17488.4
9853,Mark Ramos,gregory71@example.com,Venezuela,2025-12-30,Standard,48807.24
9854,Cheryl Anthony,jcain@example.com,Sweden,2024-06-02,Standard,18640.84
9855,Phillip Baker,robertrandolph@example.net,Tuvalu,2019-08-09,Basic,9244.26
9856,James Holden,peggy90@example.net,Malaysia,2022-07-12,Premium,63942.54
9857,Karen Booker,browneric@example.org,Uzbekistan,2019-02-02,Standard,40349.39
9858,Tanya Grant,wwilliams@example.com,United States Minor Outlying Islands,2017-08-30,Basic,53779.89
9859,Dennis Jones,haleygeorge@example.org,Barbados,2023-09-27,Standard,942.05
9860,Chad Jenkins,eduardorose@example.net,Venezuela,2015-10-27,Premium,32827.43
9861,Aaron Cantu,amcintosh@example.org,Dominican Republic,2015-08-13,Standard,21864.84
9862,Craig Compton,wintersalexander@example.org,Chile,2019-04-28,Standard,42287.68
9863,Erica Wilson,alan62@example.org,Faroe Islands,2022-04-25,Standard,27047.83
9864,Tyler Newton,zwilliams@example.com,South Georgia and the South Sandwich Islands,2024-11-02,Standard,33543.1
9865,Melinda Gordon,johnvazquez@example.net,Anguilla,2017-06-02,Premium,14441.1
9866,Traci Vargas,stevenwillis@example.net,Mozambique,2025-03-28,Standard,31828.75
9867,Richard Adams,brandon82@example.org,Taiwan,2023-08-02,Basic,3391.96
9868,Carolyn Maynard,ngriffith@example.org,Kuwait,2015-11-19,Standard,8420.5
9869,Samantha Montgomery,michellekemp@example.org,Morocco,2019-09-07,Basic,57455.46
9870,Melissa Burns,jeremiah40@example.org,San Marino,2023-03-21,Basic,63756.04
9871,Joshua Molina,sloanmercedes@example.net,Guatemala,2024-04-27,Standard,11372.76
9872,Craig Wong,vclarke@example.net,Denmark,2016-02-07,Standard,37687.54
9873,William Stone,teresafranklin@example.com,Norfolk Island,2018-02-25,Standard,15732.52
9874,Valerie Randall,matthew34@example.net,Moldova,2022-05-12,Basic,67213.38
9875,Denise Robinson,jesusjames@example.org,Israel,2021-03-22,Premium,70385.73
9876,Jacob Walker,harpersteven@example.net,San Marino,2020-09-12,Standard,30720.48
9877,Michael Green,mason04@example.com,Slovakia (Slovak Republic),2018-12-14,Standard,40290.34
9878,Charles Braun,garrett73@example.net,Oman,2018-12-17,Premium,61343.19
9879,Lisa Smith,utate@example.org,Egypt,2015-07-07,Basic,69839.54
9880,Michael Carrillo,yperez@example.net,Suriname,2022-05-30,Basic,47171.36
9881,Donna Williams,lisasmith@example.org,Turkey,2019-06-28,Standard,25221.84
9882,Jessica Bryant,grichards@example.org,Lesotho,2016-10-18,Basic,40338.64
9883,Sheila Anthony,kjohnson@example.com,Comoros,2015-05-21,Standard,13413.27
9884,Patricia Mayo,tonyabrown@example.org,Paraguay,2023-01-05,Premium,71206.17
9885,Kevin Skinner,brownbrandon@example.net,Zambia,2023-02-13,Standard,61853.12
9886,Justin Jackson,gonzalezsusan@example.net,Liberia,2022-07-20,Standard,41659.69
9887,Felicia Macdonald,owensbeverly@example.org,Jamaica,2020-01-07,Standard,64893.94
9888,William Lindsey,sthompson@example.org,Nepal,2017-05-13,Standard,14688.37
9889,Michael Richardson,williamwilliams@example.com,Zambia,2020-03-24,Standard,21383.16
9890,Emily Turner,samanthagarner@example.org,Guyana,2022-12-26,Standard,54604.59
9891,Christina Taylor,terrancehorton@example.net,United States Virgin Islands,2017-06-28,Basic,71967.19
9892,Mr. Richard Sullivan,josephhernandez@example.com,Uzbekistan,2019-12-22,Premium,30175.59
9893,Jennifer Collins,caroldixon@example.org,Colombia,2021-09-17,Basic,39152.06
9894,Sara Johnson,reesejeffrey@example.org,Zimbabwe,2019-03-01,Standard,74151.26
9895,Austin Davidson,vacosta@example.com,Kuwait,2025-12-15,Premium,19333.92
9896,Dawn Sanchez,joshuarush@example.net,Cuba,2019-08-14,Standard,41259.7
9897,Amanda Thornton,watsonmary@example.org,Cyprus,2019-05-07,Standard,6187.45
9898,Kathryn Jones,bernardkatherine@example.org,Sao Tome and Principe,2025-08-01,Standard,42431.32
9899,Robert Mckay,coxdominique@example.com,Saint Martin,2023-02-10,Standard,39632.43
9900,Latoya Humphrey,nguyensteven@example.net,Saint Barthelemy,2024-09-26,Standard,28099.92
9901,Laura Higgins,madison28@example.net,Liberia,2025-01-06,Standard,57273.9
9902,Eric Conley,colemanjennifer@example.org,Iceland,2018-12-22,Premium,32017.75
9903,Michael Wyatt,jorgechen@example.net,British Indian Ocean Territory (Chagos Archipelago),2021-10-24,Standard,26494.3
9904,Julie Compton,jacquelineberry@example.net,Denmark,2017-04-28,Basic,61621.75
9905,Isaac Torres,rogersluis@example.net,Hungary,2023-06-02,Basic,18858.55
9906,Charles Spencer,wsmith@example.com,Singapore,2022-01-07,Premium,3898.89
9907,Shannon Wiggins,rubenroberson@example.org,Taiwan,2025-06-14,Standard,15910.8
9908,Timothy Rowe,michelle60@example.net,Liechtenstein,2016-07-05,Premium,54052.0
9909,Lindsay Massey,kcohen@example.net,Isle of Man,2018-11-18,Standard,62658.36
9910,Mr. David Wilcox DDS,lori25@example.net,Malaysia,2017-05-26,Standard,56942.03
9911,Kenneth Ross,michaelgomez@example.net,Gibraltar,2020-05-07,Standard,35361.98
9912,Alyssa Wright,muellerjeffrey@example.net,Grenada,2022-08-05,Standard,18336.08
9913,Amy Chandler,lewismelanie@example.org,Gabon,2022-09-17,Standard,28544.98
9914,Felicia Webb,charles43@example.org,New Caledonia,2023-10-12,Standard,8342.84
9915,Tara Mccoy,christianmatthews@example.com,Singapore,2019-03-01,Standard,31322.34
9916,Danielle Evans,pwhite@example.com,Gabon,2016-09-21,Standard,36166.37
9917,Thomas Barrett,hsmith@example.net,Poland,2017-12-11,Premium,7986.36
9918,Tammy Baker,ghurst@example.org,Jamaica,2019-03-16,Standard,10602.55
9919,Brian Smith,elizabeth25@example.com,Northern Mariana Islands,2018-08-08,Basic,21932.91
9920,Teresa Powell,bob85@example.com,Bouvet Island (Bouvetoya),2018-11-02,Premium,4570.81
9921,Scott Potter,huffmanjames@example.com,Poland,2020-09-08,Standard,74443.29
9922,Edward Davis,steven70@example.org,Niue,2022-06-20,Basic,54064.11
9923,Daniel Rodriguez,danielle71@example.org,Bahamas,2024-06-14,Standard,68900.6
9924,Robert Baird,hamiltonedwin@example.net,San Marino,2019-07-03,Standard,63536.03
9925,Joseph Brown,brandy56@example.net,Bahamas,2020-09-19,Standard,17958.39
9926,Mark Morgan,debra99@example.org,Greenland,2016-02-03,Standard,23411.76
9927,Stephen White,elizabeth90@example.org,Honduras,2023-12-14,Standard,1235.92
9928,Ashley Gonzalez,xscott@example.org,Serbia,2020-11-25,Basic,21336.86
9929,Christopher Smith,combsadam@example.com,Peru,2015-04-23,Standard,50425.97
9930,Matthew Camacho,roseerik@example.com,Afghanistan,2017-07-04,Premium,6190.22
9931,Lisa Hunt,carlroberts@example.com,Congo,2021-12-08,Standard,46227.83
9932,Jennifer Russell,rhonda44@example.org,Palestinian Territory,2020-07-07,Basic,73947.21
9933,Brittany Brennan,webbbrett@example.org,Trinidad and Tobago,2016-03-11,Standard,53611.75
9934,Brian Daniels,david60@example.org,Canada,2025-10-14,Standard,42718.38
9935,Paul Vance,mooremonique@example.com,Georgia,2018-01-16,Standard,23728.37
9936,Lee Graves,kimberlywolfe@example.org,Bouvet Island (Bouvetoya),2020-09-28,Standard,29214.57
9937,Andrew Garza,mcculloughchristopher@example.net,Eritrea,2019-01-11,Standard,52065.73
9938,Stephanie Park,randylyons@example.com,Israel,2019-03-27,Premium,45521.25
9939,William White Jr.,hayesfrank@example.net,Colombia,2020-01-27,Standard,25427.58
9940,Steven Haney,maria40@example.net,Congo,2015-08-17,Basic,47479.77
9941,Steven Moran,rberry@example.net,Azerbaijan,2015-06-03,Premium,9772.76
9942,James Ortiz,mmcdaniel@example.org,Saint Lucia,2018-03-21,Premium,67273.81
9943,Mark Johnson,vflores@example.com,Sri Lanka,2020-04-01,Premium,28822.56
9944,Joann Dyer,josephhawkins@example.org,Congo,2025-09-10,Standard,63638.51
9945,Sarah Nelson,bensonthomas@example.com,China,2022-05-24,Premium,27117.07
9946,Dr. Adam Miller,carriekelly@example.org,French Guiana,2015-06-28,Standard,42398.69
9947,Ashley Coleman,schneiderchristopher@example.org,Marshall Islands,2020-10-16,Basic,7896.1
9948,Fernando Richard,mmay@example.com,Sweden,2024-08-31,Basic,12658.63
9949,David Taylor,agarner@example.org,Heard Island and McDonald Islands,2018-10-11,Standard,68139.13
9950,Corey Woods,qfoster@example.net,Albania,2015-06-27,Premium,30340.38
9951,Hunter Smith,donna31@example.org,Cuba,2024-07-12,Basic,60127.6
9952,Emily Larson,brianhayes@example.net,Wallis and Futuna,2020-06-21,Standard,43538.83
9953,Sara Barker,obrienstephanie@example.net,Iraq,2018-02-02,Standard,22219.99
9954,Wendy Harrison,orozcocarlos@example.org,Cameroon,2021-07-18,Standard,46162.3
9955,Marco Gomez,kirkrobert@example.net,Saudi Arabia,2019-09-02,Standard,60024.39
9956,Charles Wood,weissbenjamin@example.net,Guadeloupe,2019-05-21,Premium,10755.0
9957,Stacy Garcia,anitagomez@example.org,Cuba,2024-02-02,Standard,62227.3
9958,Dr. Katie Santos,jonesvictoria@example.org,Svalbard & Jan Mayen Islands,2018-05-25,Basic,64368.86
9959,Sabrina Phillips,jennifer21@example.com,Christmas Island,2016-10-17,Standard,1357.28
9960,Patrick Cardenas,shawncastro@example.net,Moldova,2021-03-24,Basic,19649.24
9961,Francisco Floyd,gavinsimmons@example.com,Tokelau,2024-05-18,Premium,40367.66
9962,Sheena Gill,castilloeric@example.com,Tonga,2017-09-27,Standard,54382.97
9963,Kristopher Walsh,claudia53@example.org,Estonia,2015-11-11,Basic,17794.23
9964,Daniel Monroe,devans@example.com,Egypt,2025-07-29,Standard,3356.04
9965,Rebecca Anthony,christine07@example.org,Turkey,2016-03-26,Premium,62709.14
9966,Jeremy Mitchell,psuarez@example.net,Yemen,2016-09-16,Basic,2609.57
9967,Mr. Brian Johnson,wintersbeverly@example.net,Cote d'Ivoire,2021-08-02,Standard,28703.47
9968,Kelly Schwartz DVM,barbara46@example.net,Ecuador,2023-11-02,Basic,69026.48
9969,Jamie Cortez,ehall@example.net,Mexico,2022-07-05,Premium,57226.95
9970,Amanda Wilson,beasleyjimmy@example.org,Seychelles,2015-12-16,Standard,728.48
9971,Kevin Mejia,david19@example.com,Puerto Rico,2023-10-11,Premium,34201.46
9972,Steven Fox,hayesnicole@example.com,Saudi Arabia,2021-05-14,Basic,65533.48
9973,Emily Diaz,washingtonjessica@example.com,Venezuela,2016-02-22,Basic,9529.5
9974,Kathy Simmons,phillipstracy@example.net,United States Minor Outlying Islands,2021-11-26,Basic,60366.75
9975,Priscilla Brown,annneal@example.com,Morocco,2025-08-19,Premium,23820.8
9976,Joshua Randolph,wrightjacob@example.org,Libyan Arab Jamahiriya,2021-09-20,Standard,49418.87
9977,Gabriel Bridges,ybennett@example.org,Suriname,2020-06-14,Premium,22957.09
9978,Michael Riley,mcaldwell@example.net,Mozambique,2023-09-18,Standard,41527.81
9979,Kyle Warren,elizabethdennis@example.org,Namibia,2015-07-05,Standard,4988.44
9980,Nancy Hoover,chenanthony@example.net,French Guiana,2016-01-17,Standard,6117.27
9981,Alexis Anderson,mitchellsamantha@example.org,Svalbard & Jan Mayen Islands,2016-02-29,Standard,5464.6
9982,Thomas Adkins,danny99@example.net,Equatorial Guinea,2024-08-02,Premium,64375.43
9983,James Stephenson,brady98@example.org,Jersey,2015-02-09,Standard,7991.76
9984,Susan Mckenzie,jasonjames@example.org,Andorra,2015-12-18,Basic,25800.0
9985,Michael Fernandez,thomas91@example.com,Heard Island and McDonald Islands,2018-07-13,Standard,17551.33
9986,Matthew Garcia,rickythomas@example.net,Antarctica (the territory South of 60 deg S),2021-08-02,Standard,33508.84
9987,Pamela Ford,esmith@example.com,Benin,2020-01-19,Standard,23401.4
9988,Carl Williams,charles68@example.net,Burkina Faso,2015-01-06,Premium,27246.6
9989,Mariah Brown,rmoore@example.net,Montenegro,2015-07-15,Standard,20798.06
9990,Laura Duncan,michele01@example.net,Maldives,2020-01-31,Basic,67729.44
1,Jeffrey Daniels (dup),dup_cheryl80@example.net,Svalbard & Jan Mayen Islands,2022-01-08,Basic,68390.43
2,Tara Garcia (dup),dup_josephpreston@example.net,Micronesia,2015-07-12,Standard,41799.84
3,Douglas Clark (dup),dup_james48@example.com,El Salvador,2022-07-12,Basic,70633.58
4,Sarah Davis (dup),dup_ccalderon@example.org,Grenada,2022-10-23,Standard,39453.61
5,Mandy Green (dup),dup_barnold@example.net,Algeria,2019-03-22,Standard,11404.02
6,Tony Vazquez (dup),dup_amydavenport@example.net,Micronesia,2017-09-14,Standard,40460.14
7,Cameron Parker (dup),dup_nolanjason@example.org,Papua New Guinea,2022-12-08,Basic,22730.05
8,Richard Henson (dup),dup_vdickson@example.org,Uzbekistan,2015-08-25,Premium,34861.13
9,Sharon Cherry (dup),dup_nicolejohnson@example.net,Uzbekistan,2021-04-01,Standard,72592.02
10,Timothy Pham (dup),dup_josephcobb@example.org,Hong Kong,2017-11-10,Standard,29284.32
